"Step","cifar10-mlp-sp-default-sgd-h4096-lr0.5 - loss","cifar10-mlp-sp-default-sgd-h4096-lr0.5 - loss__MIN","cifar10-mlp-sp-default-sgd-h4096-lr0.5 - loss__MAX","cifar10-mlp-sp-default-sgd-h4096-lr0.25 - loss","cifar10-mlp-sp-default-sgd-h4096-lr0.25 - loss__MIN","cifar10-mlp-sp-default-sgd-h4096-lr0.25 - loss__MAX","cifar10-mlp-sp-default-sgd-h4096-lr0.125 - loss","cifar10-mlp-sp-default-sgd-h4096-lr0.125 - loss__MIN","cifar10-mlp-sp-default-sgd-h4096-lr0.125 - loss__MAX","cifar10-mlp-sp-default-sgd-h4096-lr0.0625 - loss","cifar10-mlp-sp-default-sgd-h4096-lr0.0625 - loss__MIN","cifar10-mlp-sp-default-sgd-h4096-lr0.0625 - loss__MAX","cifar10-mlp-sp-default-sgd-h4096-lr0.0312 - loss","cifar10-mlp-sp-default-sgd-h4096-lr0.0312 - loss__MIN","cifar10-mlp-sp-default-sgd-h4096-lr0.0312 - loss__MAX","cifar10-mlp-sp-default-sgd-h4096-lr0.0156 - loss","cifar10-mlp-sp-default-sgd-h4096-lr0.0156 - loss__MIN","cifar10-mlp-sp-default-sgd-h4096-lr0.0156 - loss__MAX","cifar10-mlp-sp-default-sgd-h4096-lr0.00781 - loss","cifar10-mlp-sp-default-sgd-h4096-lr0.00781 - loss__MIN","cifar10-mlp-sp-default-sgd-h4096-lr0.00781 - loss__MAX","cifar10-mlp-sp-default-sgd-h4096-lr0.0039 - loss","cifar10-mlp-sp-default-sgd-h4096-lr0.0039 - loss__MIN","cifar10-mlp-sp-default-sgd-h4096-lr0.0039 - loss__MAX","cifar10-mlp-sp-default-sgd-h4096-lr0.00195 - loss","cifar10-mlp-sp-default-sgd-h4096-lr0.00195 - loss__MIN","cifar10-mlp-sp-default-sgd-h4096-lr0.00195 - loss__MAX","cifar10-mlp-sp-default-sgd-h4096-lr0.000976 - loss","cifar10-mlp-sp-default-sgd-h4096-lr0.000976 - loss__MIN","cifar10-mlp-sp-default-sgd-h4096-lr0.000976 - loss__MAX","cifar10-mlp-sp-default-sgd-h4096-lr0.000488 - loss","cifar10-mlp-sp-default-sgd-h4096-lr0.000488 - loss__MIN","cifar10-mlp-sp-default-sgd-h4096-lr0.000488 - loss__MAX","cifar10-mlp-sp-default-sgd-h2048-lr0.5 - loss","cifar10-mlp-sp-default-sgd-h2048-lr0.5 - loss__MIN","cifar10-mlp-sp-default-sgd-h2048-lr0.5 - loss__MAX","cifar10-mlp-sp-default-sgd-h2048-lr0.25 - loss","cifar10-mlp-sp-default-sgd-h2048-lr0.25 - loss__MIN","cifar10-mlp-sp-default-sgd-h2048-lr0.25 - loss__MAX","cifar10-mlp-sp-default-sgd-h2048-lr0.125 - loss","cifar10-mlp-sp-default-sgd-h2048-lr0.125 - loss__MIN","cifar10-mlp-sp-default-sgd-h2048-lr0.125 - loss__MAX","cifar10-mlp-sp-default-sgd-h2048-lr0.0625 - loss","cifar10-mlp-sp-default-sgd-h2048-lr0.0625 - loss__MIN","cifar10-mlp-sp-default-sgd-h2048-lr0.0625 - loss__MAX","cifar10-mlp-sp-default-sgd-h2048-lr0.0312 - loss","cifar10-mlp-sp-default-sgd-h2048-lr0.0312 - loss__MIN","cifar10-mlp-sp-default-sgd-h2048-lr0.0312 - loss__MAX","cifar10-mlp-sp-default-sgd-h2048-lr0.0156 - loss","cifar10-mlp-sp-default-sgd-h2048-lr0.0156 - loss__MIN","cifar10-mlp-sp-default-sgd-h2048-lr0.0156 - loss__MAX","cifar10-mlp-sp-default-sgd-h2048-lr0.00781 - loss","cifar10-mlp-sp-default-sgd-h2048-lr0.00781 - loss__MIN","cifar10-mlp-sp-default-sgd-h2048-lr0.00781 - loss__MAX","cifar10-mlp-sp-default-sgd-h2048-lr0.0039 - loss","cifar10-mlp-sp-default-sgd-h2048-lr0.0039 - loss__MIN","cifar10-mlp-sp-default-sgd-h2048-lr0.0039 - loss__MAX","cifar10-mlp-sp-default-sgd-h2048-lr0.00195 - loss","cifar10-mlp-sp-default-sgd-h2048-lr0.00195 - loss__MIN","cifar10-mlp-sp-default-sgd-h2048-lr0.00195 - loss__MAX","cifar10-mlp-sp-default-sgd-h2048-lr0.000976 - loss","cifar10-mlp-sp-default-sgd-h2048-lr0.000976 - loss__MIN","cifar10-mlp-sp-default-sgd-h2048-lr0.000976 - loss__MAX","cifar10-mlp-sp-default-sgd-h2048-lr0.000488 - loss","cifar10-mlp-sp-default-sgd-h2048-lr0.000488 - loss__MIN","cifar10-mlp-sp-default-sgd-h2048-lr0.000488 - loss__MAX","cifar10-mlp-sp-default-sgd-h512-lr0.5 - loss","cifar10-mlp-sp-default-sgd-h512-lr0.5 - loss__MIN","cifar10-mlp-sp-default-sgd-h512-lr0.5 - loss__MAX","cifar10-mlp-sp-default-sgd-h512-lr0.25 - loss","cifar10-mlp-sp-default-sgd-h512-lr0.25 - loss__MIN","cifar10-mlp-sp-default-sgd-h512-lr0.25 - loss__MAX","cifar10-mlp-sp-default-sgd-h512-lr0.125 - loss","cifar10-mlp-sp-default-sgd-h512-lr0.125 - loss__MIN","cifar10-mlp-sp-default-sgd-h512-lr0.125 - loss__MAX","cifar10-mlp-sp-default-sgd-h512-lr0.0625 - loss","cifar10-mlp-sp-default-sgd-h512-lr0.0625 - loss__MIN","cifar10-mlp-sp-default-sgd-h512-lr0.0625 - loss__MAX","cifar10-mlp-sp-default-sgd-h512-lr0.0312 - loss","cifar10-mlp-sp-default-sgd-h512-lr0.0312 - loss__MIN","cifar10-mlp-sp-default-sgd-h512-lr0.0312 - loss__MAX","cifar10-mlp-sp-default-sgd-h512-lr0.0156 - loss","cifar10-mlp-sp-default-sgd-h512-lr0.0156 - loss__MIN","cifar10-mlp-sp-default-sgd-h512-lr0.0156 - loss__MAX","cifar10-mlp-sp-default-sgd-h512-lr0.00781 - loss","cifar10-mlp-sp-default-sgd-h512-lr0.00781 - loss__MIN","cifar10-mlp-sp-default-sgd-h512-lr0.00781 - loss__MAX","cifar10-mlp-sp-default-sgd-h512-lr0.0039 - loss","cifar10-mlp-sp-default-sgd-h512-lr0.0039 - loss__MIN","cifar10-mlp-sp-default-sgd-h512-lr0.0039 - loss__MAX","cifar10-mlp-sp-default-sgd-h512-lr0.00195 - loss","cifar10-mlp-sp-default-sgd-h512-lr0.00195 - loss__MIN","cifar10-mlp-sp-default-sgd-h512-lr0.00195 - loss__MAX","cifar10-mlp-sp-default-sgd-h512-lr0.000976 - loss","cifar10-mlp-sp-default-sgd-h512-lr0.000976 - loss__MIN","cifar10-mlp-sp-default-sgd-h512-lr0.000976 - loss__MAX","cifar10-mlp-sp-default-sgd-h512-lr0.000488 - loss","cifar10-mlp-sp-default-sgd-h512-lr0.000488 - loss__MIN","cifar10-mlp-sp-default-sgd-h512-lr0.000488 - loss__MAX","cifar10-mlp-sp-default-sgd-h256-lr0.5 - loss","cifar10-mlp-sp-default-sgd-h256-lr0.5 - loss__MIN","cifar10-mlp-sp-default-sgd-h256-lr0.5 - loss__MAX","cifar10-mlp-sp-default-sgd-h256-lr0.25 - loss","cifar10-mlp-sp-default-sgd-h256-lr0.25 - loss__MIN","cifar10-mlp-sp-default-sgd-h256-lr0.25 - loss__MAX","cifar10-mlp-sp-default-sgd-h256-lr0.125 - loss","cifar10-mlp-sp-default-sgd-h256-lr0.125 - loss__MIN","cifar10-mlp-sp-default-sgd-h256-lr0.125 - loss__MAX","cifar10-mlp-sp-default-sgd-h256-lr0.0625 - loss","cifar10-mlp-sp-default-sgd-h256-lr0.0625 - loss__MIN","cifar10-mlp-sp-default-sgd-h256-lr0.0625 - loss__MAX","cifar10-mlp-sp-default-sgd-h256-lr0.0312 - loss","cifar10-mlp-sp-default-sgd-h256-lr0.0312 - loss__MIN","cifar10-mlp-sp-default-sgd-h256-lr0.0312 - loss__MAX","cifar10-mlp-sp-default-sgd-h256-lr0.0156 - loss","cifar10-mlp-sp-default-sgd-h256-lr0.0156 - loss__MIN","cifar10-mlp-sp-default-sgd-h256-lr0.0156 - loss__MAX","cifar10-mlp-sp-default-sgd-h256-lr0.00781 - loss","cifar10-mlp-sp-default-sgd-h256-lr0.00781 - loss__MIN","cifar10-mlp-sp-default-sgd-h256-lr0.00781 - loss__MAX","cifar10-mlp-sp-default-sgd-h256-lr0.0039 - loss","cifar10-mlp-sp-default-sgd-h256-lr0.0039 - loss__MIN","cifar10-mlp-sp-default-sgd-h256-lr0.0039 - loss__MAX","cifar10-mlp-sp-default-sgd-h256-lr0.00195 - loss","cifar10-mlp-sp-default-sgd-h256-lr0.00195 - loss__MIN","cifar10-mlp-sp-default-sgd-h256-lr0.00195 - loss__MAX","cifar10-mlp-sp-default-sgd-h256-lr0.000976 - loss","cifar10-mlp-sp-default-sgd-h256-lr0.000976 - loss__MIN","cifar10-mlp-sp-default-sgd-h256-lr0.000976 - loss__MAX","cifar10-mlp-sp-default-sgd-h256-lr0.000488 - loss","cifar10-mlp-sp-default-sgd-h256-lr0.000488 - loss__MIN","cifar10-mlp-sp-default-sgd-h256-lr0.000488 - loss__MAX"
"0","2.343930721282959","2.343930721282959","2.343930721282959","2.3386447429656982","2.3386447429656982","2.3386447429656982","2.3366527557373047","2.3366527557373047","2.3366527557373047","2.313239097595215","2.313239097595215","2.313239097595215","2.3411574363708496","2.3411574363708496","2.3411574363708496","2.253469467163086","2.253469467163086","2.253469467163086","2.301347255706787","2.301347255706787","2.301347255706787","2.3201801776885986","2.3201801776885986","2.3201801776885986","2.3305435180664062","2.3305435180664062","2.3305435180664062","2.319654941558838","2.319654941558838","2.319654941558838","2.3247411251068115","2.3247411251068115","2.3247411251068115","2.3455770015716553","2.3455770015716553","2.3455770015716553","2.321308135986328","2.321308135986328","2.321308135986328","2.334810733795166","2.334810733795166","2.334810733795166","2.296844482421875","2.296844482421875","2.296844482421875","2.2747442722320557","2.2747442722320557","2.2747442722320557","2.303992748260498","2.303992748260498","2.303992748260498","2.3361599445343018","2.3361599445343018","2.3361599445343018","2.3389172554016113","2.3389172554016113","2.3389172554016113","2.340871572494507","2.340871572494507","2.340871572494507","2.3020853996276855","2.3020853996276855","2.3020853996276855","2.2794477939605713","2.2794477939605713","2.2794477939605713","2.349879026412964","2.349879026412964","2.349879026412964","2.359194278717041","2.359194278717041","2.359194278717041","2.3352556228637695","2.3352556228637695","2.3352556228637695","2.262802839279175","2.262802839279175","2.262802839279175","2.3445096015930176","2.3445096015930176","2.3445096015930176","2.328932762145996","2.328932762145996","2.328932762145996","2.325852394104004","2.325852394104004","2.325852394104004","2.3056468963623047","2.3056468963623047","2.3056468963623047","2.3288679122924805","2.3288679122924805","2.3288679122924805","2.3192806243896484","2.3192806243896484","2.3192806243896484","2.3890063762664795","2.3890063762664795","2.3890063762664795","2.299607753753662","2.299607753753662","2.299607753753662","2.323294162750244","2.323294162750244","2.323294162750244","2.2908570766448975","2.2908570766448975","2.2908570766448975","2.3108925819396973","2.3108925819396973","2.3108925819396973","2.302651882171631","2.302651882171631","2.302651882171631","2.3313488960266113","2.3313488960266113","2.3313488960266113","2.356302261352539","2.356302261352539","2.356302261352539","2.3135745525360107","2.3135745525360107","2.3135745525360107","2.3106322288513184","2.3106322288513184","2.3106322288513184","2.3535876274108887","2.3535876274108887","2.3535876274108887","2.3164215087890625","2.3164215087890625","2.3164215087890625"
"1","NaN","","","2.687589645385742","2.687589645385742","2.687589645385742","1.9096782207489014","1.9096782207489014","1.9096782207489014","1.8213777542114258","1.8213777542114258","1.8213777542114258","1.815276861190796","1.815276861190796","1.815276861190796","1.6260014772415161","1.6260014772415161","1.6260014772415161","1.7497974634170532","1.7497974634170532","1.7497974634170532","1.6948151588439941","1.6948151588439941","1.6948151588439941","1.9586944580078125","1.9586944580078125","1.9586944580078125","1.9149689674377441","1.9149689674377441","1.9149689674377441","2.0413031578063965","2.0413031578063965","2.0413031578063965","NaN","","","2.400376319885254","2.400376319885254","2.400376319885254","1.871924638748169","1.871924638748169","1.871924638748169","1.5971897840499878","1.5971897840499878","1.5971897840499878","1.5662459135055542","1.5662459135055542","1.5662459135055542","1.5796608924865723","1.5796608924865723","1.5796608924865723","1.8459982872009277","1.8459982872009277","1.8459982872009277","1.6259890794754028","1.6259890794754028","1.6259890794754028","1.751621127128601","1.751621127128601","1.751621127128601","1.9043315649032593","1.9043315649032593","1.9043315649032593","2.025592803955078","2.025592803955078","2.025592803955078","2.3025851249694824","2.3025851249694824","2.3025851249694824","2.294020175933838","2.294020175933838","2.294020175933838","2.4041507244110107","2.4041507244110107","2.4041507244110107","1.7218120098114014","1.7218120098114014","1.7218120098114014","1.9754023551940918","1.9754023551940918","1.9754023551940918","1.791583776473999","1.791583776473999","1.791583776473999","1.8281660079956055","1.8281660079956055","1.8281660079956055","1.838779091835022","1.838779091835022","1.838779091835022","1.9151701927185059","1.9151701927185059","1.9151701927185059","2.0742502212524414","2.0742502212524414","2.0742502212524414","2.148143768310547","2.148143768310547","2.148143768310547","2.3025851249694824","2.3025851249694824","2.3025851249694824","2.283860921859741","2.283860921859741","2.283860921859741","1.9186947345733643","1.9186947345733643","1.9186947345733643","2.0316672325134277","2.0316672325134277","2.0316672325134277","1.6255812644958496","1.6255812644958496","1.6255812644958496","1.5593143701553345","1.5593143701553345","1.5593143701553345","1.7091246843338013","1.7091246843338013","1.7091246843338013","1.813429594039917","1.813429594039917","1.813429594039917","2.042139768600464","2.042139768600464","2.042139768600464","2.077237129211426","2.077237129211426","2.077237129211426","2.1301565170288086","2.1301565170288086","2.1301565170288086"
"2","NaN","","","2.5492422580718994","2.5492422580718994","2.5492422580718994","1.950150728225708","1.950150728225708","1.950150728225708","1.6459647417068481","1.6459647417068481","1.6459647417068481","1.7131798267364502","1.7131798267364502","1.7131798267364502","1.7163476943969727","1.7163476943969727","1.7163476943969727","1.5974962711334229","1.5974962711334229","1.5974962711334229","1.6381019353866577","1.6381019353866577","1.6381019353866577","1.7410764694213867","1.7410764694213867","1.7410764694213867","1.7620973587036133","1.7620973587036133","1.7620973587036133","1.8653900623321533","1.8653900623321533","1.8653900623321533","NaN","","","2.2030084133148193","2.2030084133148193","2.2030084133148193","1.9458783864974976","1.9458783864974976","1.9458783864974976","1.5827109813690186","1.5827109813690186","1.5827109813690186","1.3550759553909302","1.3550759553909302","1.3550759553909302","1.4207375049591064","1.4207375049591064","1.4207375049591064","1.5134878158569336","1.5134878158569336","1.5134878158569336","2.009202480316162","2.009202480316162","2.009202480316162","1.7684403657913208","1.7684403657913208","1.7684403657913208","1.8136043548583984","1.8136043548583984","1.8136043548583984","1.9511361122131348","1.9511361122131348","1.9511361122131348","2.3025851249694824","2.3025851249694824","2.3025851249694824","2.3015637397766113","2.3015637397766113","2.3015637397766113","2.2880377769470215","2.2880377769470215","2.2880377769470215","1.637648344039917","1.637648344039917","1.637648344039917","1.790207862854004","1.790207862854004","1.790207862854004","1.7612502574920654","1.7612502574920654","1.7612502574920654","1.5962698459625244","1.5962698459625244","1.5962698459625244","1.775820255279541","1.775820255279541","1.775820255279541","1.7697489261627197","1.7697489261627197","1.7697489261627197","1.8976877927780151","1.8976877927780151","1.8976877927780151","1.9970598220825195","1.9970598220825195","1.9970598220825195","2.3025851249694824","2.3025851249694824","2.3025851249694824","2.30247163772583","2.30247163772583","2.30247163772583","2.182262897491455","2.182262897491455","2.182262897491455","1.7191886901855469","1.7191886901855469","1.7191886901855469","1.567652940750122","1.567652940750122","1.567652940750122","1.7783994674682617","1.7783994674682617","1.7783994674682617","1.6808040142059326","1.6808040142059326","1.6808040142059326","1.7413690090179443","1.7413690090179443","1.7413690090179443","1.794938325881958","1.794938325881958","1.794938325881958","2.0596466064453125","2.0596466064453125","2.0596466064453125","2.009690999984741","2.009690999984741","2.009690999984741"
"3","NaN","","","2.3386712074279785","2.3386712074279785","2.3386712074279785","1.7525986433029175","1.7525986433029175","1.7525986433029175","1.7076339721679688","1.7076339721679688","1.7076339721679688","1.8145521879196167","1.8145521879196167","1.8145521879196167","1.4900907278060913","1.4900907278060913","1.4900907278060913","1.5030827522277832","1.5030827522277832","1.5030827522277832","1.8577487468719482","1.8577487468719482","1.8577487468719482","1.467146635055542","1.467146635055542","1.467146635055542","1.783177375793457","1.783177375793457","1.783177375793457","1.7845780849456787","1.7845780849456787","1.7845780849456787","NaN","","","2.132002592086792","2.132002592086792","2.132002592086792","1.9517362117767334","1.9517362117767334","1.9517362117767334","1.6607986688613892","1.6607986688613892","1.6607986688613892","1.7355718612670898","1.7355718612670898","1.7355718612670898","1.392322063446045","1.392322063446045","1.392322063446045","1.7037584781646729","1.7037584781646729","1.7037584781646729","1.5670864582061768","1.5670864582061768","1.5670864582061768","1.693120002746582","1.693120002746582","1.693120002746582","1.8558895587921143","1.8558895587921143","1.8558895587921143","1.70790696144104","1.70790696144104","1.70790696144104","2.3025851249694824","2.3025851249694824","2.3025851249694824","2.276881217956543","2.276881217956543","2.276881217956543","1.9591115713119507","1.9591115713119507","1.9591115713119507","1.9886196851730347","1.9886196851730347","1.9886196851730347","1.6665782928466797","1.6665782928466797","1.6665782928466797","1.253798484802246","1.253798484802246","1.253798484802246","1.3971902132034302","1.3971902132034302","1.3971902132034302","1.6780297756195068","1.6780297756195068","1.6780297756195068","1.5761103630065918","1.5761103630065918","1.5761103630065918","1.7867101430892944","1.7867101430892944","1.7867101430892944","1.8821518421173096","1.8821518421173096","1.8821518421173096","2.3025851249694824","2.3025851249694824","2.3025851249694824","2.3025851249694824","2.3025851249694824","2.3025851249694824","2.1467185020446777","2.1467185020446777","2.1467185020446777","1.6644487380981445","1.6644487380981445","1.6644487380981445","1.467041254043579","1.467041254043579","1.467041254043579","1.6790361404418945","1.6790361404418945","1.6790361404418945","2.0210065841674805","2.0210065841674805","2.0210065841674805","1.5851178169250488","1.5851178169250488","1.5851178169250488","1.7902165651321411","1.7902165651321411","1.7902165651321411","1.7766773700714111","1.7766773700714111","1.7766773700714111","2.022231101989746","2.022231101989746","2.022231101989746"
"4","NaN","","","2.2508139610290527","2.2508139610290527","2.2508139610290527","2.224531650543213","2.224531650543213","2.224531650543213","1.5401358604431152","1.5401358604431152","1.5401358604431152","1.4712319374084473","1.4712319374084473","1.4712319374084473","1.5524699687957764","1.5524699687957764","1.5524699687957764","1.5273860692977905","1.5273860692977905","1.5273860692977905","1.6256721019744873","1.6256721019744873","1.6256721019744873","1.4817113876342773","1.4817113876342773","1.4817113876342773","1.4955079555511475","1.4955079555511475","1.4955079555511475","1.766139030456543","1.766139030456543","1.766139030456543","NaN","","","2.3758926391601562","2.3758926391601562","2.3758926391601562","2.0455198287963867","2.0455198287963867","2.0455198287963867","1.9557713270187378","1.9557713270187378","1.9557713270187378","1.4583323001861572","1.4583323001861572","1.4583323001861572","1.5028572082519531","1.5028572082519531","1.5028572082519531","1.3887338638305664","1.3887338638305664","1.3887338638305664","1.8214902877807617","1.8214902877807617","1.8214902877807617","1.5914545059204102","1.5914545059204102","1.5914545059204102","1.7474660873413086","1.7474660873413086","1.7474660873413086","1.8817239999771118","1.8817239999771118","1.8817239999771118","2.3025851249694824","2.3025851249694824","2.3025851249694824","2.3025245666503906","2.3025245666503906","2.3025245666503906","2.0623409748077393","2.0623409748077393","2.0623409748077393","1.9025275707244873","1.9025275707244873","1.9025275707244873","1.6432874202728271","1.6432874202728271","1.6432874202728271","1.4974544048309326","1.4974544048309326","1.4974544048309326","1.4854665994644165","1.4854665994644165","1.4854665994644165","1.6511452198028564","1.6511452198028564","1.6511452198028564","1.6844518184661865","1.6844518184661865","1.6844518184661865","1.8272058963775635","1.8272058963775635","1.8272058963775635","2.0188281536102295","2.0188281536102295","2.0188281536102295","2.3025851249694824","2.3025851249694824","2.3025851249694824","2.3025851249694824","2.3025851249694824","2.3025851249694824","2.1475415229797363","2.1475415229797363","2.1475415229797363","1.7776126861572266","1.7776126861572266","1.7776126861572266","1.7954676151275635","1.7954676151275635","1.7954676151275635","1.649135947227478","1.649135947227478","1.649135947227478","1.3025673627853394","1.3025673627853394","1.3025673627853394","1.2616857290267944","1.2616857290267944","1.2616857290267944","1.6595430374145508","1.6595430374145508","1.6595430374145508","1.9093257188796997","1.9093257188796997","1.9093257188796997","2.004695415496826","2.004695415496826","2.004695415496826"
"5","NaN","","","2.2782721519470215","2.2782721519470215","2.2782721519470215","2.1593406200408936","2.1593406200408936","2.1593406200408936","1.5302728414535522","1.5302728414535522","1.5302728414535522","1.5908386707305908","1.5908386707305908","1.5908386707305908","1.431618571281433","1.431618571281433","1.431618571281433","1.3288220167160034","1.3288220167160034","1.3288220167160034","1.4752016067504883","1.4752016067504883","1.4752016067504883","1.363562822341919","1.363562822341919","1.363562822341919","1.5059359073638916","1.5059359073638916","1.5059359073638916","1.8140833377838135","1.8140833377838135","1.8140833377838135","NaN","","","3.195282459259033","3.195282459259033","3.195282459259033","2.4214706420898438","2.4214706420898438","2.4214706420898438","1.465917944908142","1.465917944908142","1.465917944908142","1.5931339263916016","1.5931339263916016","1.5931339263916016","1.4080345630645752","1.4080345630645752","1.4080345630645752","1.7168928384780884","1.7168928384780884","1.7168928384780884","1.584224820137024","1.584224820137024","1.584224820137024","1.6582422256469727","1.6582422256469727","1.6582422256469727","1.6371066570281982","1.6371066570281982","1.6371066570281982","1.7971014976501465","1.7971014976501465","1.7971014976501465","2.3025851249694824","2.3025851249694824","2.3025851249694824","2.295602798461914","2.295602798461914","2.295602798461914","2.270750045776367","2.270750045776367","2.270750045776367","1.5578159093856812","1.5578159093856812","1.5578159093856812","1.3127827644348145","1.3127827644348145","1.3127827644348145","1.3334484100341797","1.3334484100341797","1.3334484100341797","1.3227628469467163","1.3227628469467163","1.3227628469467163","1.6426610946655273","1.6426610946655273","1.6426610946655273","1.8351404666900635","1.8351404666900635","1.8351404666900635","1.6201622486114502","1.6201622486114502","1.6201622486114502","2.0072884559631348","2.0072884559631348","2.0072884559631348","2.3025851249694824","2.3025851249694824","2.3025851249694824","2.3025851249694824","2.3025851249694824","2.3025851249694824","2.1386618614196777","2.1386618614196777","2.1386618614196777","1.7109687328338623","1.7109687328338623","1.7109687328338623","1.4026727676391602","1.4026727676391602","1.4026727676391602","1.8475513458251953","1.8475513458251953","1.8475513458251953","1.4015530347824097","1.4015530347824097","1.4015530347824097","1.6556841135025024","1.6556841135025024","1.6556841135025024","1.7755979299545288","1.7755979299545288","1.7755979299545288","1.668811321258545","1.668811321258545","1.668811321258545","1.8966962099075317","1.8966962099075317","1.8966962099075317"
"6","NaN","","","2.0514678955078125","2.0514678955078125","2.0514678955078125","1.837846040725708","1.837846040725708","1.837846040725708","1.5097389221191406","1.5097389221191406","1.5097389221191406","1.3570024967193604","1.3570024967193604","1.3570024967193604","1.472853660583496","1.472853660583496","1.472853660583496","1.3331551551818848","1.3331551551818848","1.3331551551818848","1.3998816013336182","1.3998816013336182","1.3998816013336182","1.3788899183273315","1.3788899183273315","1.3788899183273315","1.772107720375061","1.772107720375061","1.772107720375061","1.7579529285430908","1.7579529285430908","1.7579529285430908","NaN","","","2.282128095626831","2.282128095626831","2.282128095626831","2.15659761428833","2.15659761428833","2.15659761428833","1.8589504957199097","1.8589504957199097","1.8589504957199097","1.40592360496521","1.40592360496521","1.40592360496521","1.2312805652618408","1.2312805652618408","1.2312805652618408","1.4932117462158203","1.4932117462158203","1.4932117462158203","1.6404962539672852","1.6404962539672852","1.6404962539672852","1.7666687965393066","1.7666687965393066","1.7666687965393066","1.686076045036316","1.686076045036316","1.686076045036316","1.657979965209961","1.657979965209961","1.657979965209961","2.3025851249694824","2.3025851249694824","2.3025851249694824","2.3017191886901855","2.3017191886901855","2.3017191886901855","1.9961156845092773","1.9961156845092773","1.9961156845092773","1.7296167612075806","1.7296167612075806","1.7296167612075806","1.820204496383667","1.820204496383667","1.820204496383667","1.4459038972854614","1.4459038972854614","1.4459038972854614","1.2466543912887573","1.2466543912887573","1.2466543912887573","1.3709951639175415","1.3709951639175415","1.3709951639175415","1.6417407989501953","1.6417407989501953","1.6417407989501953","1.689748764038086","1.689748764038086","1.689748764038086","1.8061726093292236","1.8061726093292236","1.8061726093292236","2.3025851249694824","2.3025851249694824","2.3025851249694824","2.3028626441955566","2.3028626441955566","2.3028626441955566","2.3568267822265625","2.3568267822265625","2.3568267822265625","1.8111884593963623","1.8111884593963623","1.8111884593963623","1.4988399744033813","1.4988399744033813","1.4988399744033813","1.3908933401107788","1.3908933401107788","1.3908933401107788","1.562108039855957","1.562108039855957","1.562108039855957","1.4741883277893066","1.4741883277893066","1.4741883277893066","1.4060485363006592","1.4060485363006592","1.4060485363006592","1.8475487232208252","1.8475487232208252","1.8475487232208252","1.8949636220932007","1.8949636220932007","1.8949636220932007"
"7","NaN","","","2.23178768157959","2.23178768157959","2.23178768157959","1.955417513847351","1.955417513847351","1.955417513847351","1.816990613937378","1.816990613937378","1.816990613937378","1.230458378791809","1.230458378791809","1.230458378791809","1.3661072254180908","1.3661072254180908","1.3661072254180908","1.2909632921218872","1.2909632921218872","1.2909632921218872","1.4219236373901367","1.4219236373901367","1.4219236373901367","1.606109857559204","1.606109857559204","1.606109857559204","1.6038775444030762","1.6038775444030762","1.6038775444030762","1.772695779800415","1.772695779800415","1.772695779800415","NaN","","","2.309506416320801","2.309506416320801","2.309506416320801","1.9100751876831055","1.9100751876831055","1.9100751876831055","1.818664312362671","1.818664312362671","1.818664312362671","1.7091014385223389","1.7091014385223389","1.7091014385223389","1.3976023197174072","1.3976023197174072","1.3976023197174072","1.323747158050537","1.323747158050537","1.323747158050537","1.4469761848449707","1.4469761848449707","1.4469761848449707","1.4946367740631104","1.4946367740631104","1.4946367740631104","1.6447482109069824","1.6447482109069824","1.6447482109069824","1.8157180547714233","1.8157180547714233","1.8157180547714233","2.3025851249694824","2.3025851249694824","2.3025851249694824","2.2849771976470947","2.2849771976470947","2.2849771976470947","2.2825026512145996","2.2825026512145996","2.2825026512145996","1.758399486541748","1.758399486541748","1.758399486541748","1.719429612159729","1.719429612159729","1.719429612159729","1.6911630630493164","1.6911630630493164","1.6911630630493164","1.5072426795959473","1.5072426795959473","1.5072426795959473","1.4893858432769775","1.4893858432769775","1.4893858432769775","1.3836778402328491","1.3836778402328491","1.3836778402328491","1.693251371383667","1.693251371383667","1.693251371383667","1.8296293020248413","1.8296293020248413","1.8296293020248413","2.3025851249694824","2.3025851249694824","2.3025851249694824","2.3025851249694824","2.3025851249694824","2.3025851249694824","2.4390716552734375","2.4390716552734375","2.4390716552734375","1.8988971710205078","1.8988971710205078","1.8988971710205078","1.3736072778701782","1.3736072778701782","1.3736072778701782","1.3785436153411865","1.3785436153411865","1.3785436153411865","1.3681113719940186","1.3681113719940186","1.3681113719940186","1.449293851852417","1.449293851852417","1.449293851852417","1.5905320644378662","1.5905320644378662","1.5905320644378662","1.677140712738037","1.677140712738037","1.677140712738037","1.7396793365478516","1.7396793365478516","1.7396793365478516"
"8","NaN","","","2.211530923843384","2.211530923843384","2.211530923843384","1.9487801790237427","1.9487801790237427","1.9487801790237427","1.5879517793655396","1.5879517793655396","1.5879517793655396","1.2391908168792725","1.2391908168792725","1.2391908168792725","1.2470653057098389","1.2470653057098389","1.2470653057098389","1.2892063856124878","1.2892063856124878","1.2892063856124878","1.4954346418380737","1.4954346418380737","1.4954346418380737","1.5529206991195679","1.5529206991195679","1.5529206991195679","1.4593522548675537","1.4593522548675537","1.4593522548675537","1.7190306186676025","1.7190306186676025","1.7190306186676025","NaN","","","2.7396388053894043","2.7396388053894043","2.7396388053894043","2.2761592864990234","2.2761592864990234","2.2761592864990234","1.649832010269165","1.649832010269165","1.649832010269165","1.2155346870422363","1.2155346870422363","1.2155346870422363","1.2335301637649536","1.2335301637649536","1.2335301637649536","1.1740602254867554","1.1740602254867554","1.1740602254867554","1.2389891147613525","1.2389891147613525","1.2389891147613525","1.4547606706619263","1.4547606706619263","1.4547606706619263","1.646470546722412","1.646470546722412","1.646470546722412","1.6532875299453735","1.6532875299453735","1.6532875299453735","2.3025851249694824","2.3025851249694824","2.3025851249694824","2.3033604621887207","2.3033604621887207","2.3033604621887207","1.9954466819763184","1.9954466819763184","1.9954466819763184","1.5255796909332275","1.5255796909332275","1.5255796909332275","1.796604871749878","1.796604871749878","1.796604871749878","1.6573604345321655","1.6573604345321655","1.6573604345321655","1.3675590753555298","1.3675590753555298","1.3675590753555298","1.2511560916900635","1.2511560916900635","1.2511560916900635","1.6142094135284424","1.6142094135284424","1.6142094135284424","1.5651555061340332","1.5651555061340332","1.5651555061340332","1.7763004302978516","1.7763004302978516","1.7763004302978516","2.3025851249694824","2.3025851249694824","2.3025851249694824","2.3025851249694824","2.3025851249694824","2.3025851249694824","2.250922679901123","2.250922679901123","2.250922679901123","1.6566358804702759","1.6566358804702759","1.6566358804702759","1.6166741847991943","1.6166741847991943","1.6166741847991943","1.593155860900879","1.593155860900879","1.593155860900879","1.3973091840744019","1.3973091840744019","1.3973091840744019","1.5579583644866943","1.5579583644866943","1.5579583644866943","1.531628131866455","1.531628131866455","1.531628131866455","1.7382129430770874","1.7382129430770874","1.7382129430770874","1.8986074924468994","1.8986074924468994","1.8986074924468994"
"9","NaN","","","2.3221075534820557","2.3221075534820557","2.3221075534820557","2.148042678833008","2.148042678833008","2.148042678833008","1.6534488201141357","1.6534488201141357","1.6534488201141357","1.6888941526412964","1.6888941526412964","1.6888941526412964","1.2119606733322144","1.2119606733322144","1.2119606733322144","1.607519507408142","1.607519507408142","1.607519507408142","1.3577396869659424","1.3577396869659424","1.3577396869659424","1.6106157302856445","1.6106157302856445","1.6106157302856445","1.7493740320205688","1.7493740320205688","1.7493740320205688","1.8395029306411743","1.8395029306411743","1.8395029306411743","NaN","","","2.417468309402466","2.417468309402466","2.417468309402466","1.9464714527130127","1.9464714527130127","1.9464714527130127","1.5053467750549316","1.5053467750549316","1.5053467750549316","1.507045030593872","1.507045030593872","1.507045030593872","1.1729434728622437","1.1729434728622437","1.1729434728622437","1.4029479026794434","1.4029479026794434","1.4029479026794434","1.654120683670044","1.654120683670044","1.654120683670044","1.532581090927124","1.532581090927124","1.532581090927124","1.5535377264022827","1.5535377264022827","1.5535377264022827","1.6282825469970703","1.6282825469970703","1.6282825469970703","2.3025851249694824","2.3025851249694824","2.3025851249694824","2.33642578125","2.33642578125","2.33642578125","2.242102861404419","2.242102861404419","2.242102861404419","1.5261929035186768","1.5261929035186768","1.5261929035186768","1.2725565433502197","1.2725565433502197","1.2725565433502197","1.4590191841125488","1.4590191841125488","1.4590191841125488","1.1535954475402832","1.1535954475402832","1.1535954475402832","1.4008350372314453","1.4008350372314453","1.4008350372314453","1.5110948085784912","1.5110948085784912","1.5110948085784912","1.7812743186950684","1.7812743186950684","1.7812743186950684","1.6052374839782715","1.6052374839782715","1.6052374839782715","2.3025851249694824","2.3025851249694824","2.3025851249694824","2.3025851249694824","2.3025851249694824","2.3025851249694824","2.043785333633423","2.043785333633423","2.043785333633423","1.7941606044769287","1.7941606044769287","1.7941606044769287","1.5277111530303955","1.5277111530303955","1.5277111530303955","1.43147873878479","1.43147873878479","1.43147873878479","1.383328914642334","1.383328914642334","1.383328914642334","1.5739129781723022","1.5739129781723022","1.5739129781723022","1.6402121782302856","1.6402121782302856","1.6402121782302856","1.7053236961364746","1.7053236961364746","1.7053236961364746","1.7985936403274536","1.7985936403274536","1.7985936403274536"
"10","NaN","","","2.252735137939453","2.252735137939453","2.252735137939453","2.0468292236328125","2.0468292236328125","2.0468292236328125","1.834416151046753","1.834416151046753","1.834416151046753","1.3200387954711914","1.3200387954711914","1.3200387954711914","0.9470034837722778","0.9470034837722778","0.9470034837722778","1.1582274436950684","1.1582274436950684","1.1582274436950684","1.2364016771316528","1.2364016771316528","1.2364016771316528","1.5680164098739624","1.5680164098739624","1.5680164098739624","1.3834933042526245","1.3834933042526245","1.3834933042526245","1.7379231452941895","1.7379231452941895","1.7379231452941895","NaN","","","2.2699801921844482","2.2699801921844482","2.2699801921844482","2.0266716480255127","2.0266716480255127","2.0266716480255127","1.694502592086792","1.694502592086792","1.694502592086792","1.633005142211914","1.633005142211914","1.633005142211914","1.4189097881317139","1.4189097881317139","1.4189097881317139","1.252131700515747","1.252131700515747","1.252131700515747","1.5788228511810303","1.5788228511810303","1.5788228511810303","1.4862737655639648","1.4862737655639648","1.4862737655639648","1.4941034317016602","1.4941034317016602","1.4941034317016602","1.8155852556228638","1.8155852556228638","1.8155852556228638","2.3025851249694824","2.3025851249694824","2.3025851249694824","2.3012535572052","2.3012535572052","2.3012535572052","1.917210578918457","1.917210578918457","1.917210578918457","1.9049431085586548","1.9049431085586548","1.9049431085586548","1.4761531352996826","1.4761531352996826","1.4761531352996826","1.4626110792160034","1.4626110792160034","1.4626110792160034","1.4535739421844482","1.4535739421844482","1.4535739421844482","1.5534366369247437","1.5534366369247437","1.5534366369247437","1.526669979095459","1.526669979095459","1.526669979095459","1.4163501262664795","1.4163501262664795","1.4163501262664795","2.054614305496216","2.054614305496216","2.054614305496216","2.3025851249694824","2.3025851249694824","2.3025851249694824","2.3025851249694824","2.3025851249694824","2.3025851249694824","2.130825996398926","2.130825996398926","2.130825996398926","1.895395040512085","1.895395040512085","1.895395040512085","1.6798479557037354","1.6798479557037354","1.6798479557037354","1.592989444732666","1.592989444732666","1.592989444732666","1.3980884552001953","1.3980884552001953","1.3980884552001953","1.3025964498519897","1.3025964498519897","1.3025964498519897","1.3967621326446533","1.3967621326446533","1.3967621326446533","1.834452748298645","1.834452748298645","1.834452748298645","1.9191468954086304","1.9191468954086304","1.9191468954086304"
"11","NaN","","","2.2273802757263184","2.2273802757263184","2.2273802757263184","1.9040297269821167","1.9040297269821167","1.9040297269821167","1.6727421283721924","1.6727421283721924","1.6727421283721924","1.1914290189743042","1.1914290189743042","1.1914290189743042","1.3514515161514282","1.3514515161514282","1.3514515161514282","1.0896689891815186","1.0896689891815186","1.0896689891815186","1.375028133392334","1.375028133392334","1.375028133392334","1.515758752822876","1.515758752822876","1.515758752822876","1.2710641622543335","1.2710641622543335","1.2710641622543335","1.6024093627929688","1.6024093627929688","1.6024093627929688","NaN","","","2.2298531532287598","2.2298531532287598","2.2298531532287598","2.026606798171997","2.026606798171997","2.026606798171997","1.6959264278411865","1.6959264278411865","1.6959264278411865","1.2866756916046143","1.2866756916046143","1.2866756916046143","1.3208788633346558","1.3208788633346558","1.3208788633346558","1.2333920001983643","1.2333920001983643","1.2333920001983643","1.280737280845642","1.280737280845642","1.280737280845642","1.4727020263671875","1.4727020263671875","1.4727020263671875","1.5757813453674316","1.5757813453674316","1.5757813453674316","1.6223480701446533","1.6223480701446533","1.6223480701446533","2.3025851249694824","2.3025851249694824","2.3025851249694824","2.3025851249694824","2.3025851249694824","2.3025851249694824","2.185272455215454","2.185272455215454","2.185272455215454","1.9620431661605835","1.9620431661605835","1.9620431661605835","1.4821233749389648","1.4821233749389648","1.4821233749389648","1.419334053993225","1.419334053993225","1.419334053993225","1.2127712965011597","1.2127712965011597","1.2127712965011597","1.2666195631027222","1.2666195631027222","1.2666195631027222","1.3632538318634033","1.3632538318634033","1.3632538318634033","1.6086939573287964","1.6086939573287964","1.6086939573287964","1.7645479440689087","1.7645479440689087","1.7645479440689087","2.3025851249694824","2.3025851249694824","2.3025851249694824","2.3025851249694824","2.3025851249694824","2.3025851249694824","2.041532516479492","2.041532516479492","2.041532516479492","1.9733861684799194","1.9733861684799194","1.9733861684799194","1.3943897485733032","1.3943897485733032","1.3943897485733032","1.5035698413848877","1.5035698413848877","1.5035698413848877","1.4960052967071533","1.4960052967071533","1.4960052967071533","1.529761791229248","1.529761791229248","1.529761791229248","1.508634090423584","1.508634090423584","1.508634090423584","1.6180397272109985","1.6180397272109985","1.6180397272109985","1.6646778583526611","1.6646778583526611","1.6646778583526611"
"12","NaN","","","2.1680691242218018","2.1680691242218018","2.1680691242218018","2.061699151992798","2.061699151992798","2.061699151992798","1.636893630027771","1.636893630027771","1.636893630027771","1.0888258218765259","1.0888258218765259","1.0888258218765259","1.3703949451446533","1.3703949451446533","1.3703949451446533","1.1945514678955078","1.1945514678955078","1.1945514678955078","1.2556166648864746","1.2556166648864746","1.2556166648864746","1.3800172805786133","1.3800172805786133","1.3800172805786133","1.7316365242004395","1.7316365242004395","1.7316365242004395","1.697450041770935","1.697450041770935","1.697450041770935","NaN","","","2.376704216003418","2.376704216003418","2.376704216003418","2.041457414627075","2.041457414627075","2.041457414627075","1.7548775672912598","1.7548775672912598","1.7548775672912598","1.4140660762786865","1.4140660762786865","1.4140660762786865","1.3445473909378052","1.3445473909378052","1.3445473909378052","1.3605917692184448","1.3605917692184448","1.3605917692184448","1.338258981704712","1.338258981704712","1.338258981704712","1.460852026939392","1.460852026939392","1.460852026939392","1.6636958122253418","1.6636958122253418","1.6636958122253418","1.5571309328079224","1.5571309328079224","1.5571309328079224","2.3025851249694824","2.3025851249694824","2.3025851249694824","2.3025851249694824","2.3025851249694824","2.3025851249694824","2.5230727195739746","2.5230727195739746","2.5230727195739746","1.3999325037002563","1.3999325037002563","1.3999325037002563","1.4246444702148438","1.4246444702148438","1.4246444702148438","1.5041568279266357","1.5041568279266357","1.5041568279266357","1.377798080444336","1.377798080444336","1.377798080444336","1.3050000667572021","1.3050000667572021","1.3050000667572021","1.4592301845550537","1.4592301845550537","1.4592301845550537","1.514765739440918","1.514765739440918","1.514765739440918","1.651728868484497","1.651728868484497","1.651728868484497","2.3025851249694824","2.3025851249694824","2.3025851249694824","2.3025851249694824","2.3025851249694824","2.3025851249694824","2.280055046081543","2.280055046081543","2.280055046081543","1.6096611022949219","1.6096611022949219","1.6096611022949219","1.6456142663955688","1.6456142663955688","1.6456142663955688","1.0712192058563232","1.0712192058563232","1.0712192058563232","1.5943078994750977","1.5943078994750977","1.5943078994750977","1.5156770944595337","1.5156770944595337","1.5156770944595337","1.2252758741378784","1.2252758741378784","1.2252758741378784","1.4749178886413574","1.4749178886413574","1.4749178886413574","1.7106930017471313","1.7106930017471313","1.7106930017471313"
"13","NaN","","","2.1959033012390137","2.1959033012390137","2.1959033012390137","1.8999345302581787","1.8999345302581787","1.8999345302581787","1.6038730144500732","1.6038730144500732","1.6038730144500732","1.3940378427505493","1.3940378427505493","1.3940378427505493","1.2731223106384277","1.2731223106384277","1.2731223106384277","1.4383238554000854","1.4383238554000854","1.4383238554000854","1.511183500289917","1.511183500289917","1.511183500289917","1.2298411130905151","1.2298411130905151","1.2298411130905151","1.6131629943847656","1.6131629943847656","1.6131629943847656","1.6679435968399048","1.6679435968399048","1.6679435968399048","NaN","","","2.2724995613098145","2.2724995613098145","2.2724995613098145","2.1682446002960205","2.1682446002960205","2.1682446002960205","1.5096465349197388","1.5096465349197388","1.5096465349197388","1.5770907402038574","1.5770907402038574","1.5770907402038574","1.019394040107727","1.019394040107727","1.019394040107727","1.2999519109725952","1.2999519109725952","1.2999519109725952","1.083430290222168","1.083430290222168","1.083430290222168","1.5220448970794678","1.5220448970794678","1.5220448970794678","1.4830814599990845","1.4830814599990845","1.4830814599990845","1.521012306213379","1.521012306213379","1.521012306213379","2.3025851249694824","2.3025851249694824","2.3025851249694824","2.3025851249694824","2.3025851249694824","2.3025851249694824","2.049551010131836","2.049551010131836","2.049551010131836","1.7765631675720215","1.7765631675720215","1.7765631675720215","1.4130043983459473","1.4130043983459473","1.4130043983459473","1.3014392852783203","1.3014392852783203","1.3014392852783203","1.5148494243621826","1.5148494243621826","1.5148494243621826","1.4132323265075684","1.4132323265075684","1.4132323265075684","1.4841055870056152","1.4841055870056152","1.4841055870056152","1.5742928981781006","1.5742928981781006","1.5742928981781006","1.7107653617858887","1.7107653617858887","1.7107653617858887","2.3025851249694824","2.3025851249694824","2.3025851249694824","2.3025851249694824","2.3025851249694824","2.3025851249694824","2.275298595428467","2.275298595428467","2.275298595428467","2.18953275680542","2.18953275680542","2.18953275680542","1.4642348289489746","1.4642348289489746","1.4642348289489746","1.438767433166504","1.438767433166504","1.438767433166504","1.3534929752349854","1.3534929752349854","1.3534929752349854","1.1278276443481445","1.1278276443481445","1.1278276443481445","1.435665249824524","1.435665249824524","1.435665249824524","1.6957480907440186","1.6957480907440186","1.6957480907440186","1.8315298557281494","1.8315298557281494","1.8315298557281494"
"14","NaN","","","2.0938072204589844","2.0938072204589844","2.0938072204589844","2.0640599727630615","2.0640599727630615","2.0640599727630615","1.513250470161438","1.513250470161438","1.513250470161438","1.360816240310669","1.360816240310669","1.360816240310669","1.1109076738357544","1.1109076738357544","1.1109076738357544","1.278420090675354","1.278420090675354","1.278420090675354","1.2739410400390625","1.2739410400390625","1.2739410400390625","1.1983898878097534","1.1983898878097534","1.1983898878097534","1.4521446228027344","1.4521446228027344","1.4521446228027344","1.6165659427642822","1.6165659427642822","1.6165659427642822","NaN","","","2.3785767555236816","2.3785767555236816","2.3785767555236816","1.9394752979278564","1.9394752979278564","1.9394752979278564","1.6342915296554565","1.6342915296554565","1.6342915296554565","1.5822454690933228","1.5822454690933228","1.5822454690933228","1.4106700420379639","1.4106700420379639","1.4106700420379639","1.1699974536895752","1.1699974536895752","1.1699974536895752","1.2771559953689575","1.2771559953689575","1.2771559953689575","1.252751350402832","1.252751350402832","1.252751350402832","1.3134055137634277","1.3134055137634277","1.3134055137634277","1.810286283493042","1.810286283493042","1.810286283493042","2.3025851249694824","2.3025851249694824","2.3025851249694824","2.3025851249694824","2.3025851249694824","2.3025851249694824","2.0268402099609375","2.0268402099609375","2.0268402099609375","1.6838504076004028","1.6838504076004028","1.6838504076004028","1.3701107501983643","1.3701107501983643","1.3701107501983643","1.282857894897461","1.282857894897461","1.282857894897461","1.2274518013000488","1.2274518013000488","1.2274518013000488","1.2657625675201416","1.2657625675201416","1.2657625675201416","1.4313795566558838","1.4313795566558838","1.4313795566558838","1.5218615531921387","1.5218615531921387","1.5218615531921387","1.7498993873596191","1.7498993873596191","1.7498993873596191","2.3025851249694824","2.3025851249694824","2.3025851249694824","2.3025851249694824","2.3025851249694824","2.3025851249694824","2.0558037757873535","2.0558037757873535","2.0558037757873535","1.6853809356689453","1.6853809356689453","1.6853809356689453","1.5434856414794922","1.5434856414794922","1.5434856414794922","1.5281431674957275","1.5281431674957275","1.5281431674957275","1.541651725769043","1.541651725769043","1.541651725769043","1.526550054550171","1.526550054550171","1.526550054550171","1.3539950847625732","1.3539950847625732","1.3539950847625732","1.525573492050171","1.525573492050171","1.525573492050171","1.6904348134994507","1.6904348134994507","1.6904348134994507"
"15","NaN","","","2.2986574172973633","2.2986574172973633","2.2986574172973633","1.9994733333587646","1.9994733333587646","1.9994733333587646","1.410698413848877","1.410698413848877","1.410698413848877","1.3856457471847534","1.3856457471847534","1.3856457471847534","1.3086482286453247","1.3086482286453247","1.3086482286453247","1.002282738685608","1.002282738685608","1.002282738685608","1.3068307638168335","1.3068307638168335","1.3068307638168335","1.487060308456421","1.487060308456421","1.487060308456421","1.6395066976547241","1.6395066976547241","1.6395066976547241","1.554764986038208","1.554764986038208","1.554764986038208","NaN","","","2.247372627258301","2.247372627258301","2.247372627258301","1.9197282791137695","1.9197282791137695","1.9197282791137695","1.9107528924942017","1.9107528924942017","1.9107528924942017","1.594071865081787","1.594071865081787","1.594071865081787","1.2603023052215576","1.2603023052215576","1.2603023052215576","1.2216694355010986","1.2216694355010986","1.2216694355010986","1.4929136037826538","1.4929136037826538","1.4929136037826538","1.410823106765747","1.410823106765747","1.410823106765747","1.6575769186019897","1.6575769186019897","1.6575769186019897","1.5233744382858276","1.5233744382858276","1.5233744382858276","2.3025851249694824","2.3025851249694824","2.3025851249694824","2.3025851249694824","2.3025851249694824","2.3025851249694824","2.1318588256835938","2.1318588256835938","2.1318588256835938","1.59348464012146","1.59348464012146","1.59348464012146","1.4037164449691772","1.4037164449691772","1.4037164449691772","1.5920844078063965","1.5920844078063965","1.5920844078063965","1.1568069458007812","1.1568069458007812","1.1568069458007812","1.3344504833221436","1.3344504833221436","1.3344504833221436","1.4016846418380737","1.4016846418380737","1.4016846418380737","1.5473711490631104","1.5473711490631104","1.5473711490631104","1.5769670009613037","1.5769670009613037","1.5769670009613037","2.3025851249694824","2.3025851249694824","2.3025851249694824","2.3029708862304688","2.3029708862304688","2.3029708862304688","2.1690216064453125","2.1690216064453125","2.1690216064453125","1.7812919616699219","1.7812919616699219","1.7812919616699219","1.2350175380706787","1.2350175380706787","1.2350175380706787","1.2555017471313477","1.2555017471313477","1.2555017471313477","1.6226118803024292","1.6226118803024292","1.6226118803024292","1.306132435798645","1.306132435798645","1.306132435798645","1.3857197761535645","1.3857197761535645","1.3857197761535645","1.5321342945098877","1.5321342945098877","1.5321342945098877","1.7519638538360596","1.7519638538360596","1.7519638538360596"
"16","NaN","","","2.204883575439453","2.204883575439453","2.204883575439453","1.7581255435943604","1.7581255435943604","1.7581255435943604","1.6757584810256958","1.6757584810256958","1.6757584810256958","1.2486003637313843","1.2486003637313843","1.2486003637313843","0.9988425970077515","0.9988425970077515","0.9988425970077515","1.0352402925491333","1.0352402925491333","1.0352402925491333","1.3142971992492676","1.3142971992492676","1.3142971992492676","1.337416410446167","1.337416410446167","1.337416410446167","1.5712618827819824","1.5712618827819824","1.5712618827819824","1.6342781782150269","1.6342781782150269","1.6342781782150269","NaN","","","2.272517204284668","2.272517204284668","2.272517204284668","2.0042896270751953","2.0042896270751953","2.0042896270751953","1.7043285369873047","1.7043285369873047","1.7043285369873047","1.1657381057739258","1.1657381057739258","1.1657381057739258","1.2023978233337402","1.2023978233337402","1.2023978233337402","1.4093190431594849","1.4093190431594849","1.4093190431594849","1.1052889823913574","1.1052889823913574","1.1052889823913574","1.5189628601074219","1.5189628601074219","1.5189628601074219","1.566097378730774","1.566097378730774","1.566097378730774","1.6154975891113281","1.6154975891113281","1.6154975891113281","2.3025851249694824","2.3025851249694824","2.3025851249694824","2.3025851249694824","2.3025851249694824","2.3025851249694824","2.3394463062286377","2.3394463062286377","2.3394463062286377","1.4501010179519653","1.4501010179519653","1.4501010179519653","1.255980372428894","1.255980372428894","1.255980372428894","1.393846035003662","1.393846035003662","1.393846035003662","1.035409688949585","1.035409688949585","1.035409688949585","1.1414129734039307","1.1414129734039307","1.1414129734039307","1.555307388305664","1.555307388305664","1.555307388305664","1.545835256576538","1.545835256576538","1.545835256576538","1.7551603317260742","1.7551603317260742","1.7551603317260742","2.3025851249694824","2.3025851249694824","2.3025851249694824","2.3025851249694824","2.3025851249694824","2.3025851249694824","2.091993808746338","2.091993808746338","2.091993808746338","1.9853556156158447","1.9853556156158447","1.9853556156158447","1.4855549335479736","1.4855549335479736","1.4855549335479736","1.5512932538986206","1.5512932538986206","1.5512932538986206","1.4413124322891235","1.4413124322891235","1.4413124322891235","1.2824879884719849","1.2824879884719849","1.2824879884719849","1.3139259815216064","1.3139259815216064","1.3139259815216064","1.673607349395752","1.673607349395752","1.673607349395752","1.4961364269256592","1.4961364269256592","1.4961364269256592"
"17","NaN","","","2.5215749740600586","2.5215749740600586","2.5215749740600586","1.9703330993652344","1.9703330993652344","1.9703330993652344","1.6387097835540771","1.6387097835540771","1.6387097835540771","1.0723650455474854","1.0723650455474854","1.0723650455474854","0.9684099555015564","0.9684099555015564","0.9684099555015564","1.1391174793243408","1.1391174793243408","1.1391174793243408","1.1305842399597168","1.1305842399597168","1.1305842399597168","1.3504678010940552","1.3504678010940552","1.3504678010940552","1.5991101264953613","1.5991101264953613","1.5991101264953613","1.5747098922729492","1.5747098922729492","1.5747098922729492","NaN","","","2.2996835708618164","2.2996835708618164","2.2996835708618164","2.1940183639526367","2.1940183639526367","2.1940183639526367","1.6619021892547607","1.6619021892547607","1.6619021892547607","1.1935962438583374","1.1935962438583374","1.1935962438583374","1.307895541191101","1.307895541191101","1.307895541191101","1.1415420770645142","1.1415420770645142","1.1415420770645142","1.3789515495300293","1.3789515495300293","1.3789515495300293","1.3940902948379517","1.3940902948379517","1.3940902948379517","1.3928049802780151","1.3928049802780151","1.3928049802780151","1.6192116737365723","1.6192116737365723","1.6192116737365723","2.3025851249694824","2.3025851249694824","2.3025851249694824","2.3025851249694824","2.3025851249694824","2.3025851249694824","2.180945873260498","2.180945873260498","2.180945873260498","2.1474454402923584","2.1474454402923584","2.1474454402923584","1.1226223707199097","1.1226223707199097","1.1226223707199097","1.3498878479003906","1.3498878479003906","1.3498878479003906","1.3006653785705566","1.3006653785705566","1.3006653785705566","1.4901695251464844","1.4901695251464844","1.4901695251464844","1.7393054962158203","1.7393054962158203","1.7393054962158203","1.4631195068359375","1.4631195068359375","1.4631195068359375","1.6246241331100464","1.6246241331100464","1.6246241331100464","2.3025851249694824","2.3025851249694824","2.3025851249694824","2.3025851249694824","2.3025851249694824","2.3025851249694824","2.1557559967041016","2.1557559967041016","2.1557559967041016","1.609513521194458","1.609513521194458","1.609513521194458","1.5054930448532104","1.5054930448532104","1.5054930448532104","1.0849847793579102","1.0849847793579102","1.0849847793579102","1.0485680103302002","1.0485680103302002","1.0485680103302002","1.5450835227966309","1.5450835227966309","1.5450835227966309","1.2860937118530273","1.2860937118530273","1.2860937118530273","1.5413984060287476","1.5413984060287476","1.5413984060287476","1.659591555595398","1.659591555595398","1.659591555595398"
"18","NaN","","","2.260223150253296","2.260223150253296","2.260223150253296","1.900635004043579","1.900635004043579","1.900635004043579","1.693854808807373","1.693854808807373","1.693854808807373","1.0956329107284546","1.0956329107284546","1.0956329107284546","1.0440738201141357","1.0440738201141357","1.0440738201141357","1.365723967552185","1.365723967552185","1.365723967552185","1.0238170623779297","1.0238170623779297","1.0238170623779297","1.2920756340026855","1.2920756340026855","1.2920756340026855","1.4156665802001953","1.4156665802001953","1.4156665802001953","1.5322281122207642","1.5322281122207642","1.5322281122207642","NaN","","","2.295914649963379","2.295914649963379","2.295914649963379","1.8275477886199951","1.8275477886199951","1.8275477886199951","1.651399850845337","1.651399850845337","1.651399850845337","1.3347697257995605","1.3347697257995605","1.3347697257995605","1.1603608131408691","1.1603608131408691","1.1603608131408691","1.0282700061798096","1.0282700061798096","1.0282700061798096","1.3848991394042969","1.3848991394042969","1.3848991394042969","1.2766776084899902","1.2766776084899902","1.2766776084899902","1.467252492904663","1.467252492904663","1.467252492904663","1.431895136833191","1.431895136833191","1.431895136833191","2.3025851249694824","2.3025851249694824","2.3025851249694824","2.3025851249694824","2.3025851249694824","2.3025851249694824","1.8624005317687988","1.8624005317687988","1.8624005317687988","1.7340028285980225","1.7340028285980225","1.7340028285980225","1.3805373907089233","1.3805373907089233","1.3805373907089233","1.2124446630477905","1.2124446630477905","1.2124446630477905","1.0359050035476685","1.0359050035476685","1.0359050035476685","1.209585428237915","1.209585428237915","1.209585428237915","1.540755033493042","1.540755033493042","1.540755033493042","1.343804121017456","1.343804121017456","1.343804121017456","1.6266059875488281","1.6266059875488281","1.6266059875488281","2.3025851249694824","2.3025851249694824","2.3025851249694824","2.3025851249694824","2.3025851249694824","2.3025851249694824","2.120126247406006","2.120126247406006","2.120126247406006","1.9473376274108887","1.9473376274108887","1.9473376274108887","1.1430343389511108","1.1430343389511108","1.1430343389511108","1.107710361480713","1.107710361480713","1.107710361480713","1.2805984020233154","1.2805984020233154","1.2805984020233154","1.2625892162322998","1.2625892162322998","1.2625892162322998","1.2412374019622803","1.2412374019622803","1.2412374019622803","1.6386173963546753","1.6386173963546753","1.6386173963546753","1.467795491218567","1.467795491218567","1.467795491218567"
"19","NaN","","","2.286985158920288","2.286985158920288","2.286985158920288","2.1451046466827393","2.1451046466827393","2.1451046466827393","1.4630677700042725","1.4630677700042725","1.4630677700042725","1.182121992111206","1.182121992111206","1.182121992111206","1.2910962104797363","1.2910962104797363","1.2910962104797363","1.0489997863769531","1.0489997863769531","1.0489997863769531","0.8695000410079956","0.8695000410079956","0.8695000410079956","1.5113301277160645","1.5113301277160645","1.5113301277160645","1.2098714113235474","1.2098714113235474","1.2098714113235474","1.5657625198364258","1.5657625198364258","1.5657625198364258","NaN","","","2.3020033836364746","2.3020033836364746","2.3020033836364746","2.0609817504882812","2.0609817504882812","2.0609817504882812","1.4051703214645386","1.4051703214645386","1.4051703214645386","1.3427798748016357","1.3427798748016357","1.3427798748016357","0.9379192590713501","0.9379192590713501","0.9379192590713501","1.0285683870315552","1.0285683870315552","1.0285683870315552","1.115525722503662","1.115525722503662","1.115525722503662","1.203453779220581","1.203453779220581","1.203453779220581","1.3455820083618164","1.3455820083618164","1.3455820083618164","1.5252758264541626","1.5252758264541626","1.5252758264541626","2.3025851249694824","2.3025851249694824","2.3025851249694824","2.3025851249694824","2.3025851249694824","2.3025851249694824","2.3490493297576904","2.3490493297576904","2.3490493297576904","1.5064690113067627","1.5064690113067627","1.5064690113067627","1.4886616468429565","1.4886616468429565","1.4886616468429565","1.3304122686386108","1.3304122686386108","1.3304122686386108","1.1829853057861328","1.1829853057861328","1.1829853057861328","1.274152159690857","1.274152159690857","1.274152159690857","1.4595742225646973","1.4595742225646973","1.4595742225646973","1.4847034215927124","1.4847034215927124","1.4847034215927124","1.6784815788269043","1.6784815788269043","1.6784815788269043","2.3025851249694824","2.3025851249694824","2.3025851249694824","2.3025851249694824","2.3025851249694824","2.3025851249694824","2.118830680847168","2.118830680847168","2.118830680847168","2.1509361267089844","2.1509361267089844","2.1509361267089844","1.313737154006958","1.313737154006958","1.313737154006958","1.2756848335266113","1.2756848335266113","1.2756848335266113","1.2915514707565308","1.2915514707565308","1.2915514707565308","1.325880765914917","1.325880765914917","1.325880765914917","1.6453821659088135","1.6453821659088135","1.6453821659088135","1.5215942859649658","1.5215942859649658","1.5215942859649658","1.8093326091766357","1.8093326091766357","1.8093326091766357"
"20","NaN","","","2.1814045906066895","2.1814045906066895","2.1814045906066895","1.9109723567962646","1.9109723567962646","1.9109723567962646","1.5668482780456543","1.5668482780456543","1.5668482780456543","1.2657898664474487","1.2657898664474487","1.2657898664474487","1.2822089195251465","1.2822089195251465","1.2822089195251465","1.1421074867248535","1.1421074867248535","1.1421074867248535","1.2117035388946533","1.2117035388946533","1.2117035388946533","1.3130875825881958","1.3130875825881958","1.3130875825881958","1.4933834075927734","1.4933834075927734","1.4933834075927734","1.6437077522277832","1.6437077522277832","1.6437077522277832","NaN","","","2.331592082977295","2.331592082977295","2.331592082977295","1.9774200916290283","1.9774200916290283","1.9774200916290283","1.6083554029464722","1.6083554029464722","1.6083554029464722","1.0179327726364136","1.0179327726364136","1.0179327726364136","1.109392762184143","1.109392762184143","1.109392762184143","1.008932113647461","1.008932113647461","1.008932113647461","1.2234647274017334","1.2234647274017334","1.2234647274017334","1.3014320135116577","1.3014320135116577","1.3014320135116577","1.329612374305725","1.329612374305725","1.329612374305725","1.6235945224761963","1.6235945224761963","1.6235945224761963","2.3025851249694824","2.3025851249694824","2.3025851249694824","2.3025851249694824","2.3025851249694824","2.3025851249694824","2.2611072063446045","2.2611072063446045","2.2611072063446045","1.6694966554641724","1.6694966554641724","1.6694966554641724","1.308105707168579","1.308105707168579","1.308105707168579","1.0399898290634155","1.0399898290634155","1.0399898290634155","1.4528244733810425","1.4528244733810425","1.4528244733810425","1.359330415725708","1.359330415725708","1.359330415725708","1.563852071762085","1.563852071762085","1.563852071762085","1.413722276687622","1.413722276687622","1.413722276687622","1.5531069040298462","1.5531069040298462","1.5531069040298462","2.3025851249694824","2.3025851249694824","2.3025851249694824","2.302621364593506","2.302621364593506","2.302621364593506","2.0782597064971924","2.0782597064971924","2.0782597064971924","1.347697377204895","1.347697377204895","1.347697377204895","1.1988884210586548","1.1988884210586548","1.1988884210586548","1.5538249015808105","1.5538249015808105","1.5538249015808105","1.0190987586975098","1.0190987586975098","1.0190987586975098","1.7032132148742676","1.7032132148742676","1.7032132148742676","1.6689038276672363","1.6689038276672363","1.6689038276672363","1.4257302284240723","1.4257302284240723","1.4257302284240723","1.4791245460510254","1.4791245460510254","1.4791245460510254"
"21","NaN","","","2.4645419120788574","2.4645419120788574","2.4645419120788574","2.1657304763793945","2.1657304763793945","2.1657304763793945","1.6899573802947998","1.6899573802947998","1.6899573802947998","1.2727277278900146","1.2727277278900146","1.2727277278900146","0.9189479351043701","0.9189479351043701","0.9189479351043701","0.9917448163032532","0.9917448163032532","0.9917448163032532","1.2202613353729248","1.2202613353729248","1.2202613353729248","1.1888163089752197","1.1888163089752197","1.1888163089752197","1.204345941543579","1.204345941543579","1.204345941543579","1.4620583057403564","1.4620583057403564","1.4620583057403564","NaN","","","2.301182746887207","2.301182746887207","2.301182746887207","2.1182713508605957","2.1182713508605957","2.1182713508605957","1.6499464511871338","1.6499464511871338","1.6499464511871338","1.3105542659759521","1.3105542659759521","1.3105542659759521","1.1510437726974487","1.1510437726974487","1.1510437726974487","0.9940881729125977","0.9940881729125977","0.9940881729125977","1.0961922407150269","1.0961922407150269","1.0961922407150269","1.5039937496185303","1.5039937496185303","1.5039937496185303","1.338271141052246","1.338271141052246","1.338271141052246","1.5626064538955688","1.5626064538955688","1.5626064538955688","2.3025851249694824","2.3025851249694824","2.3025851249694824","2.3025851249694824","2.3025851249694824","2.3025851249694824","2.077357530593872","2.077357530593872","2.077357530593872","1.4047050476074219","1.4047050476074219","1.4047050476074219","1.3409762382507324","1.3409762382507324","1.3409762382507324","1.1915552616119385","1.1915552616119385","1.1915552616119385","1.170884370803833","1.170884370803833","1.170884370803833","1.2099974155426025","1.2099974155426025","1.2099974155426025","1.1666566133499146","1.1666566133499146","1.1666566133499146","1.7580506801605225","1.7580506801605225","1.7580506801605225","1.8084330558776855","1.8084330558776855","1.8084330558776855","2.3025851249694824","2.3025851249694824","2.3025851249694824","2.3025851249694824","2.3025851249694824","2.3025851249694824","2.006272554397583","2.006272554397583","2.006272554397583","1.894416093826294","1.894416093826294","1.894416093826294","1.458186149597168","1.458186149597168","1.458186149597168","1.1911768913269043","1.1911768913269043","1.1911768913269043","1.4267046451568604","1.4267046451568604","1.4267046451568604","1.0207571983337402","1.0207571983337402","1.0207571983337402","1.3879799842834473","1.3879799842834473","1.3879799842834473","1.5001589059829712","1.5001589059829712","1.5001589059829712","1.6397221088409424","1.6397221088409424","1.6397221088409424"
"22","NaN","","","2.434252977371216","2.434252977371216","2.434252977371216","2.2104320526123047","2.2104320526123047","2.2104320526123047","1.789390206336975","1.789390206336975","1.789390206336975","1.0931419134140015","1.0931419134140015","1.0931419134140015","1.184657096862793","1.184657096862793","1.184657096862793","1.012085199356079","1.012085199356079","1.012085199356079","1.1839003562927246","1.1839003562927246","1.1839003562927246","1.5083508491516113","1.5083508491516113","1.5083508491516113","1.3589719533920288","1.3589719533920288","1.3589719533920288","1.4514862298965454","1.4514862298965454","1.4514862298965454","NaN","","","2.3509604930877686","2.3509604930877686","2.3509604930877686","2.1570706367492676","2.1570706367492676","2.1570706367492676","1.5441534519195557","1.5441534519195557","1.5441534519195557","1.2146048545837402","1.2146048545837402","1.2146048545837402","1.1936352252960205","1.1936352252960205","1.1936352252960205","1.1857802867889404","1.1857802867889404","1.1857802867889404","1.0490572452545166","1.0490572452545166","1.0490572452545166","1.2854670286178589","1.2854670286178589","1.2854670286178589","1.41032075881958","1.41032075881958","1.41032075881958","1.7293546199798584","1.7293546199798584","1.7293546199798584","2.3025851249694824","2.3025851249694824","2.3025851249694824","2.3025851249694824","2.3025851249694824","2.3025851249694824","2.0843558311462402","2.0843558311462402","2.0843558311462402","1.8575201034545898","1.8575201034545898","1.8575201034545898","1.3178973197937012","1.3178973197937012","1.3178973197937012","1.2683602571487427","1.2683602571487427","1.2683602571487427","1.0918102264404297","1.0918102264404297","1.0918102264404297","1.354842185974121","1.354842185974121","1.354842185974121","1.4528546333312988","1.4528546333312988","1.4528546333312988","1.450925588607788","1.450925588607788","1.450925588607788","1.6848797798156738","1.6848797798156738","1.6848797798156738","2.3025851249694824","2.3025851249694824","2.3025851249694824","2.3025851249694824","2.3025851249694824","2.3025851249694824","2.0008771419525146","2.0008771419525146","2.0008771419525146","1.7461402416229248","1.7461402416229248","1.7461402416229248","1.3602068424224854","1.3602068424224854","1.3602068424224854","1.1110613346099854","1.1110613346099854","1.1110613346099854","1.342383861541748","1.342383861541748","1.342383861541748","1.273862600326538","1.273862600326538","1.273862600326538","1.5496830940246582","1.5496830940246582","1.5496830940246582","1.460482120513916","1.460482120513916","1.460482120513916","1.3308340311050415","1.3308340311050415","1.3308340311050415"
"23","NaN","","","2.287604808807373","2.287604808807373","2.287604808807373","2.3106939792633057","2.3106939792633057","2.3106939792633057","1.4864575862884521","1.4864575862884521","1.4864575862884521","1.0324747562408447","1.0324747562408447","1.0324747562408447","1.1894330978393555","1.1894330978393555","1.1894330978393555","0.994827389717102","0.994827389717102","0.994827389717102","1.2106398344039917","1.2106398344039917","1.2106398344039917","1.2297661304473877","1.2297661304473877","1.2297661304473877","1.2125524282455444","1.2125524282455444","1.2125524282455444","1.5271611213684082","1.5271611213684082","1.5271611213684082","NaN","","","3.4982118606567383","3.4982118606567383","3.4982118606567383","2.0481014251708984","2.0481014251708984","2.0481014251708984","1.7276678085327148","1.7276678085327148","1.7276678085327148","1.3352644443511963","1.3352644443511963","1.3352644443511963","0.8750293254852295","0.8750293254852295","0.8750293254852295","1.0991488695144653","1.0991488695144653","1.0991488695144653","0.9822840690612793","0.9822840690612793","0.9822840690612793","1.277374267578125","1.277374267578125","1.277374267578125","1.6131356954574585","1.6131356954574585","1.6131356954574585","1.363741159439087","1.363741159439087","1.363741159439087","2.3025851249694824","2.3025851249694824","2.3025851249694824","2.3025851249694824","2.3025851249694824","2.3025851249694824","2.0109126567840576","2.0109126567840576","2.0109126567840576","1.8054051399230957","1.8054051399230957","1.8054051399230957","1.3198411464691162","1.3198411464691162","1.3198411464691162","1.478989839553833","1.478989839553833","1.478989839553833","1.1660220623016357","1.1660220623016357","1.1660220623016357","0.950279712677002","0.950279712677002","0.950279712677002","1.3758764266967773","1.3758764266967773","1.3758764266967773","1.4185762405395508","1.4185762405395508","1.4185762405395508","1.6839063167572021","1.6839063167572021","1.6839063167572021","2.3025851249694824","2.3025851249694824","2.3025851249694824","2.3025851249694824","2.3025851249694824","2.3025851249694824","2.0675089359283447","2.0675089359283447","2.0675089359283447","1.9831278324127197","1.9831278324127197","1.9831278324127197","1.4102123975753784","1.4102123975753784","1.4102123975753784","1.1250901222229004","1.1250901222229004","1.1250901222229004","1.3510138988494873","1.3510138988494873","1.3510138988494873","1.346663236618042","1.346663236618042","1.346663236618042","1.4803266525268555","1.4803266525268555","1.4803266525268555","1.4545655250549316","1.4545655250549316","1.4545655250549316","1.720039963722229","1.720039963722229","1.720039963722229"
"24","NaN","","","2.2835304737091064","2.2835304737091064","2.2835304737091064","1.9739872217178345","1.9739872217178345","1.9739872217178345","1.4623750448226929","1.4623750448226929","1.4623750448226929","1.308861494064331","1.308861494064331","1.308861494064331","1.034862995147705","1.034862995147705","1.034862995147705","1.0689268112182617","1.0689268112182617","1.0689268112182617","1.0394877195358276","1.0394877195358276","1.0394877195358276","1.2286858558654785","1.2286858558654785","1.2286858558654785","1.4118181467056274","1.4118181467056274","1.4118181467056274","1.515442132949829","1.515442132949829","1.515442132949829","NaN","","","2.301003932952881","2.301003932952881","2.301003932952881","2.6893935203552246","2.6893935203552246","2.6893935203552246","1.6840686798095703","1.6840686798095703","1.6840686798095703","1.0847995281219482","1.0847995281219482","1.0847995281219482","0.8616480827331543","0.8616480827331543","0.8616480827331543","1.005974292755127","1.005974292755127","1.005974292755127","0.9475060701370239","0.9475060701370239","0.9475060701370239","1.4756003618240356","1.4756003618240356","1.4756003618240356","1.5670671463012695","1.5670671463012695","1.5670671463012695","1.389134168624878","1.389134168624878","1.389134168624878","2.3025851249694824","2.3025851249694824","2.3025851249694824","2.3025851249694824","2.3025851249694824","2.3025851249694824","2.11385178565979","2.11385178565979","2.11385178565979","1.7906574010849","1.7906574010849","1.7906574010849","1.3761844635009766","1.3761844635009766","1.3761844635009766","1.0131208896636963","1.0131208896636963","1.0131208896636963","1.4661673307418823","1.4661673307418823","1.4661673307418823","1.300907850265503","1.300907850265503","1.300907850265503","1.4340782165527344","1.4340782165527344","1.4340782165527344","1.4623570442199707","1.4623570442199707","1.4623570442199707","1.470758318901062","1.470758318901062","1.470758318901062","2.3025851249694824","2.3025851249694824","2.3025851249694824","2.3025851249694824","2.3025851249694824","2.3025851249694824","2.2491230964660645","2.2491230964660645","2.2491230964660645","1.6809637546539307","1.6809637546539307","1.6809637546539307","1.3523379564285278","1.3523379564285278","1.3523379564285278","1.1876239776611328","1.1876239776611328","1.1876239776611328","1.3309571743011475","1.3309571743011475","1.3309571743011475","1.1152634620666504","1.1152634620666504","1.1152634620666504","1.1019947528839111","1.1019947528839111","1.1019947528839111","1.6853101253509521","1.6853101253509521","1.6853101253509521","1.5944740772247314","1.5944740772247314","1.5944740772247314"
"25","NaN","","","2.2222325801849365","2.2222325801849365","2.2222325801849365","2.0109543800354004","2.0109543800354004","2.0109543800354004","1.6958391666412354","1.6958391666412354","1.6958391666412354","0.9962183237075806","0.9962183237075806","0.9962183237075806","1.1700348854064941","1.1700348854064941","1.1700348854064941","1.1738064289093018","1.1738064289093018","1.1738064289093018","1.0467510223388672","1.0467510223388672","1.0467510223388672","1.1455153226852417","1.1455153226852417","1.1455153226852417","1.3247942924499512","1.3247942924499512","1.3247942924499512","1.5198147296905518","1.5198147296905518","1.5198147296905518","NaN","","","2.3047032356262207","2.3047032356262207","2.3047032356262207","2.2203445434570312","2.2203445434570312","2.2203445434570312","1.430281400680542","1.430281400680542","1.430281400680542","1.032935619354248","1.032935619354248","1.032935619354248","0.9356507062911987","0.9356507062911987","0.9356507062911987","1.0810357332229614","1.0810357332229614","1.0810357332229614","1.0865861177444458","1.0865861177444458","1.0865861177444458","1.299906611442566","1.299906611442566","1.299906611442566","1.4113736152648926","1.4113736152648926","1.4113736152648926","1.491861343383789","1.491861343383789","1.491861343383789","2.3025851249694824","2.3025851249694824","2.3025851249694824","2.3025851249694824","2.3025851249694824","2.3025851249694824","2.247676134109497","2.247676134109497","2.247676134109497","1.7740514278411865","1.7740514278411865","1.7740514278411865","1.2694190740585327","1.2694190740585327","1.2694190740585327","1.2111663818359375","1.2111663818359375","1.2111663818359375","1.205958604812622","1.205958604812622","1.205958604812622","1.2442524433135986","1.2442524433135986","1.2442524433135986","1.3716015815734863","1.3716015815734863","1.3716015815734863","1.250990629196167","1.250990629196167","1.250990629196167","1.5357215404510498","1.5357215404510498","1.5357215404510498","2.3025851249694824","2.3025851249694824","2.3025851249694824","2.3025851249694824","2.3025851249694824","2.3025851249694824","2.2304224967956543","2.2304224967956543","2.2304224967956543","1.998246192932129","1.998246192932129","1.998246192932129","1.2614531517028809","1.2614531517028809","1.2614531517028809","1.1272739171981812","1.1272739171981812","1.1272739171981812","1.1881072521209717","1.1881072521209717","1.1881072521209717","1.2122187614440918","1.2122187614440918","1.2122187614440918","1.3695777654647827","1.3695777654647827","1.3695777654647827","1.2941216230392456","1.2941216230392456","1.2941216230392456","1.5241072177886963","1.5241072177886963","1.5241072177886963"
"26","NaN","","","2.510354518890381","2.510354518890381","2.510354518890381","1.7939870357513428","1.7939870357513428","1.7939870357513428","1.3570303916931152","1.3570303916931152","1.3570303916931152","1.0377105474472046","1.0377105474472046","1.0377105474472046","0.7133076190948486","0.7133076190948486","0.7133076190948486","0.895429253578186","0.895429253578186","0.895429253578186","0.9067028760910034","0.9067028760910034","0.9067028760910034","1.3990787267684937","1.3990787267684937","1.3990787267684937","1.2471749782562256","1.2471749782562256","1.2471749782562256","1.3973053693771362","1.3973053693771362","1.3973053693771362","NaN","","","2.3023669719696045","2.3023669719696045","2.3023669719696045","1.922479510307312","1.922479510307312","1.922479510307312","1.4891870021820068","1.4891870021820068","1.4891870021820068","1.3028624057769775","1.3028624057769775","1.3028624057769775","1.007805585861206","1.007805585861206","1.007805585861206","0.8802807331085205","0.8802807331085205","0.8802807331085205","1.0829859972000122","1.0829859972000122","1.0829859972000122","1.2794899940490723","1.2794899940490723","1.2794899940490723","1.3512396812438965","1.3512396812438965","1.3512396812438965","1.6878101825714111","1.6878101825714111","1.6878101825714111","2.3025851249694824","2.3025851249694824","2.3025851249694824","2.3025851249694824","2.3025851249694824","2.3025851249694824","2.2094764709472656","2.2094764709472656","2.2094764709472656","1.6872825622558594","1.6872825622558594","1.6872825622558594","1.346001148223877","1.346001148223877","1.346001148223877","1.1158720254898071","1.1158720254898071","1.1158720254898071","0.9244933128356934","0.9244933128356934","0.9244933128356934","1.3013566732406616","1.3013566732406616","1.3013566732406616","1.395410180091858","1.395410180091858","1.395410180091858","1.4734530448913574","1.4734530448913574","1.4734530448913574","1.6385200023651123","1.6385200023651123","1.6385200023651123","2.3025851249694824","2.3025851249694824","2.3025851249694824","2.3059439659118652","2.3059439659118652","2.3059439659118652","2.145263195037842","2.145263195037842","2.145263195037842","1.5983428955078125","1.5983428955078125","1.5983428955078125","1.0791586637496948","1.0791586637496948","1.0791586637496948","1.0537481307983398","1.0537481307983398","1.0537481307983398","1.1278059482574463","1.1278059482574463","1.1278059482574463","1.331629991531372","1.331629991531372","1.331629991531372","1.346681833267212","1.346681833267212","1.346681833267212","1.4339874982833862","1.4339874982833862","1.4339874982833862","1.5075945854187012","1.5075945854187012","1.5075945854187012"
"27","NaN","","","2.3664631843566895","2.3664631843566895","2.3664631843566895","2.1063146591186523","2.1063146591186523","2.1063146591186523","1.6866183280944824","1.6866183280944824","1.6866183280944824","1.1256699562072754","1.1256699562072754","1.1256699562072754","0.6816595196723938","0.6816595196723938","0.6816595196723938","0.8776706457138062","0.8776706457138062","0.8776706457138062","1.1959041357040405","1.1959041357040405","1.1959041357040405","1.1737055778503418","1.1737055778503418","1.1737055778503418","1.3482706546783447","1.3482706546783447","1.3482706546783447","1.415183663368225","1.415183663368225","1.415183663368225","NaN","","","2.302281618118286","2.302281618118286","2.302281618118286","2.023918867111206","2.023918867111206","2.023918867111206","1.7418599128723145","1.7418599128723145","1.7418599128723145","1.2323343753814697","1.2323343753814697","1.2323343753814697","1.0578644275665283","1.0578644275665283","1.0578644275665283","0.9866734743118286","0.9866734743118286","0.9866734743118286","0.9959951639175415","0.9959951639175415","0.9959951639175415","1.3311524391174316","1.3311524391174316","1.3311524391174316","1.3990466594696045","1.3990466594696045","1.3990466594696045","1.4845852851867676","1.4845852851867676","1.4845852851867676","2.3025851249694824","2.3025851249694824","2.3025851249694824","2.3025851249694824","2.3025851249694824","2.3025851249694824","2.1342804431915283","2.1342804431915283","2.1342804431915283","1.80927574634552","1.80927574634552","1.80927574634552","1.1290600299835205","1.1290600299835205","1.1290600299835205","1.2633650302886963","1.2633650302886963","1.2633650302886963","1.119685173034668","1.119685173034668","1.119685173034668","0.946428656578064","0.946428656578064","0.946428656578064","1.3007848262786865","1.3007848262786865","1.3007848262786865","1.4695595502853394","1.4695595502853394","1.4695595502853394","1.7483184337615967","1.7483184337615967","1.7483184337615967","2.3025851249694824","2.3025851249694824","2.3025851249694824","2.3025851249694824","2.3025851249694824","2.3025851249694824","2.160834789276123","2.160834789276123","2.160834789276123","1.7110368013381958","1.7110368013381958","1.7110368013381958","1.4686098098754883","1.4686098098754883","1.4686098098754883","1.4084142446517944","1.4084142446517944","1.4084142446517944","1.1315875053405762","1.1315875053405762","1.1315875053405762","1.2648731470108032","1.2648731470108032","1.2648731470108032","1.0965769290924072","1.0965769290924072","1.0965769290924072","1.5679506063461304","1.5679506063461304","1.5679506063461304","1.4457886219024658","1.4457886219024658","1.4457886219024658"
"28","NaN","","","2.189439535140991","2.189439535140991","2.189439535140991","2.153165817260742","2.153165817260742","2.153165817260742","1.2563724517822266","1.2563724517822266","1.2563724517822266","1.1071377992630005","1.1071377992630005","1.1071377992630005","0.9209750294685364","0.9209750294685364","0.9209750294685364","0.930996835231781","0.930996835231781","0.930996835231781","1.1890214681625366","1.1890214681625366","1.1890214681625366","1.0679402351379395","1.0679402351379395","1.0679402351379395","1.5228266716003418","1.5228266716003418","1.5228266716003418","1.4644842147827148","1.4644842147827148","1.4644842147827148","NaN","","","2.3025851249694824","2.3025851249694824","2.3025851249694824","2.335937738418579","2.335937738418579","2.335937738418579","1.7976748943328857","1.7976748943328857","1.7976748943328857","1.1315947771072388","1.1315947771072388","1.1315947771072388","1.057086706161499","1.057086706161499","1.057086706161499","0.904975175857544","0.904975175857544","0.904975175857544","0.9424483776092529","0.9424483776092529","0.9424483776092529","1.0384280681610107","1.0384280681610107","1.0384280681610107","1.4395160675048828","1.4395160675048828","1.4395160675048828","1.377396583557129","1.377396583557129","1.377396583557129","2.3025851249694824","2.3025851249694824","2.3025851249694824","2.3025851249694824","2.3025851249694824","2.3025851249694824","1.9853630065917969","1.9853630065917969","1.9853630065917969","1.624108076095581","1.624108076095581","1.624108076095581","1.3262310028076172","1.3262310028076172","1.3262310028076172","1.0559672117233276","1.0559672117233276","1.0559672117233276","0.8811625242233276","0.8811625242233276","0.8811625242233276","1.2307785749435425","1.2307785749435425","1.2307785749435425","1.4809203147888184","1.4809203147888184","1.4809203147888184","1.3017221689224243","1.3017221689224243","1.3017221689224243","1.7887144088745117","1.7887144088745117","1.7887144088745117","2.3025851249694824","2.3025851249694824","2.3025851249694824","2.3025851249694824","2.3025851249694824","2.3025851249694824","2.0149993896484375","2.0149993896484375","2.0149993896484375","1.5703881978988647","1.5703881978988647","1.5703881978988647","1.4140970706939697","1.4140970706939697","1.4140970706939697","1.1532188653945923","1.1532188653945923","1.1532188653945923","1.2231738567352295","1.2231738567352295","1.2231738567352295","1.3537616729736328","1.3537616729736328","1.3537616729736328","1.2422114610671997","1.2422114610671997","1.2422114610671997","1.5741941928863525","1.5741941928863525","1.5741941928863525","1.3640984296798706","1.3640984296798706","1.3640984296798706"
"29","NaN","","","2.2466351985931396","2.2466351985931396","2.2466351985931396","1.7553794384002686","1.7553794384002686","1.7553794384002686","1.6466867923736572","1.6466867923736572","1.6466867923736572","1.129453182220459","1.129453182220459","1.129453182220459","1.0599110126495361","1.0599110126495361","1.0599110126495361","0.7673041820526123","0.7673041820526123","0.7673041820526123","0.950522243976593","0.950522243976593","0.950522243976593","1.133772850036621","1.133772850036621","1.133772850036621","1.4085133075714111","1.4085133075714111","1.4085133075714111","1.5240585803985596","1.5240585803985596","1.5240585803985596","NaN","","","2.3025851249694824","2.3025851249694824","2.3025851249694824","2.044552803039551","2.044552803039551","2.044552803039551","1.5469231605529785","1.5469231605529785","1.5469231605529785","1.265035629272461","1.265035629272461","1.265035629272461","0.9124643802642822","0.9124643802642822","0.9124643802642822","0.9175223112106323","0.9175223112106323","0.9175223112106323","1.149794578552246","1.149794578552246","1.149794578552246","1.326418399810791","1.326418399810791","1.326418399810791","1.4284913539886475","1.4284913539886475","1.4284913539886475","1.5036678314208984","1.5036678314208984","1.5036678314208984","2.3025851249694824","2.3025851249694824","2.3025851249694824","2.3025851249694824","2.3025851249694824","2.3025851249694824","2.058603048324585","2.058603048324585","2.058603048324585","1.7271649837493896","1.7271649837493896","1.7271649837493896","1.1208385229110718","1.1208385229110718","1.1208385229110718","1.3805210590362549","1.3805210590362549","1.3805210590362549","1.2610464096069336","1.2610464096069336","1.2610464096069336","1.0651664733886719","1.0651664733886719","1.0651664733886719","1.1707814931869507","1.1707814931869507","1.1707814931869507","1.2840385437011719","1.2840385437011719","1.2840385437011719","1.4883891344070435","1.4883891344070435","1.4883891344070435","2.3025851249694824","2.3025851249694824","2.3025851249694824","2.3025851249694824","2.3025851249694824","2.3025851249694824","2.0742387771606445","2.0742387771606445","2.0742387771606445","1.7443832159042358","1.7443832159042358","1.7443832159042358","1.278613567352295","1.278613567352295","1.278613567352295","1.1123223304748535","1.1123223304748535","1.1123223304748535","0.9657711386680603","0.9657711386680603","0.9657711386680603","1.3479353189468384","1.3479353189468384","1.3479353189468384","1.6025631427764893","1.6025631427764893","1.6025631427764893","1.6600522994995117","1.6600522994995117","1.6600522994995117","1.5290378332138062","1.5290378332138062","1.5290378332138062"
"30","NaN","","","2.3331894874572754","2.3331894874572754","2.3331894874572754","2.0525336265563965","2.0525336265563965","2.0525336265563965","1.381441593170166","1.381441593170166","1.381441593170166","1.0850111246109009","1.0850111246109009","1.0850111246109009","0.6923699975013733","0.6923699975013733","0.6923699975013733","0.8389601707458496","0.8389601707458496","0.8389601707458496","0.8973811864852905","0.8973811864852905","0.8973811864852905","1.0990519523620605","1.0990519523620605","1.0990519523620605","1.3774080276489258","1.3774080276489258","1.3774080276489258","1.394654631614685","1.394654631614685","1.394654631614685","NaN","","","2.3025851249694824","2.3025851249694824","2.3025851249694824","2.006338596343994","2.006338596343994","2.006338596343994","1.441044569015503","1.441044569015503","1.441044569015503","1.1657116413116455","1.1657116413116455","1.1657116413116455","0.9030507802963257","0.9030507802963257","0.9030507802963257","1.091098666191101","1.091098666191101","1.091098666191101","1.0292623043060303","1.0292623043060303","1.0292623043060303","0.9756515026092529","0.9756515026092529","0.9756515026092529","1.3900210857391357","1.3900210857391357","1.3900210857391357","1.374558925628662","1.374558925628662","1.374558925628662","2.3025851249694824","2.3025851249694824","2.3025851249694824","2.3025851249694824","2.3025851249694824","2.3025851249694824","2.088596820831299","2.088596820831299","2.088596820831299","1.686332106590271","1.686332106590271","1.686332106590271","1.2262353897094727","1.2262353897094727","1.2262353897094727","0.7741451859474182","0.7741451859474182","0.7741451859474182","1.0461757183074951","1.0461757183074951","1.0461757183074951","1.1823110580444336","1.1823110580444336","1.1823110580444336","1.183235764503479","1.183235764503479","1.183235764503479","1.4893018007278442","1.4893018007278442","1.4893018007278442","1.4433804750442505","1.4433804750442505","1.4433804750442505","2.3025851249694824","2.3025851249694824","2.3025851249694824","2.3025851249694824","2.3025851249694824","2.3025851249694824","1.9407150745391846","1.9407150745391846","1.9407150745391846","2.0596766471862793","2.0596766471862793","2.0596766471862793","1.206526756286621","1.206526756286621","1.206526756286621","1.0017147064208984","1.0017147064208984","1.0017147064208984","1.1905726194381714","1.1905726194381714","1.1905726194381714","1.071425437927246","1.071425437927246","1.071425437927246","1.301971197128296","1.301971197128296","1.301971197128296","1.4049592018127441","1.4049592018127441","1.4049592018127441","1.6612741947174072","1.6612741947174072","1.6612741947174072"
"31","NaN","","","2.3863816261291504","2.3863816261291504","2.3863816261291504","1.835225224494934","1.835225224494934","1.835225224494934","1.8767426013946533","1.8767426013946533","1.8767426013946533","1.0981078147888184","1.0981078147888184","1.0981078147888184","0.607467532157898","0.607467532157898","0.607467532157898","0.7062259912490845","0.7062259912490845","0.7062259912490845","0.9365350008010864","0.9365350008010864","0.9365350008010864","0.9295614957809448","0.9295614957809448","0.9295614957809448","1.5228289365768433","1.5228289365768433","1.5228289365768433","1.573447346687317","1.573447346687317","1.573447346687317","NaN","","","2.3025851249694824","2.3025851249694824","2.3025851249694824","2.0972957611083984","2.0972957611083984","2.0972957611083984","1.5285184383392334","1.5285184383392334","1.5285184383392334","0.8812050819396973","0.8812050819396973","0.8812050819396973","1.0476038455963135","1.0476038455963135","1.0476038455963135","0.7323468923568726","0.7323468923568726","0.7323468923568726","1.2249590158462524","1.2249590158462524","1.2249590158462524","1.2077791690826416","1.2077791690826416","1.2077791690826416","1.2524964809417725","1.2524964809417725","1.2524964809417725","1.6131460666656494","1.6131460666656494","1.6131460666656494","2.3025851249694824","2.3025851249694824","2.3025851249694824","2.3025851249694824","2.3025851249694824","2.3025851249694824","2.05354642868042","2.05354642868042","2.05354642868042","1.3555546998977661","1.3555546998977661","1.3555546998977661","1.1530160903930664","1.1530160903930664","1.1530160903930664","1.171330451965332","1.171330451965332","1.171330451965332","0.9431114196777344","0.9431114196777344","0.9431114196777344","1.318833351135254","1.318833351135254","1.318833351135254","1.5209143161773682","1.5209143161773682","1.5209143161773682","1.3901746273040771","1.3901746273040771","1.3901746273040771","1.6846468448638916","1.6846468448638916","1.6846468448638916","2.3025851249694824","2.3025851249694824","2.3025851249694824","2.3025851249694824","2.3025851249694824","2.3025851249694824","2.266333818435669","2.266333818435669","2.266333818435669","1.3950669765472412","1.3950669765472412","1.3950669765472412","1.3671233654022217","1.3671233654022217","1.3671233654022217","1.1600857973098755","1.1600857973098755","1.1600857973098755","1.1579017639160156","1.1579017639160156","1.1579017639160156","1.1739757061004639","1.1739757061004639","1.1739757061004639","1.2667896747589111","1.2667896747589111","1.2667896747589111","1.6476943492889404","1.6476943492889404","1.6476943492889404","1.6743853092193604","1.6743853092193604","1.6743853092193604"
"32","NaN","","","2.2703781127929688","2.2703781127929688","2.2703781127929688","2.071678638458252","2.071678638458252","2.071678638458252","1.5264484882354736","1.5264484882354736","1.5264484882354736","1.412820816040039","1.412820816040039","1.412820816040039","0.49269533157348633","0.49269533157348633","0.49269533157348633","0.7083796858787537","0.7083796858787537","0.7083796858787537","0.9244582056999207","0.9244582056999207","0.9244582056999207","1.2415480613708496","1.2415480613708496","1.2415480613708496","1.4130003452301025","1.4130003452301025","1.4130003452301025","1.4648959636688232","1.4648959636688232","1.4648959636688232","NaN","","","2.3025851249694824","2.3025851249694824","2.3025851249694824","2.3942623138427734","2.3942623138427734","2.3942623138427734","1.7717617750167847","1.7717617750167847","1.7717617750167847","1.0320281982421875","1.0320281982421875","1.0320281982421875","0.7618894577026367","0.7618894577026367","0.7618894577026367","0.8397436738014221","0.8397436738014221","0.8397436738014221","0.9303708076477051","0.9303708076477051","0.9303708076477051","1.1009116172790527","1.1009116172790527","1.1009116172790527","1.359447956085205","1.359447956085205","1.359447956085205","1.5850868225097656","1.5850868225097656","1.5850868225097656","2.3025851249694824","2.3025851249694824","2.3025851249694824","2.3025851249694824","2.3025851249694824","2.3025851249694824","2.100490093231201","2.100490093231201","2.100490093231201","1.7741191387176514","1.7741191387176514","1.7741191387176514","1.5833678245544434","1.5833678245544434","1.5833678245544434","1.1959693431854248","1.1959693431854248","1.1959693431854248","1.2052476406097412","1.2052476406097412","1.2052476406097412","1.2472119331359863","1.2472119331359863","1.2472119331359863","1.3780097961425781","1.3780097961425781","1.3780097961425781","1.412750244140625","1.412750244140625","1.412750244140625","1.6096861362457275","1.6096861362457275","1.6096861362457275","2.3025851249694824","2.3025851249694824","2.3025851249694824","2.3025851249694824","2.3025851249694824","2.3025851249694824","2.1123623847961426","2.1123623847961426","2.1123623847961426","1.461254358291626","1.461254358291626","1.461254358291626","1.3980674743652344","1.3980674743652344","1.3980674743652344","1.3000426292419434","1.3000426292419434","1.3000426292419434","1.0195224285125732","1.0195224285125732","1.0195224285125732","1.0945186614990234","1.0945186614990234","1.0945186614990234","1.516172170639038","1.516172170639038","1.516172170639038","1.5918841361999512","1.5918841361999512","1.5918841361999512","1.427743911743164","1.427743911743164","1.427743911743164"
"33","NaN","","","2.305635452270508","2.305635452270508","2.305635452270508","2.165719985961914","2.165719985961914","2.165719985961914","1.077171802520752","1.077171802520752","1.077171802520752","1.071678876876831","1.071678876876831","1.071678876876831","0.878075122833252","0.878075122833252","0.878075122833252","0.6781676411628723","0.6781676411628723","0.6781676411628723","0.864605724811554","0.864605724811554","0.864605724811554","1.1040149927139282","1.1040149927139282","1.1040149927139282","1.240295171737671","1.240295171737671","1.240295171737671","1.411177635192871","1.411177635192871","1.411177635192871","NaN","","","2.3025851249694824","2.3025851249694824","2.3025851249694824","2.125171661376953","2.125171661376953","2.125171661376953","1.6175405979156494","1.6175405979156494","1.6175405979156494","1.2580666542053223","1.2580666542053223","1.2580666542053223","0.9674252867698669","0.9674252867698669","0.9674252867698669","0.8057820200920105","0.8057820200920105","0.8057820200920105","1.0281480550765991","1.0281480550765991","1.0281480550765991","1.2819924354553223","1.2819924354553223","1.2819924354553223","1.251421570777893","1.251421570777893","1.251421570777893","1.6428601741790771","1.6428601741790771","1.6428601741790771","2.3025851249694824","2.3025851249694824","2.3025851249694824","2.3025851249694824","2.3025851249694824","2.3025851249694824","2.230391263961792","2.230391263961792","2.230391263961792","2.0116119384765625","2.0116119384765625","2.0116119384765625","1.0644376277923584","1.0644376277923584","1.0644376277923584","0.9789240956306458","0.9789240956306458","0.9789240956306458","1.0167772769927979","1.0167772769927979","1.0167772769927979","1.1855623722076416","1.1855623722076416","1.1855623722076416","1.0746065378189087","1.0746065378189087","1.0746065378189087","1.5923558473587036","1.5923558473587036","1.5923558473587036","1.5474716424942017","1.5474716424942017","1.5474716424942017","2.3025851249694824","2.3025851249694824","2.3025851249694824","2.3025851249694824","2.3025851249694824","2.3025851249694824","2.0600926876068115","2.0600926876068115","2.0600926876068115","1.767676591873169","1.767676591873169","1.767676591873169","1.2756011486053467","1.2756011486053467","1.2756011486053467","1.252516746520996","1.252516746520996","1.252516746520996","1.1328656673431396","1.1328656673431396","1.1328656673431396","1.3024787902832031","1.3024787902832031","1.3024787902832031","1.3925726413726807","1.3925726413726807","1.3925726413726807","1.5515117645263672","1.5515117645263672","1.5515117645263672","1.704378366470337","1.704378366470337","1.704378366470337"
"34","NaN","","","2.5557117462158203","2.5557117462158203","2.5557117462158203","2.435472249984741","2.435472249984741","2.435472249984741","1.6420001983642578","1.6420001983642578","1.6420001983642578","1.0443698167800903","1.0443698167800903","1.0443698167800903","0.8352764248847961","0.8352764248847961","0.8352764248847961","0.7890545129776001","0.7890545129776001","0.7890545129776001","0.9753230214118958","0.9753230214118958","0.9753230214118958","1.2935423851013184","1.2935423851013184","1.2935423851013184","1.3525713682174683","1.3525713682174683","1.3525713682174683","1.4063446521759033","1.4063446521759033","1.4063446521759033","NaN","","","2.3025851249694824","2.3025851249694824","2.3025851249694824","2.0423059463500977","2.0423059463500977","2.0423059463500977","1.7142674922943115","1.7142674922943115","1.7142674922943115","1.2499009370803833","1.2499009370803833","1.2499009370803833","0.9378560781478882","0.9378560781478882","0.9378560781478882","1.1596019268035889","1.1596019268035889","1.1596019268035889","0.8886578679084778","0.8886578679084778","0.8886578679084778","1.15386962890625","1.15386962890625","1.15386962890625","1.2270334959030151","1.2270334959030151","1.2270334959030151","1.5199718475341797","1.5199718475341797","1.5199718475341797","2.3025851249694824","2.3025851249694824","2.3025851249694824","2.3025851249694824","2.3025851249694824","2.3025851249694824","2.173835515975952","2.173835515975952","2.173835515975952","1.8212716579437256","1.8212716579437256","1.8212716579437256","1.4688925743103027","1.4688925743103027","1.4688925743103027","1.1108773946762085","1.1108773946762085","1.1108773946762085","1.030179500579834","1.030179500579834","1.030179500579834","0.9886415004730225","0.9886415004730225","0.9886415004730225","1.2272778749465942","1.2272778749465942","1.2272778749465942","1.5613933801651","1.5613933801651","1.5613933801651","1.6289420127868652","1.6289420127868652","1.6289420127868652","2.3025851249694824","2.3025851249694824","2.3025851249694824","2.3025851249694824","2.3025851249694824","2.3025851249694824","2.028535842895508","2.028535842895508","2.028535842895508","1.8090115785598755","1.8090115785598755","1.8090115785598755","1.1807794570922852","1.1807794570922852","1.1807794570922852","1.162508249282837","1.162508249282837","1.162508249282837","1.0106288194656372","1.0106288194656372","1.0106288194656372","1.0492956638336182","1.0492956638336182","1.0492956638336182","1.0079450607299805","1.0079450607299805","1.0079450607299805","1.4362984895706177","1.4362984895706177","1.4362984895706177","1.673761248588562","1.673761248588562","1.673761248588562"
"35","NaN","","","2.7152750492095947","2.7152750492095947","2.7152750492095947","1.9731216430664062","1.9731216430664062","1.9731216430664062","1.4651813507080078","1.4651813507080078","1.4651813507080078","1.1180639266967773","1.1180639266967773","1.1180639266967773","0.7518105506896973","0.7518105506896973","0.7518105506896973","0.5696902275085449","0.5696902275085449","0.5696902275085449","0.8742546439170837","0.8742546439170837","0.8742546439170837","1.071506381034851","1.071506381034851","1.071506381034851","1.3525193929672241","1.3525193929672241","1.3525193929672241","1.5718867778778076","1.5718867778778076","1.5718867778778076","NaN","","","2.3025851249694824","2.3025851249694824","2.3025851249694824","2.211573362350464","2.211573362350464","2.211573362350464","1.3245890140533447","1.3245890140533447","1.3245890140533447","1.1780486106872559","1.1780486106872559","1.1780486106872559","1.036219596862793","1.036219596862793","1.036219596862793","0.7583897709846497","0.7583897709846497","0.7583897709846497","0.9693246483802795","0.9693246483802795","0.9693246483802795","1.1930155754089355","1.1930155754089355","1.1930155754089355","1.1324727535247803","1.1324727535247803","1.1324727535247803","1.3260321617126465","1.3260321617126465","1.3260321617126465","2.3025851249694824","2.3025851249694824","2.3025851249694824","2.3025851249694824","2.3025851249694824","2.3025851249694824","2.265758514404297","2.265758514404297","2.265758514404297","1.6880977153778076","1.6880977153778076","1.6880977153778076","1.3323512077331543","1.3323512077331543","1.3323512077331543","0.9822239279747009","0.9822239279747009","0.9822239279747009","1.053285837173462","1.053285837173462","1.053285837173462","1.029678463935852","1.029678463935852","1.029678463935852","1.1882307529449463","1.1882307529449463","1.1882307529449463","1.2395284175872803","1.2395284175872803","1.2395284175872803","1.2782349586486816","1.2782349586486816","1.2782349586486816","2.3025851249694824","2.3025851249694824","2.3025851249694824","2.3025851249694824","2.3025851249694824","2.3025851249694824","2.2305526733398438","2.2305526733398438","2.2305526733398438","1.4997004270553589","1.4997004270553589","1.4997004270553589","1.6135499477386475","1.6135499477386475","1.6135499477386475","1.1831642389297485","1.1831642389297485","1.1831642389297485","1.2599117755889893","1.2599117755889893","1.2599117755889893","1.1512843370437622","1.1512843370437622","1.1512843370437622","1.0304797887802124","1.0304797887802124","1.0304797887802124","1.439254641532898","1.439254641532898","1.439254641532898","1.5769025087356567","1.5769025087356567","1.5769025087356567"
"36","NaN","","","2.2916533946990967","2.2916533946990967","2.2916533946990967","2.3456320762634277","2.3456320762634277","2.3456320762634277","1.9435572624206543","1.9435572624206543","1.9435572624206543","1.1935341358184814","1.1935341358184814","1.1935341358184814","0.8389800190925598","0.8389800190925598","0.8389800190925598","0.8392528891563416","0.8392528891563416","0.8392528891563416","0.7095775604248047","0.7095775604248047","0.7095775604248047","1.0686959028244019","1.0686959028244019","1.0686959028244019","1.338315725326538","1.338315725326538","1.338315725326538","1.3707373142242432","1.3707373142242432","1.3707373142242432","NaN","","","2.3025851249694824","2.3025851249694824","2.3025851249694824","2.243962287902832","2.243962287902832","2.243962287902832","1.4676495790481567","1.4676495790481567","1.4676495790481567","1.1991732120513916","1.1991732120513916","1.1991732120513916","1.017830491065979","1.017830491065979","1.017830491065979","1.0559931993484497","1.0559931993484497","1.0559931993484497","0.8568010926246643","0.8568010926246643","0.8568010926246643","0.9890431761741638","0.9890431761741638","0.9890431761741638","1.3009090423583984","1.3009090423583984","1.3009090423583984","1.518052339553833","1.518052339553833","1.518052339553833","2.3025851249694824","2.3025851249694824","2.3025851249694824","2.3025851249694824","2.3025851249694824","2.3025851249694824","2.354401111602783","2.354401111602783","2.354401111602783","1.484607458114624","1.484607458114624","1.484607458114624","1.153683066368103","1.153683066368103","1.153683066368103","1.1620979309082031","1.1620979309082031","1.1620979309082031","1.022874116897583","1.022874116897583","1.022874116897583","1.1281780004501343","1.1281780004501343","1.1281780004501343","1.015209674835205","1.015209674835205","1.015209674835205","1.2638068199157715","1.2638068199157715","1.2638068199157715","1.349532127380371","1.349532127380371","1.349532127380371","2.3025851249694824","2.3025851249694824","2.3025851249694824","2.3025851249694824","2.3025851249694824","2.3025851249694824","1.9904613494873047","1.9904613494873047","1.9904613494873047","1.7248828411102295","1.7248828411102295","1.7248828411102295","1.2621285915374756","1.2621285915374756","1.2621285915374756","1.2015559673309326","1.2015559673309326","1.2015559673309326","1.1121423244476318","1.1121423244476318","1.1121423244476318","1.0756795406341553","1.0756795406341553","1.0756795406341553","1.2016562223434448","1.2016562223434448","1.2016562223434448","1.388155221939087","1.388155221939087","1.388155221939087","1.3237237930297852","1.3237237930297852","1.3237237930297852"
"37","NaN","","","2.2581698894500732","2.2581698894500732","2.2581698894500732","2.0828187465667725","2.0828187465667725","2.0828187465667725","1.4868199825286865","1.4868199825286865","1.4868199825286865","1.1773852109909058","1.1773852109909058","1.1773852109909058","0.8505322337150574","0.8505322337150574","0.8505322337150574","0.8120800256729126","0.8120800256729126","0.8120800256729126","0.8564029335975647","0.8564029335975647","0.8564029335975647","1.023916244506836","1.023916244506836","1.023916244506836","1.1750860214233398","1.1750860214233398","1.1750860214233398","1.3056411743164062","1.3056411743164062","1.3056411743164062","NaN","","","2.3025851249694824","2.3025851249694824","2.3025851249694824","2.057488441467285","2.057488441467285","2.057488441467285","1.405814528465271","1.405814528465271","1.405814528465271","1.0031793117523193","1.0031793117523193","1.0031793117523193","0.7810238599777222","0.7810238599777222","0.7810238599777222","0.7762727737426758","0.7762727737426758","0.7762727737426758","1.0553085803985596","1.0553085803985596","1.0553085803985596","1.1732733249664307","1.1732733249664307","1.1732733249664307","1.2803308963775635","1.2803308963775635","1.2803308963775635","1.709344744682312","1.709344744682312","1.709344744682312","2.3025851249694824","2.3025851249694824","2.3025851249694824","2.3025851249694824","2.3025851249694824","2.3025851249694824","2.0671627521514893","2.0671627521514893","2.0671627521514893","1.9858214855194092","1.9858214855194092","1.9858214855194092","1.1427972316741943","1.1427972316741943","1.1427972316741943","1.1120684146881104","1.1120684146881104","1.1120684146881104","1.1248773336410522","1.1248773336410522","1.1248773336410522","0.8531482219696045","0.8531482219696045","0.8531482219696045","1.2652968168258667","1.2652968168258667","1.2652968168258667","1.5815553665161133","1.5815553665161133","1.5815553665161133","1.6275606155395508","1.6275606155395508","1.6275606155395508","2.3025851249694824","2.3025851249694824","2.3025851249694824","2.3025851249694824","2.3025851249694824","2.3025851249694824","2.079591751098633","2.079591751098633","2.079591751098633","1.5063440799713135","1.5063440799713135","1.5063440799713135","1.1646841764450073","1.1646841764450073","1.1646841764450073","1.437329888343811","1.437329888343811","1.437329888343811","1.347459316253662","1.347459316253662","1.347459316253662","1.1737420558929443","1.1737420558929443","1.1737420558929443","1.2557754516601562","1.2557754516601562","1.2557754516601562","1.4184224605560303","1.4184224605560303","1.4184224605560303","1.4476348161697388","1.4476348161697388","1.4476348161697388"
"38","NaN","","","2.35675048828125","2.35675048828125","2.35675048828125","2.139209270477295","2.139209270477295","2.139209270477295","1.3378499746322632","1.3378499746322632","1.3378499746322632","1.2658963203430176","1.2658963203430176","1.2658963203430176","0.5989580750465393","0.5989580750465393","0.5989580750465393","0.7877411246299744","0.7877411246299744","0.7877411246299744","0.8561525344848633","0.8561525344848633","0.8561525344848633","0.9550262689590454","0.9550262689590454","0.9550262689590454","1.3183574676513672","1.3183574676513672","1.3183574676513672","1.4725327491760254","1.4725327491760254","1.4725327491760254","NaN","","","2.3025851249694824","2.3025851249694824","2.3025851249694824","1.9916985034942627","1.9916985034942627","1.9916985034942627","1.6214258670806885","1.6214258670806885","1.6214258670806885","1.0650486946105957","1.0650486946105957","1.0650486946105957","0.8001865744590759","0.8001865744590759","0.8001865744590759","0.6709331274032593","0.6709331274032593","0.6709331274032593","1.1202975511550903","1.1202975511550903","1.1202975511550903","1.0057419538497925","1.0057419538497925","1.0057419538497925","1.4604898691177368","1.4604898691177368","1.4604898691177368","1.3910470008850098","1.3910470008850098","1.3910470008850098","2.3025851249694824","2.3025851249694824","2.3025851249694824","2.3025851249694824","2.3025851249694824","2.3025851249694824","2.095442295074463","2.095442295074463","2.095442295074463","1.6802279949188232","1.6802279949188232","1.6802279949188232","1.1624140739440918","1.1624140739440918","1.1624140739440918","0.9994728565216064","0.9994728565216064","0.9994728565216064","1.1768852472305298","1.1768852472305298","1.1768852472305298","1.0856482982635498","1.0856482982635498","1.0856482982635498","1.1760069131851196","1.1760069131851196","1.1760069131851196","1.3484102487564087","1.3484102487564087","1.3484102487564087","1.5232365131378174","1.5232365131378174","1.5232365131378174","2.3025851249694824","2.3025851249694824","2.3025851249694824","2.3025851249694824","2.3025851249694824","2.3025851249694824","2.200082778930664","2.200082778930664","2.200082778930664","1.6735692024230957","1.6735692024230957","1.6735692024230957","1.1649850606918335","1.1649850606918335","1.1649850606918335","1.126511812210083","1.126511812210083","1.126511812210083","1.1423070430755615","1.1423070430755615","1.1423070430755615","1.2739319801330566","1.2739319801330566","1.2739319801330566","1.280702829360962","1.280702829360962","1.280702829360962","1.2320724725723267","1.2320724725723267","1.2320724725723267","1.3498355150222778","1.3498355150222778","1.3498355150222778"
"39","NaN","","","2.3098912239074707","2.3098912239074707","2.3098912239074707","2.0382163524627686","2.0382163524627686","2.0382163524627686","1.154431700706482","1.154431700706482","1.154431700706482","0.9028987884521484","0.9028987884521484","0.9028987884521484","0.803192675113678","0.803192675113678","0.803192675113678","0.7039223909378052","0.7039223909378052","0.7039223909378052","0.7815239429473877","0.7815239429473877","0.7815239429473877","1.0533239841461182","1.0533239841461182","1.0533239841461182","1.079200267791748","1.079200267791748","1.079200267791748","1.3686972856521606","1.3686972856521606","1.3686972856521606","NaN","","","2.3025851249694824","2.3025851249694824","2.3025851249694824","2.1209659576416016","2.1209659576416016","2.1209659576416016","1.6191179752349854","1.6191179752349854","1.6191179752349854","1.171095371246338","1.171095371246338","1.171095371246338","0.6224637031555176","0.6224637031555176","0.6224637031555176","0.9870696663856506","0.9870696663856506","0.9870696663856506","0.9742233753204346","0.9742233753204346","0.9742233753204346","1.1005580425262451","1.1005580425262451","1.1005580425262451","1.4284173250198364","1.4284173250198364","1.4284173250198364","1.397721767425537","1.397721767425537","1.397721767425537","2.3025851249694824","2.3025851249694824","2.3025851249694824","2.3025851249694824","2.3025851249694824","2.3025851249694824","2.2063865661621094","2.2063865661621094","2.2063865661621094","1.7215644121170044","1.7215644121170044","1.7215644121170044","1.0940947532653809","1.0940947532653809","1.0940947532653809","1.3228774070739746","1.3228774070739746","1.3228774070739746","0.7608931064605713","0.7608931064605713","0.7608931064605713","1.1183704137802124","1.1183704137802124","1.1183704137802124","1.4898165464401245","1.4898165464401245","1.4898165464401245","1.3535161018371582","1.3535161018371582","1.3535161018371582","1.8045074939727783","1.8045074939727783","1.8045074939727783","2.3025851249694824","2.3025851249694824","2.3025851249694824","2.3025851249694824","2.3025851249694824","2.3025851249694824","2.3071892261505127","2.3071892261505127","2.3071892261505127","1.7847013473510742","1.7847013473510742","1.7847013473510742","1.1313831806182861","1.1313831806182861","1.1313831806182861","0.9780733585357666","0.9780733585357666","0.9780733585357666","1.0735992193222046","1.0735992193222046","1.0735992193222046","1.0515601634979248","1.0515601634979248","1.0515601634979248","1.3135972023010254","1.3135972023010254","1.3135972023010254","1.2640612125396729","1.2640612125396729","1.2640612125396729","1.6394160985946655","1.6394160985946655","1.6394160985946655"
"40","NaN","","","2.2853665351867676","2.2853665351867676","2.2853665351867676","2.0276970863342285","2.0276970863342285","2.0276970863342285","1.8570024967193604","1.8570024967193604","1.8570024967193604","1.0110821723937988","1.0110821723937988","1.0110821723937988","0.46705323457717896","0.46705323457717896","0.46705323457717896","0.8053104877471924","0.8053104877471924","0.8053104877471924","0.8617336750030518","0.8617336750030518","0.8617336750030518","0.8616288304328918","0.8616288304328918","0.8616288304328918","1.1100513935089111","1.1100513935089111","1.1100513935089111","1.269126534461975","1.269126534461975","1.269126534461975","NaN","","","2.3025851249694824","2.3025851249694824","2.3025851249694824","2.6144344806671143","2.6144344806671143","2.6144344806671143","1.6734235286712646","1.6734235286712646","1.6734235286712646","0.7764878273010254","0.7764878273010254","0.7764878273010254","0.8183553218841553","0.8183553218841553","0.8183553218841553","0.9008768796920776","0.9008768796920776","0.9008768796920776","0.7496832609176636","0.7496832609176636","0.7496832609176636","1.2370600700378418","1.2370600700378418","1.2370600700378418","1.3378041982650757","1.3378041982650757","1.3378041982650757","1.429539442062378","1.429539442062378","1.429539442062378","2.3025851249694824","2.3025851249694824","2.3025851249694824","2.3025851249694824","2.3025851249694824","2.3025851249694824","1.9570798873901367","1.9570798873901367","1.9570798873901367","1.4743263721466064","1.4743263721466064","1.4743263721466064","1.048398494720459","1.048398494720459","1.048398494720459","1.0070395469665527","1.0070395469665527","1.0070395469665527","0.8790701031684875","0.8790701031684875","0.8790701031684875","1.095099687576294","1.095099687576294","1.095099687576294","1.428770899772644","1.428770899772644","1.428770899772644","1.3456158638000488","1.3456158638000488","1.3456158638000488","1.3350675106048584","1.3350675106048584","1.3350675106048584","2.3025851249694824","2.3025851249694824","2.3025851249694824","2.3025851249694824","2.3025851249694824","2.3025851249694824","2.361070156097412","2.361070156097412","2.361070156097412","1.8064508438110352","1.8064508438110352","1.8064508438110352","1.2353805303573608","1.2353805303573608","1.2353805303573608","1.0454354286193848","1.0454354286193848","1.0454354286193848","0.8994079828262329","0.8994079828262329","0.8994079828262329","1.0130324363708496","1.0130324363708496","1.0130324363708496","1.1059870719909668","1.1059870719909668","1.1059870719909668","1.2622840404510498","1.2622840404510498","1.2622840404510498","1.5012049674987793","1.5012049674987793","1.5012049674987793"
"41","NaN","","","2.302330732345581","2.302330732345581","2.302330732345581","2.1248645782470703","2.1248645782470703","2.1248645782470703","1.6211516857147217","1.6211516857147217","1.6211516857147217","0.8996082544326782","0.8996082544326782","0.8996082544326782","0.640702486038208","0.640702486038208","0.640702486038208","0.5323500037193298","0.5323500037193298","0.5323500037193298","0.8064332008361816","0.8064332008361816","0.8064332008361816","0.8599637746810913","0.8599637746810913","0.8599637746810913","1.1640686988830566","1.1640686988830566","1.1640686988830566","1.3399715423583984","1.3399715423583984","1.3399715423583984","NaN","","","2.3025851249694824","2.3025851249694824","2.3025851249694824","2.0033154487609863","2.0033154487609863","2.0033154487609863","1.6028892993927002","1.6028892993927002","1.6028892993927002","0.972364604473114","0.972364604473114","0.972364604473114","0.7044011950492859","0.7044011950492859","0.7044011950492859","0.712491512298584","0.712491512298584","0.712491512298584","0.8110122680664062","0.8110122680664062","0.8110122680664062","0.9678298234939575","0.9678298234939575","0.9678298234939575","1.2324004173278809","1.2324004173278809","1.2324004173278809","1.4628181457519531","1.4628181457519531","1.4628181457519531","2.3025851249694824","2.3025851249694824","2.3025851249694824","2.3025851249694824","2.3025851249694824","2.3025851249694824","2.070345163345337","2.070345163345337","2.070345163345337","1.7258706092834473","1.7258706092834473","1.7258706092834473","1.1816781759262085","1.1816781759262085","1.1816781759262085","1.0881702899932861","1.0881702899932861","1.0881702899932861","0.9607166647911072","0.9607166647911072","0.9607166647911072","1.1431725025177002","1.1431725025177002","1.1431725025177002","1.160588264465332","1.160588264465332","1.160588264465332","1.3432644605636597","1.3432644605636597","1.3432644605636597","1.2914327383041382","1.2914327383041382","1.2914327383041382","2.3025851249694824","2.3025851249694824","2.3025851249694824","2.3025851249694824","2.3025851249694824","2.3025851249694824","2.048286199569702","2.048286199569702","2.048286199569702","1.830353021621704","1.830353021621704","1.830353021621704","1.250300407409668","1.250300407409668","1.250300407409668","1.0625839233398438","1.0625839233398438","1.0625839233398438","0.9755932092666626","0.9755932092666626","0.9755932092666626","0.9880465269088745","0.9880465269088745","0.9880465269088745","1.1409599781036377","1.1409599781036377","1.1409599781036377","1.6915022134780884","1.6915022134780884","1.6915022134780884","1.3543477058410645","1.3543477058410645","1.3543477058410645"
"42","NaN","","","2.3017282485961914","2.3017282485961914","2.3017282485961914","2.015146255493164","2.015146255493164","2.015146255493164","1.2459359169006348","1.2459359169006348","1.2459359169006348","1.134338140487671","1.134338140487671","1.134338140487671","1.0438512563705444","1.0438512563705444","1.0438512563705444","0.7697973251342773","0.7697973251342773","0.7697973251342773","1.0722427368164062","1.0722427368164062","1.0722427368164062","0.9304463267326355","0.9304463267326355","0.9304463267326355","1.1220886707305908","1.1220886707305908","1.1220886707305908","1.517622470855713","1.517622470855713","1.517622470855713","NaN","","","2.3025851249694824","2.3025851249694824","2.3025851249694824","1.8144619464874268","1.8144619464874268","1.8144619464874268","1.512964129447937","1.512964129447937","1.512964129447937","1.2092666625976562","1.2092666625976562","1.2092666625976562","0.6484396457672119","0.6484396457672119","0.6484396457672119","0.6533250212669373","0.6533250212669373","0.6533250212669373","0.9869482517242432","0.9869482517242432","0.9869482517242432","0.9188016653060913","0.9188016653060913","0.9188016653060913","1.3906015157699585","1.3906015157699585","1.3906015157699585","1.6108691692352295","1.6108691692352295","1.6108691692352295","2.3025851249694824","2.3025851249694824","2.3025851249694824","2.3025851249694824","2.3025851249694824","2.3025851249694824","2.227874279022217","2.227874279022217","2.227874279022217","1.4937694072723389","1.4937694072723389","1.4937694072723389","1.3258678913116455","1.3258678913116455","1.3258678913116455","0.9819419384002686","0.9819419384002686","0.9819419384002686","1.1426072120666504","1.1426072120666504","1.1426072120666504","0.9860715270042419","0.9860715270042419","0.9860715270042419","1.0504754781723022","1.0504754781723022","1.0504754781723022","1.3771445751190186","1.3771445751190186","1.3771445751190186","1.7326606512069702","1.7326606512069702","1.7326606512069702","2.3025851249694824","2.3025851249694824","2.3025851249694824","2.3025851249694824","2.3025851249694824","2.3025851249694824","2.3085689544677734","2.3085689544677734","2.3085689544677734","1.8658256530761719","1.8658256530761719","1.8658256530761719","1.4223706722259521","1.4223706722259521","1.4223706722259521","1.0954816341400146","1.0954816341400146","1.0954816341400146","1.0507094860076904","1.0507094860076904","1.0507094860076904","1.0533525943756104","1.0533525943756104","1.0533525943756104","1.1434786319732666","1.1434786319732666","1.1434786319732666","1.1594736576080322","1.1594736576080322","1.1594736576080322","1.6174641847610474","1.6174641847610474","1.6174641847610474"
"43","NaN","","","2.309093952178955","2.309093952178955","2.309093952178955","2.3709704875946045","2.3709704875946045","2.3709704875946045","1.3330605030059814","1.3330605030059814","1.3330605030059814","0.7528760433197021","0.7528760433197021","0.7528760433197021","1.1128120422363281","1.1128120422363281","1.1128120422363281","0.8352065682411194","0.8352065682411194","0.8352065682411194","0.8891319036483765","0.8891319036483765","0.8891319036483765","1.0556635856628418","1.0556635856628418","1.0556635856628418","1.264403223991394","1.264403223991394","1.264403223991394","1.3643407821655273","1.3643407821655273","1.3643407821655273","NaN","","","2.3025851249694824","2.3025851249694824","2.3025851249694824","2.240997314453125","2.240997314453125","2.240997314453125","1.557148814201355","1.557148814201355","1.557148814201355","0.9579488635063171","0.9579488635063171","0.9579488635063171","0.49267908930778503","0.49267908930778503","0.49267908930778503","0.8696054220199585","0.8696054220199585","0.8696054220199585","0.7367334365844727","0.7367334365844727","0.7367334365844727","1.3353898525238037","1.3353898525238037","1.3353898525238037","1.3251936435699463","1.3251936435699463","1.3251936435699463","1.4399025440216064","1.4399025440216064","1.4399025440216064","2.3025851249694824","2.3025851249694824","2.3025851249694824","2.3025851249694824","2.3025851249694824","2.3025851249694824","2.0823140144348145","2.0823140144348145","2.0823140144348145","1.5553169250488281","1.5553169250488281","1.5553169250488281","1.0539309978485107","1.0539309978485107","1.0539309978485107","0.7493550777435303","0.7493550777435303","0.7493550777435303","0.8071273565292358","0.8071273565292358","0.8071273565292358","0.961109459400177","0.961109459400177","0.961109459400177","1.0785633325576782","1.0785633325576782","1.0785633325576782","1.4088876247406006","1.4088876247406006","1.4088876247406006","1.4964756965637207","1.4964756965637207","1.4964756965637207","2.3025851249694824","2.3025851249694824","2.3025851249694824","2.3025851249694824","2.3025851249694824","2.3025851249694824","2.141730308532715","2.141730308532715","2.141730308532715","1.6967670917510986","1.6967670917510986","1.6967670917510986","1.2006003856658936","1.2006003856658936","1.2006003856658936","1.0439460277557373","1.0439460277557373","1.0439460277557373","0.9862610101699829","0.9862610101699829","0.9862610101699829","1.0286574363708496","1.0286574363708496","1.0286574363708496","1.4416742324829102","1.4416742324829102","1.4416742324829102","1.4001573324203491","1.4001573324203491","1.4001573324203491","1.6704602241516113","1.6704602241516113","1.6704602241516113"
"44","NaN","","","2.2873587608337402","2.2873587608337402","2.2873587608337402","2.2715420722961426","2.2715420722961426","2.2715420722961426","1.2310333251953125","1.2310333251953125","1.2310333251953125","0.879944384098053","0.879944384098053","0.879944384098053","0.5773944854736328","0.5773944854736328","0.5773944854736328","0.6046098470687866","0.6046098470687866","0.6046098470687866","0.7396916151046753","0.7396916151046753","0.7396916151046753","1.1799893379211426","1.1799893379211426","1.1799893379211426","1.0444598197937012","1.0444598197937012","1.0444598197937012","1.2264851331710815","1.2264851331710815","1.2264851331710815","NaN","","","2.3025851249694824","2.3025851249694824","2.3025851249694824","2.1269965171813965","2.1269965171813965","2.1269965171813965","1.3267433643341064","1.3267433643341064","1.3267433643341064","1.1422511339187622","1.1422511339187622","1.1422511339187622","0.7853171825408936","0.7853171825408936","0.7853171825408936","0.7742036581039429","0.7742036581039429","0.7742036581039429","0.877044141292572","0.877044141292572","0.877044141292572","1.2724828720092773","1.2724828720092773","1.2724828720092773","1.275090217590332","1.275090217590332","1.275090217590332","1.3805437088012695","1.3805437088012695","1.3805437088012695","2.3025851249694824","2.3025851249694824","2.3025851249694824","2.3025851249694824","2.3025851249694824","2.3025851249694824","2.2133233547210693","2.2133233547210693","2.2133233547210693","1.5405712127685547","1.5405712127685547","1.5405712127685547","1.1105539798736572","1.1105539798736572","1.1105539798736572","0.9542696475982666","0.9542696475982666","0.9542696475982666","0.6384721994400024","0.6384721994400024","0.6384721994400024","1.2101587057113647","1.2101587057113647","1.2101587057113647","1.273040533065796","1.273040533065796","1.273040533065796","1.2537314891815186","1.2537314891815186","1.2537314891815186","1.706324815750122","1.706324815750122","1.706324815750122","2.3025851249694824","2.3025851249694824","2.3025851249694824","2.3025851249694824","2.3025851249694824","2.3025851249694824","2.336534261703491","2.336534261703491","2.336534261703491","1.5823670625686646","1.5823670625686646","1.5823670625686646","1.168304443359375","1.168304443359375","1.168304443359375","1.1615899801254272","1.1615899801254272","1.1615899801254272","1.1865246295928955","1.1865246295928955","1.1865246295928955","1.0982861518859863","1.0982861518859863","1.0982861518859863","1.2642431259155273","1.2642431259155273","1.2642431259155273","1.2521353960037231","1.2521353960037231","1.2521353960037231","1.340912103652954","1.340912103652954","1.340912103652954"
"45","NaN","","","2.3025851249694824","2.3025851249694824","2.3025851249694824","1.787300944328308","1.787300944328308","1.787300944328308","1.6632368564605713","1.6632368564605713","1.6632368564605713","0.9793486595153809","0.9793486595153809","0.9793486595153809","0.5785093307495117","0.5785093307495117","0.5785093307495117","0.5278425216674805","0.5278425216674805","0.5278425216674805","0.8341926336288452","0.8341926336288452","0.8341926336288452","1.0741201639175415","1.0741201639175415","1.0741201639175415","1.192505121231079","1.192505121231079","1.192505121231079","1.4194071292877197","1.4194071292877197","1.4194071292877197","NaN","","","2.3025851249694824","2.3025851249694824","2.3025851249694824","2.0530600547790527","2.0530600547790527","2.0530600547790527","1.4309157133102417","1.4309157133102417","1.4309157133102417","0.9431555867195129","0.9431555867195129","0.9431555867195129","0.8356682062149048","0.8356682062149048","0.8356682062149048","0.9255309104919434","0.9255309104919434","0.9255309104919434","0.7775592803955078","0.7775592803955078","0.7775592803955078","1.3443336486816406","1.3443336486816406","1.3443336486816406","1.1658129692077637","1.1658129692077637","1.1658129692077637","1.2638270854949951","1.2638270854949951","1.2638270854949951","2.3025851249694824","2.3025851249694824","2.3025851249694824","2.3025851249694824","2.3025851249694824","2.3025851249694824","2.1746625900268555","2.1746625900268555","2.1746625900268555","1.8745235204696655","1.8745235204696655","1.8745235204696655","0.9293447732925415","0.9293447732925415","0.9293447732925415","0.962401270866394","0.962401270866394","0.962401270866394","0.9407292008399963","0.9407292008399963","0.9407292008399963","1.1117377281188965","1.1117377281188965","1.1117377281188965","1.2531895637512207","1.2531895637512207","1.2531895637512207","1.3530306816101074","1.3530306816101074","1.3530306816101074","1.3970496654510498","1.3970496654510498","1.3970496654510498","2.3025851249694824","2.3025851249694824","2.3025851249694824","2.3025851249694824","2.3025851249694824","2.3025851249694824","2.141572952270508","2.141572952270508","2.141572952270508","1.8310567140579224","1.8310567140579224","1.8310567140579224","1.1680021286010742","1.1680021286010742","1.1680021286010742","0.8374819755554199","0.8374819755554199","0.8374819755554199","0.8302320837974548","0.8302320837974548","0.8302320837974548","1.1558828353881836","1.1558828353881836","1.1558828353881836","1.090735673904419","1.090735673904419","1.090735673904419","1.3191626071929932","1.3191626071929932","1.3191626071929932","1.2933623790740967","1.2933623790740967","1.2933623790740967"
"46","NaN","","","2.302623748779297","2.302623748779297","2.302623748779297","2.2328314781188965","2.2328314781188965","2.2328314781188965","1.5198615789413452","1.5198615789413452","1.5198615789413452","0.9688042402267456","0.9688042402267456","0.9688042402267456","0.5926194787025452","0.5926194787025452","0.5926194787025452","0.5525499582290649","0.5525499582290649","0.5525499582290649","0.6646783947944641","0.6646783947944641","0.6646783947944641","0.8943596482276917","0.8943596482276917","0.8943596482276917","1.2646530866622925","1.2646530866622925","1.2646530866622925","1.4758217334747314","1.4758217334747314","1.4758217334747314","NaN","","","2.3025851249694824","2.3025851249694824","2.3025851249694824","2.169370174407959","2.169370174407959","2.169370174407959","1.6391270160675049","1.6391270160675049","1.6391270160675049","0.9620949029922485","0.9620949029922485","0.9620949029922485","0.5620192289352417","0.5620192289352417","0.5620192289352417","0.7629860639572144","0.7629860639572144","0.7629860639572144","1.0074574947357178","1.0074574947357178","1.0074574947357178","0.9889627695083618","0.9889627695083618","0.9889627695083618","1.294111967086792","1.294111967086792","1.294111967086792","1.4308172464370728","1.4308172464370728","1.4308172464370728","2.3025851249694824","2.3025851249694824","2.3025851249694824","2.3025851249694824","2.3025851249694824","2.3025851249694824","2.225184440612793","2.225184440612793","2.225184440612793","1.525710105895996","1.525710105895996","1.525710105895996","0.9378986358642578","0.9378986358642578","0.9378986358642578","1.0496938228607178","1.0496938228607178","1.0496938228607178","0.7180484533309937","0.7180484533309937","0.7180484533309937","0.9773088693618774","0.9773088693618774","0.9773088693618774","1.1438654661178589","1.1438654661178589","1.1438654661178589","1.1771436929702759","1.1771436929702759","1.1771436929702759","1.460323452949524","1.460323452949524","1.460323452949524","2.3025851249694824","2.3025851249694824","2.3025851249694824","2.3025851249694824","2.3025851249694824","2.3025851249694824","2.2494468688964844","2.2494468688964844","2.2494468688964844","1.5330004692077637","1.5330004692077637","1.5330004692077637","1.3919005393981934","1.3919005393981934","1.3919005393981934","0.9839437007904053","0.9839437007904053","0.9839437007904053","1.0463491678237915","1.0463491678237915","1.0463491678237915","1.1028168201446533","1.1028168201446533","1.1028168201446533","1.3584353923797607","1.3584353923797607","1.3584353923797607","1.205888032913208","1.205888032913208","1.205888032913208","1.3790377378463745","1.3790377378463745","1.3790377378463745"
"47","NaN","","","2.3025851249694824","2.3025851249694824","2.3025851249694824","2.2396488189697266","2.2396488189697266","2.2396488189697266","1.6045269966125488","1.6045269966125488","1.6045269966125488","0.9882806539535522","0.9882806539535522","0.9882806539535522","0.7989897727966309","0.7989897727966309","0.7989897727966309","0.6475850343704224","0.6475850343704224","0.6475850343704224","0.7646620273590088","0.7646620273590088","0.7646620273590088","0.9096077084541321","0.9096077084541321","0.9096077084541321","1.125924825668335","1.125924825668335","1.125924825668335","1.332002878189087","1.332002878189087","1.332002878189087","NaN","","","2.3025851249694824","2.3025851249694824","2.3025851249694824","2.0698344707489014","2.0698344707489014","2.0698344707489014","1.5818837881088257","1.5818837881088257","1.5818837881088257","1.2436624765396118","1.2436624765396118","1.2436624765396118","0.8280007243156433","0.8280007243156433","0.8280007243156433","1.0132344961166382","1.0132344961166382","1.0132344961166382","0.9027326107025146","0.9027326107025146","0.9027326107025146","0.9593592882156372","0.9593592882156372","0.9593592882156372","1.1848583221435547","1.1848583221435547","1.1848583221435547","1.0832200050354004","1.0832200050354004","1.0832200050354004","2.3025851249694824","2.3025851249694824","2.3025851249694824","2.3025851249694824","2.3025851249694824","2.3025851249694824","2.225093364715576","2.225093364715576","2.225093364715576","1.640534520149231","1.640534520149231","1.640534520149231","1.093062162399292","1.093062162399292","1.093062162399292","0.754921555519104","0.754921555519104","0.754921555519104","0.8507988452911377","0.8507988452911377","0.8507988452911377","1.293539047241211","1.293539047241211","1.293539047241211","1.1041046380996704","1.1041046380996704","1.1041046380996704","1.2750623226165771","1.2750623226165771","1.2750623226165771","1.5030161142349243","1.5030161142349243","1.5030161142349243","2.3025851249694824","2.3025851249694824","2.3025851249694824","2.3025851249694824","2.3025851249694824","2.3025851249694824","2.215174436569214","2.215174436569214","2.215174436569214","1.6078357696533203","1.6078357696533203","1.6078357696533203","1.0998653173446655","1.0998653173446655","1.0998653173446655","0.8135969638824463","0.8135969638824463","0.8135969638824463","1.0128957033157349","1.0128957033157349","1.0128957033157349","0.8943895697593689","0.8943895697593689","0.8943895697593689","1.1868767738342285","1.1868767738342285","1.1868767738342285","1.2294921875","1.2294921875","1.2294921875","1.7355308532714844","1.7355308532714844","1.7355308532714844"
"48","NaN","","","2.304795980453491","2.304795980453491","2.304795980453491","2.057509422302246","2.057509422302246","2.057509422302246","1.4898669719696045","1.4898669719696045","1.4898669719696045","1.0410256385803223","1.0410256385803223","1.0410256385803223","0.6589033603668213","0.6589033603668213","0.6589033603668213","0.7758039236068726","0.7758039236068726","0.7758039236068726","0.5338627696037292","0.5338627696037292","0.5338627696037292","1.029417872428894","1.029417872428894","1.029417872428894","1.3765778541564941","1.3765778541564941","1.3765778541564941","1.4838144779205322","1.4838144779205322","1.4838144779205322","NaN","","","2.3025851249694824","2.3025851249694824","2.3025851249694824","2.149919271469116","2.149919271469116","2.149919271469116","1.4103277921676636","1.4103277921676636","1.4103277921676636","0.9472624659538269","0.9472624659538269","0.9472624659538269","0.7169910073280334","0.7169910073280334","0.7169910073280334","0.7645001411437988","0.7645001411437988","0.7645001411437988","0.7062418460845947","0.7062418460845947","0.7062418460845947","1.0841641426086426","1.0841641426086426","1.0841641426086426","1.1904094219207764","1.1904094219207764","1.1904094219207764","1.4826090335845947","1.4826090335845947","1.4826090335845947","2.3025851249694824","2.3025851249694824","2.3025851249694824","2.3025851249694824","2.3025851249694824","2.3025851249694824","2.3390631675720215","2.3390631675720215","2.3390631675720215","1.4668898582458496","1.4668898582458496","1.4668898582458496","1.0454704761505127","1.0454704761505127","1.0454704761505127","0.968806266784668","0.968806266784668","0.968806266784668","0.8742387890815735","0.8742387890815735","0.8742387890815735","1.064995288848877","1.064995288848877","1.064995288848877","1.341315507888794","1.341315507888794","1.341315507888794","1.213064432144165","1.213064432144165","1.213064432144165","1.657846212387085","1.657846212387085","1.657846212387085","2.3025851249694824","2.3025851249694824","2.3025851249694824","2.3025851249694824","2.3025851249694824","2.3025851249694824","2.3837993144989014","2.3837993144989014","2.3837993144989014","1.806957483291626","1.806957483291626","1.806957483291626","1.018768548965454","1.018768548965454","1.018768548965454","1.0450154542922974","1.0450154542922974","1.0450154542922974","0.9577189683914185","0.9577189683914185","0.9577189683914185","1.0634124279022217","1.0634124279022217","1.0634124279022217","1.1841319799423218","1.1841319799423218","1.1841319799423218","1.2640504837036133","1.2640504837036133","1.2640504837036133","1.4535770416259766","1.4535770416259766","1.4535770416259766"
"49","NaN","","","2.3066868782043457","2.3066868782043457","2.3066868782043457","1.9281383752822876","1.9281383752822876","1.9281383752822876","1.5641944408416748","1.5641944408416748","1.5641944408416748","0.8992670774459839","0.8992670774459839","0.8992670774459839","0.5460832118988037","0.5460832118988037","0.5460832118988037","0.5477938055992126","0.5477938055992126","0.5477938055992126","0.7731692790985107","0.7731692790985107","0.7731692790985107","0.901148796081543","0.901148796081543","0.901148796081543","0.903322696685791","0.903322696685791","0.903322696685791","1.4813928604125977","1.4813928604125977","1.4813928604125977","NaN","","","2.3025851249694824","2.3025851249694824","2.3025851249694824","2.295823335647583","2.295823335647583","2.295823335647583","1.6550567150115967","1.6550567150115967","1.6550567150115967","1.1922118663787842","1.1922118663787842","1.1922118663787842","0.467547744512558","0.467547744512558","0.467547744512558","0.7479454874992371","0.7479454874992371","0.7479454874992371","0.782314658164978","0.782314658164978","0.782314658164978","1.0302438735961914","1.0302438735961914","1.0302438735961914","1.5010151863098145","1.5010151863098145","1.5010151863098145","1.3336498737335205","1.3336498737335205","1.3336498737335205","2.3025851249694824","2.3025851249694824","2.3025851249694824","2.3025851249694824","2.3025851249694824","2.3025851249694824","2.289872169494629","2.289872169494629","2.289872169494629","1.856544852256775","1.856544852256775","1.856544852256775","1.6426479816436768","1.6426479816436768","1.6426479816436768","0.8942110538482666","0.8942110538482666","0.8942110538482666","0.8001892566680908","0.8001892566680908","0.8001892566680908","0.997786283493042","0.997786283493042","0.997786283493042","1.2276077270507812","1.2276077270507812","1.2276077270507812","1.5365474224090576","1.5365474224090576","1.5365474224090576","1.590813159942627","1.590813159942627","1.590813159942627","2.3025851249694824","2.3025851249694824","2.3025851249694824","2.3025851249694824","2.3025851249694824","2.3025851249694824","2.1971616744995117","2.1971616744995117","2.1971616744995117","2.010988473892212","2.010988473892212","2.010988473892212","1.1540420055389404","1.1540420055389404","1.1540420055389404","0.6915882229804993","0.6915882229804993","0.6915882229804993","1.0379185676574707","1.0379185676574707","1.0379185676574707","1.0313758850097656","1.0313758850097656","1.0313758850097656","1.1300559043884277","1.1300559043884277","1.1300559043884277","1.3365240097045898","1.3365240097045898","1.3365240097045898","1.336019515991211","1.336019515991211","1.336019515991211"
"50","NaN","","","2.277954578399658","2.277954578399658","2.277954578399658","1.8795496225357056","1.8795496225357056","1.8795496225357056","1.2537257671356201","1.2537257671356201","1.2537257671356201","0.45733779668807983","0.45733779668807983","0.45733779668807983","0.6220129132270813","0.6220129132270813","0.6220129132270813","0.6114124059677124","0.6114124059677124","0.6114124059677124","0.7086268663406372","0.7086268663406372","0.7086268663406372","0.7783913016319275","0.7783913016319275","0.7783913016319275","1.1104168891906738","1.1104168891906738","1.1104168891906738","1.3451828956604004","1.3451828956604004","1.3451828956604004","NaN","","","2.3025851249694824","2.3025851249694824","2.3025851249694824","2.264299154281616","2.264299154281616","2.264299154281616","1.528902292251587","1.528902292251587","1.528902292251587","0.9094494581222534","0.9094494581222534","0.9094494581222534","0.6973567605018616","0.6973567605018616","0.6973567605018616","0.6442943811416626","0.6442943811416626","0.6442943811416626","0.7446880340576172","0.7446880340576172","0.7446880340576172","1.0091919898986816","1.0091919898986816","1.0091919898986816","1.2820079326629639","1.2820079326629639","1.2820079326629639","1.5349432229995728","1.5349432229995728","1.5349432229995728","2.3025851249694824","2.3025851249694824","2.3025851249694824","2.3025851249694824","2.3025851249694824","2.3025851249694824","2.149404525756836","2.149404525756836","2.149404525756836","1.7069348096847534","1.7069348096847534","1.7069348096847534","0.9727979898452759","0.9727979898452759","0.9727979898452759","0.7226144075393677","0.7226144075393677","0.7226144075393677","0.9021596312522888","0.9021596312522888","0.9021596312522888","0.7430328130722046","0.7430328130722046","0.7430328130722046","1.1111071109771729","1.1111071109771729","1.1111071109771729","1.071373701095581","1.071373701095581","1.071373701095581","1.2104666233062744","1.2104666233062744","1.2104666233062744","2.3025851249694824","2.3025851249694824","2.3025851249694824","2.3025851249694824","2.3025851249694824","2.3025851249694824","2.2599806785583496","2.2599806785583496","2.2599806785583496","1.7538952827453613","1.7538952827453613","1.7538952827453613","1.3025095462799072","1.3025095462799072","1.3025095462799072","0.7984447479248047","0.7984447479248047","0.7984447479248047","0.9110956192016602","0.9110956192016602","0.9110956192016602","1.2257211208343506","1.2257211208343506","1.2257211208343506","1.174224853515625","1.174224853515625","1.174224853515625","1.4509608745574951","1.4509608745574951","1.4509608745574951","1.43546724319458","1.43546724319458","1.43546724319458"
"51","NaN","","","2.3025851249694824","2.3025851249694824","2.3025851249694824","2.351261615753174","2.351261615753174","2.351261615753174","1.3036584854125977","1.3036584854125977","1.3036584854125977","0.8777101039886475","0.8777101039886475","0.8777101039886475","0.5628018379211426","0.5628018379211426","0.5628018379211426","0.8536199331283569","0.8536199331283569","0.8536199331283569","0.5388335585594177","0.5388335585594177","0.5388335585594177","1.1438591480255127","1.1438591480255127","1.1438591480255127","1.1029318571090698","1.1029318571090698","1.1029318571090698","1.3830113410949707","1.3830113410949707","1.3830113410949707","NaN","","","2.3025851249694824","2.3025851249694824","2.3025851249694824","2.1277451515197754","2.1277451515197754","2.1277451515197754","1.2534962892532349","1.2534962892532349","1.2534962892532349","0.6542048454284668","0.6542048454284668","0.6542048454284668","0.7745362520217896","0.7745362520217896","0.7745362520217896","0.5564765930175781","0.5564765930175781","0.5564765930175781","0.9088125824928284","0.9088125824928284","0.9088125824928284","0.9464257955551147","0.9464257955551147","0.9464257955551147","1.0316002368927002","1.0316002368927002","1.0316002368927002","1.3870174884796143","1.3870174884796143","1.3870174884796143","2.3025851249694824","2.3025851249694824","2.3025851249694824","2.3025851249694824","2.3025851249694824","2.3025851249694824","2.2205650806427","2.2205650806427","2.2205650806427","1.7113308906555176","1.7113308906555176","1.7113308906555176","1.1363246440887451","1.1363246440887451","1.1363246440887451","0.7958376407623291","0.7958376407623291","0.7958376407623291","0.8923889994621277","0.8923889994621277","0.8923889994621277","0.8736276626586914","0.8736276626586914","0.8736276626586914","1.1800925731658936","1.1800925731658936","1.1800925731658936","1.2355071306228638","1.2355071306228638","1.2355071306228638","1.4077320098876953","1.4077320098876953","1.4077320098876953","2.3025851249694824","2.3025851249694824","2.3025851249694824","2.3025851249694824","2.3025851249694824","2.3025851249694824","2.201796531677246","2.201796531677246","2.201796531677246","1.757159948348999","1.757159948348999","1.757159948348999","0.9736174941062927","0.9736174941062927","0.9736174941062927","1.0390607118606567","1.0390607118606567","1.0390607118606567","1.0306756496429443","1.0306756496429443","1.0306756496429443","0.9737356305122375","0.9737356305122375","0.9737356305122375","1.1283931732177734","1.1283931732177734","1.1283931732177734","1.1294081211090088","1.1294081211090088","1.1294081211090088","1.558088779449463","1.558088779449463","1.558088779449463"
"52","NaN","","","2.3025851249694824","2.3025851249694824","2.3025851249694824","1.9107224941253662","1.9107224941253662","1.9107224941253662","1.0603426694869995","1.0603426694869995","1.0603426694869995","1.045466661453247","1.045466661453247","1.045466661453247","0.5071143507957458","0.5071143507957458","0.5071143507957458","0.5101073980331421","0.5101073980331421","0.5101073980331421","0.6404303312301636","0.6404303312301636","0.6404303312301636","0.8764907121658325","0.8764907121658325","0.8764907121658325","0.9390950202941895","0.9390950202941895","0.9390950202941895","1.462357997894287","1.462357997894287","1.462357997894287","NaN","","","2.3025851249694824","2.3025851249694824","2.3025851249694824","2.0407791137695312","2.0407791137695312","2.0407791137695312","1.580850601196289","1.580850601196289","1.580850601196289","0.8889543414115906","0.8889543414115906","0.8889543414115906","0.7201098203659058","0.7201098203659058","0.7201098203659058","0.7628348469734192","0.7628348469734192","0.7628348469734192","0.7004455327987671","0.7004455327987671","0.7004455327987671","0.8873199224472046","0.8873199224472046","0.8873199224472046","1.1543554067611694","1.1543554067611694","1.1543554067611694","1.2890962362289429","1.2890962362289429","1.2890962362289429","2.3025851249694824","2.3025851249694824","2.3025851249694824","2.3025851249694824","2.3025851249694824","2.3025851249694824","2.0620999336242676","2.0620999336242676","2.0620999336242676","1.4468426704406738","1.4468426704406738","1.4468426704406738","0.9874390363693237","0.9874390363693237","0.9874390363693237","0.9665647745132446","0.9665647745132446","0.9665647745132446","0.7748088836669922","0.7748088836669922","0.7748088836669922","1.0601143836975098","1.0601143836975098","1.0601143836975098","1.1993663311004639","1.1993663311004639","1.1993663311004639","1.123845100402832","1.123845100402832","1.123845100402832","1.2888802289962769","1.2888802289962769","1.2888802289962769","2.3025851249694824","2.3025851249694824","2.3025851249694824","2.3025851249694824","2.3025851249694824","2.3025851249694824","2.2857446670532227","2.2857446670532227","2.2857446670532227","1.8079771995544434","1.8079771995544434","1.8079771995544434","1.1381855010986328","1.1381855010986328","1.1381855010986328","1.1902178525924683","1.1902178525924683","1.1902178525924683","0.8377280235290527","0.8377280235290527","0.8377280235290527","0.8884232044219971","0.8884232044219971","0.8884232044219971","1.1804158687591553","1.1804158687591553","1.1804158687591553","1.0529440641403198","1.0529440641403198","1.0529440641403198","1.446171522140503","1.446171522140503","1.446171522140503"
"53","NaN","","","2.3025851249694824","2.3025851249694824","2.3025851249694824","1.9454034566879272","1.9454034566879272","1.9454034566879272","1.4600989818572998","1.4600989818572998","1.4600989818572998","0.5613227486610413","0.5613227486610413","0.5613227486610413","0.5695703625679016","0.5695703625679016","0.5695703625679016","0.5833848118782043","0.5833848118782043","0.5833848118782043","0.8380566835403442","0.8380566835403442","0.8380566835403442","0.6870688796043396","0.6870688796043396","0.6870688796043396","1.2504949569702148","1.2504949569702148","1.2504949569702148","1.2352341413497925","1.2352341413497925","1.2352341413497925","NaN","","","2.3025851249694824","2.3025851249694824","2.3025851249694824","1.8920807838439941","1.8920807838439941","1.8920807838439941","1.5712555646896362","1.5712555646896362","1.5712555646896362","0.9296467304229736","0.9296467304229736","0.9296467304229736","0.747105598449707","0.747105598449707","0.747105598449707","0.5430136919021606","0.5430136919021606","0.5430136919021606","0.581788182258606","0.581788182258606","0.581788182258606","0.7412901520729065","0.7412901520729065","0.7412901520729065","1.077554702758789","1.077554702758789","1.077554702758789","1.4115667343139648","1.4115667343139648","1.4115667343139648","2.3025851249694824","2.3025851249694824","2.3025851249694824","2.3025851249694824","2.3025851249694824","2.3025851249694824","2.196096897125244","2.196096897125244","2.196096897125244","1.8598637580871582","1.8598637580871582","1.8598637580871582","1.1222991943359375","1.1222991943359375","1.1222991943359375","0.8868504166603088","0.8868504166603088","0.8868504166603088","0.7721498012542725","0.7721498012542725","0.7721498012542725","0.9925097227096558","0.9925097227096558","0.9925097227096558","1.0907831192016602","1.0907831192016602","1.0907831192016602","1.210102915763855","1.210102915763855","1.210102915763855","1.2869884967803955","1.2869884967803955","1.2869884967803955","2.3025851249694824","2.3025851249694824","2.3025851249694824","2.3025851249694824","2.3025851249694824","2.3025851249694824","2.1833081245422363","2.1833081245422363","2.1833081245422363","1.7387622594833374","1.7387622594833374","1.7387622594833374","1.2152400016784668","1.2152400016784668","1.2152400016784668","0.8874818086624146","0.8874818086624146","0.8874818086624146","1.2944910526275635","1.2944910526275635","1.2944910526275635","1.178688645362854","1.178688645362854","1.178688645362854","1.1940944194793701","1.1940944194793701","1.1940944194793701","1.4083662033081055","1.4083662033081055","1.4083662033081055","1.4965554475784302","1.4965554475784302","1.4965554475784302"
"54","NaN","","","2.3106443881988525","2.3106443881988525","2.3106443881988525","1.927588701248169","1.927588701248169","1.927588701248169","1.2200968265533447","1.2200968265533447","1.2200968265533447","1.0124436616897583","1.0124436616897583","1.0124436616897583","0.3863944411277771","0.3863944411277771","0.3863944411277771","0.38388314843177795","0.38388314843177795","0.38388314843177795","0.4650399088859558","0.4650399088859558","0.4650399088859558","0.597324013710022","0.597324013710022","0.597324013710022","1.078256607055664","1.078256607055664","1.078256607055664","1.3317794799804688","1.3317794799804688","1.3317794799804688","NaN","","","2.3025851249694824","2.3025851249694824","2.3025851249694824","2.326303482055664","2.326303482055664","2.326303482055664","1.4221248626708984","1.4221248626708984","1.4221248626708984","0.9444891810417175","0.9444891810417175","0.9444891810417175","0.840283989906311","0.840283989906311","0.840283989906311","0.5668745040893555","0.5668745040893555","0.5668745040893555","1.0158672332763672","1.0158672332763672","1.0158672332763672","1.0210480690002441","1.0210480690002441","1.0210480690002441","1.4605189561843872","1.4605189561843872","1.4605189561843872","1.3256006240844727","1.3256006240844727","1.3256006240844727","2.3025851249694824","2.3025851249694824","2.3025851249694824","2.3025851249694824","2.3025851249694824","2.3025851249694824","2.136965274810791","2.136965274810791","2.136965274810791","1.733839511871338","1.733839511871338","1.733839511871338","1.2202361822128296","1.2202361822128296","1.2202361822128296","0.7339404225349426","0.7339404225349426","0.7339404225349426","1.2162413597106934","1.2162413597106934","1.2162413597106934","1.086714267730713","1.086714267730713","1.086714267730713","1.0291484594345093","1.0291484594345093","1.0291484594345093","1.1519465446472168","1.1519465446472168","1.1519465446472168","1.4224005937576294","1.4224005937576294","1.4224005937576294","2.3025851249694824","2.3025851249694824","2.3025851249694824","2.3025851249694824","2.3025851249694824","2.3025851249694824","1.923720121383667","1.923720121383667","1.923720121383667","1.793457269668579","1.793457269668579","1.793457269668579","1.042263150215149","1.042263150215149","1.042263150215149","0.7328887581825256","0.7328887581825256","0.7328887581825256","0.9555760622024536","0.9555760622024536","0.9555760622024536","1.0154727697372437","1.0154727697372437","1.0154727697372437","1.1507495641708374","1.1507495641708374","1.1507495641708374","1.5594239234924316","1.5594239234924316","1.5594239234924316","1.3071753978729248","1.3071753978729248","1.3071753978729248"
"55","NaN","","","2.333714008331299","2.333714008331299","2.333714008331299","2.167332649230957","2.167332649230957","2.167332649230957","1.2875566482543945","1.2875566482543945","1.2875566482543945","0.6566538214683533","0.6566538214683533","0.6566538214683533","0.45355185866355896","0.45355185866355896","0.45355185866355896","0.6650413274765015","0.6650413274765015","0.6650413274765015","0.8048638701438904","0.8048638701438904","0.8048638701438904","0.8975785970687866","0.8975785970687866","0.8975785970687866","1.4010608196258545","1.4010608196258545","1.4010608196258545","1.3077349662780762","1.3077349662780762","1.3077349662780762","NaN","","","2.3025851249694824","2.3025851249694824","2.3025851249694824","1.9338635206222534","1.9338635206222534","1.9338635206222534","1.5317970514297485","1.5317970514297485","1.5317970514297485","0.754079282283783","0.754079282283783","0.754079282283783","0.5646626353263855","0.5646626353263855","0.5646626353263855","0.5577099919319153","0.5577099919319153","0.5577099919319153","0.7851252555847168","0.7851252555847168","0.7851252555847168","0.9151332378387451","0.9151332378387451","0.9151332378387451","1.446523666381836","1.446523666381836","1.446523666381836","1.1270675659179688","1.1270675659179688","1.1270675659179688","2.3025851249694824","2.3025851249694824","2.3025851249694824","2.3025851249694824","2.3025851249694824","2.3025851249694824","2.0658764839172363","2.0658764839172363","2.0658764839172363","1.5662647485733032","1.5662647485733032","1.5662647485733032","1.1061086654663086","1.1061086654663086","1.1061086654663086","0.920437216758728","0.920437216758728","0.920437216758728","1.0800191164016724","1.0800191164016724","1.0800191164016724","1.0133633613586426","1.0133633613586426","1.0133633613586426","1.1901140213012695","1.1901140213012695","1.1901140213012695","1.2129586935043335","1.2129586935043335","1.2129586935043335","1.4419065713882446","1.4419065713882446","1.4419065713882446","2.3025851249694824","2.3025851249694824","2.3025851249694824","2.3025851249694824","2.3025851249694824","2.3025851249694824","2.1625351905822754","2.1625351905822754","2.1625351905822754","1.6368029117584229","1.6368029117584229","1.6368029117584229","1.2858270406723022","1.2858270406723022","1.2858270406723022","0.8107218146324158","0.8107218146324158","0.8107218146324158","0.9762890338897705","0.9762890338897705","0.9762890338897705","1.0662710666656494","1.0662710666656494","1.0662710666656494","0.8979722857475281","0.8979722857475281","0.8979722857475281","1.3248370885849","1.3248370885849","1.3248370885849","1.469454050064087","1.469454050064087","1.469454050064087"
"56","NaN","","","2.326171636581421","2.326171636581421","2.326171636581421","2.0839927196502686","2.0839927196502686","2.0839927196502686","1.5212962627410889","1.5212962627410889","1.5212962627410889","0.7737269401550293","0.7737269401550293","0.7737269401550293","0.5526426434516907","0.5526426434516907","0.5526426434516907","0.352607399225235","0.352607399225235","0.352607399225235","0.5335469245910645","0.5335469245910645","0.5335469245910645","0.9045014381408691","0.9045014381408691","0.9045014381408691","1.0339909791946411","1.0339909791946411","1.0339909791946411","1.332993745803833","1.332993745803833","1.332993745803833","NaN","","","2.3025851249694824","2.3025851249694824","2.3025851249694824","1.9934701919555664","1.9934701919555664","1.9934701919555664","1.318825602531433","1.318825602531433","1.318825602531433","0.8949013948440552","0.8949013948440552","0.8949013948440552","0.490671306848526","0.490671306848526","0.490671306848526","0.342032253742218","0.342032253742218","0.342032253742218","0.8502606153488159","0.8502606153488159","0.8502606153488159","0.9779646992683411","0.9779646992683411","0.9779646992683411","1.0827134847640991","1.0827134847640991","1.0827134847640991","1.412139654159546","1.412139654159546","1.412139654159546","2.3025851249694824","2.3025851249694824","2.3025851249694824","2.3025851249694824","2.3025851249694824","2.3025851249694824","2.0942928791046143","2.0942928791046143","2.0942928791046143","1.608985424041748","1.608985424041748","1.608985424041748","1.0140888690948486","1.0140888690948486","1.0140888690948486","0.9324592351913452","0.9324592351913452","0.9324592351913452","0.9562364220619202","0.9562364220619202","0.9562364220619202","0.8756599426269531","0.8756599426269531","0.8756599426269531","0.9845656156539917","0.9845656156539917","0.9845656156539917","1.2179670333862305","1.2179670333862305","1.2179670333862305","1.49654221534729","1.49654221534729","1.49654221534729","2.3025851249694824","2.3025851249694824","2.3025851249694824","2.3025851249694824","2.3025851249694824","2.3025851249694824","2.2346205711364746","2.2346205711364746","2.2346205711364746","1.7355976104736328","1.7355976104736328","1.7355976104736328","1.082655429840088","1.082655429840088","1.082655429840088","0.9971554279327393","0.9971554279327393","0.9971554279327393","1.0477986335754395","1.0477986335754395","1.0477986335754395","1.0089936256408691","1.0089936256408691","1.0089936256408691","0.9564571380615234","0.9564571380615234","0.9564571380615234","1.2898974418640137","1.2898974418640137","1.2898974418640137","1.4466865062713623","1.4466865062713623","1.4466865062713623"
"57","NaN","","","2.7955830097198486","2.7955830097198486","2.7955830097198486","1.9834141731262207","1.9834141731262207","1.9834141731262207","1.3554600477218628","1.3554600477218628","1.3554600477218628","0.702336311340332","0.702336311340332","0.702336311340332","0.507492184638977","0.507492184638977","0.507492184638977","0.5383750796318054","0.5383750796318054","0.5383750796318054","0.724069356918335","0.724069356918335","0.724069356918335","0.9878408908843994","0.9878408908843994","0.9878408908843994","1.188255786895752","1.188255786895752","1.188255786895752","1.3644018173217773","1.3644018173217773","1.3644018173217773","NaN","","","2.3025851249694824","2.3025851249694824","2.3025851249694824","2.21889591217041","2.21889591217041","2.21889591217041","2.1213536262512207","2.1213536262512207","2.1213536262512207","0.6258604526519775","0.6258604526519775","0.6258604526519775","0.49746567010879517","0.49746567010879517","0.49746567010879517","0.6657065153121948","0.6657065153121948","0.6657065153121948","0.8003826141357422","0.8003826141357422","0.8003826141357422","0.8844770193099976","0.8844770193099976","0.8844770193099976","1.2265397310256958","1.2265397310256958","1.2265397310256958","1.5025326013565063","1.5025326013565063","1.5025326013565063","2.3025851249694824","2.3025851249694824","2.3025851249694824","2.3025851249694824","2.3025851249694824","2.3025851249694824","2.0864033699035645","2.0864033699035645","2.0864033699035645","1.579951286315918","1.579951286315918","1.579951286315918","1.2286477088928223","1.2286477088928223","1.2286477088928223","0.7436940670013428","0.7436940670013428","0.7436940670013428","0.8863932490348816","0.8863932490348816","0.8863932490348816","0.8070435523986816","0.8070435523986816","0.8070435523986816","1.0285003185272217","1.0285003185272217","1.0285003185272217","1.1858841180801392","1.1858841180801392","1.1858841180801392","1.3045933246612549","1.3045933246612549","1.3045933246612549","2.3025851249694824","2.3025851249694824","2.3025851249694824","2.3025851249694824","2.3025851249694824","2.3025851249694824","2.2860474586486816","2.2860474586486816","2.2860474586486816","1.817090630531311","1.817090630531311","1.817090630531311","1.1721580028533936","1.1721580028533936","1.1721580028533936","0.7797269225120544","0.7797269225120544","0.7797269225120544","0.7176198363304138","0.7176198363304138","0.7176198363304138","1.0308809280395508","1.0308809280395508","1.0308809280395508","1.051781177520752","1.051781177520752","1.051781177520752","1.3956490755081177","1.3956490755081177","1.3956490755081177","1.7092254161834717","1.7092254161834717","1.7092254161834717"
"58","NaN","","","2.2982900142669678","2.2982900142669678","2.2982900142669678","1.9704351425170898","1.9704351425170898","1.9704351425170898","1.3353164196014404","1.3353164196014404","1.3353164196014404","0.6885668635368347","0.6885668635368347","0.6885668635368347","0.43344494700431824","0.43344494700431824","0.43344494700431824","0.5564008355140686","0.5564008355140686","0.5564008355140686","0.7916584014892578","0.7916584014892578","0.7916584014892578","0.8382046818733215","0.8382046818733215","0.8382046818733215","1.0233631134033203","1.0233631134033203","1.0233631134033203","1.158637285232544","1.158637285232544","1.158637285232544","NaN","","","2.3025851249694824","2.3025851249694824","2.3025851249694824","2.050243616104126","2.050243616104126","2.050243616104126","1.412560224533081","1.412560224533081","1.412560224533081","0.8119736909866333","0.8119736909866333","0.8119736909866333","0.5361999869346619","0.5361999869346619","0.5361999869346619","0.5176142454147339","0.5176142454147339","0.5176142454147339","0.6384989023208618","0.6384989023208618","0.6384989023208618","0.7452836036682129","0.7452836036682129","0.7452836036682129","1.1486732959747314","1.1486732959747314","1.1486732959747314","1.4431188106536865","1.4431188106536865","1.4431188106536865","2.3025851249694824","2.3025851249694824","2.3025851249694824","2.3025851249694824","2.3025851249694824","2.3025851249694824","2.051851749420166","2.051851749420166","2.051851749420166","1.541148066520691","1.541148066520691","1.541148066520691","0.9298156499862671","0.9298156499862671","0.9298156499862671","1.0995206832885742","1.0995206832885742","1.0995206832885742","0.6355075836181641","0.6355075836181641","0.6355075836181641","0.7619230151176453","0.7619230151176453","0.7619230151176453","1.1180238723754883","1.1180238723754883","1.1180238723754883","1.0057264566421509","1.0057264566421509","1.0057264566421509","1.1424586772918701","1.1424586772918701","1.1424586772918701","2.3025851249694824","2.3025851249694824","2.3025851249694824","2.3025851249694824","2.3025851249694824","2.3025851249694824","2.659818172454834","2.659818172454834","2.659818172454834","1.8751736879348755","1.8751736879348755","1.8751736879348755","1.0689128637313843","1.0689128637313843","1.0689128637313843","1.1522940397262573","1.1522940397262573","1.1522940397262573","0.8937408924102783","0.8937408924102783","0.8937408924102783","1.158036708831787","1.158036708831787","1.158036708831787","0.963963508605957","0.963963508605957","0.963963508605957","1.1120026111602783","1.1120026111602783","1.1120026111602783","1.474796175956726","1.474796175956726","1.474796175956726"
"59","NaN","","","2.3011929988861084","2.3011929988861084","2.3011929988861084","2.5509421825408936","2.5509421825408936","2.5509421825408936","0.9150707721710205","0.9150707721710205","0.9150707721710205","0.6091560125350952","0.6091560125350952","0.6091560125350952","0.7005877494812012","0.7005877494812012","0.7005877494812012","0.38609498739242554","0.38609498739242554","0.38609498739242554","0.5206260085105896","0.5206260085105896","0.5206260085105896","0.8158147931098938","0.8158147931098938","0.8158147931098938","0.9816064834594727","0.9816064834594727","0.9816064834594727","1.2072665691375732","1.2072665691375732","1.2072665691375732","NaN","","","2.3025851249694824","2.3025851249694824","2.3025851249694824","2.1146650314331055","2.1146650314331055","2.1146650314331055","1.608117699623108","1.608117699623108","1.608117699623108","0.769837498664856","0.769837498664856","0.769837498664856","0.6652705073356628","0.6652705073356628","0.6652705073356628","0.6094117164611816","0.6094117164611816","0.6094117164611816","0.6350959539413452","0.6350959539413452","0.6350959539413452","0.8713545203208923","0.8713545203208923","0.8713545203208923","1.0611391067504883","1.0611391067504883","1.0611391067504883","1.2304456233978271","1.2304456233978271","1.2304456233978271","2.3025851249694824","2.3025851249694824","2.3025851249694824","2.3025851249694824","2.3025851249694824","2.3025851249694824","2.145650625228882","2.145650625228882","2.145650625228882","1.4185290336608887","1.4185290336608887","1.4185290336608887","1.033042550086975","1.033042550086975","1.033042550086975","0.8095781207084656","0.8095781207084656","0.8095781207084656","0.7477753758430481","0.7477753758430481","0.7477753758430481","0.9264248013496399","0.9264248013496399","0.9264248013496399","0.9478710889816284","0.9478710889816284","0.9478710889816284","1.1271581649780273","1.1271581649780273","1.1271581649780273","1.379748821258545","1.379748821258545","1.379748821258545","2.3025851249694824","2.3025851249694824","2.3025851249694824","2.3025851249694824","2.3025851249694824","2.3025851249694824","2.104109287261963","2.104109287261963","2.104109287261963","1.7280784845352173","1.7280784845352173","1.7280784845352173","1.1996831893920898","1.1996831893920898","1.1996831893920898","0.9287793040275574","0.9287793040275574","0.9287793040275574","0.9405133724212646","0.9405133724212646","0.9405133724212646","1.0228638648986816","1.0228638648986816","1.0228638648986816","1.2672903537750244","1.2672903537750244","1.2672903537750244","1.2947933673858643","1.2947933673858643","1.2947933673858643","1.4485970735549927","1.4485970735549927","1.4485970735549927"
"60","NaN","","","2.315927267074585","2.315927267074585","2.315927267074585","1.9442168474197388","1.9442168474197388","1.9442168474197388","1.5074024200439453","1.5074024200439453","1.5074024200439453","0.5306980609893799","0.5306980609893799","0.5306980609893799","0.3743450939655304","0.3743450939655304","0.3743450939655304","0.5993353724479675","0.5993353724479675","0.5993353724479675","0.5508888959884644","0.5508888959884644","0.5508888959884644","0.632455587387085","0.632455587387085","0.632455587387085","0.9776740670204163","0.9776740670204163","0.9776740670204163","1.1962953805923462","1.1962953805923462","1.1962953805923462","NaN","","","2.3025851249694824","2.3025851249694824","2.3025851249694824","2.0176544189453125","2.0176544189453125","2.0176544189453125","1.4532607793807983","1.4532607793807983","1.4532607793807983","0.9541882276535034","0.9541882276535034","0.9541882276535034","0.3537496328353882","0.3537496328353882","0.3537496328353882","0.5080951452255249","0.5080951452255249","0.5080951452255249","0.5889633297920227","0.5889633297920227","0.5889633297920227","1.1800167560577393","1.1800167560577393","1.1800167560577393","1.2017662525177002","1.2017662525177002","1.2017662525177002","1.0905370712280273","1.0905370712280273","1.0905370712280273","2.3025851249694824","2.3025851249694824","2.3025851249694824","2.3025851249694824","2.3025851249694824","2.3025851249694824","2.438502311706543","2.438502311706543","2.438502311706543","1.4781731367111206","1.4781731367111206","1.4781731367111206","0.8024819493293762","0.8024819493293762","0.8024819493293762","0.7951624393463135","0.7951624393463135","0.7951624393463135","0.6106425523757935","0.6106425523757935","0.6106425523757935","0.8126143217086792","0.8126143217086792","0.8126143217086792","1.1358447074890137","1.1358447074890137","1.1358447074890137","1.3826026916503906","1.3826026916503906","1.3826026916503906","1.232069969177246","1.232069969177246","1.232069969177246","2.3025851249694824","2.3025851249694824","2.3025851249694824","2.3025851249694824","2.3025851249694824","2.3025851249694824","2.154134511947632","2.154134511947632","2.154134511947632","1.751721739768982","1.751721739768982","1.751721739768982","1.0804349184036255","1.0804349184036255","1.0804349184036255","0.764883279800415","0.764883279800415","0.764883279800415","0.8248847723007202","0.8248847723007202","0.8248847723007202","0.74466472864151","0.74466472864151","0.74466472864151","1.095513105392456","1.095513105392456","1.095513105392456","1.1559900045394897","1.1559900045394897","1.1559900045394897","1.5638866424560547","1.5638866424560547","1.5638866424560547"
"61","NaN","","","2.3025851249694824","2.3025851249694824","2.3025851249694824","1.9906013011932373","1.9906013011932373","1.9906013011932373","1.2239971160888672","1.2239971160888672","1.2239971160888672","0.8108043670654297","0.8108043670654297","0.8108043670654297","0.43309223651885986","0.43309223651885986","0.43309223651885986","0.3467985689640045","0.3467985689640045","0.3467985689640045","0.49480801820755005","0.49480801820755005","0.49480801820755005","0.8420728445053101","0.8420728445053101","0.8420728445053101","0.956184983253479","0.956184983253479","0.956184983253479","1.3386131525039673","1.3386131525039673","1.3386131525039673","NaN","","","2.3025851249694824","2.3025851249694824","2.3025851249694824","2.1420278549194336","2.1420278549194336","2.1420278549194336","1.5715689659118652","1.5715689659118652","1.5715689659118652","0.7545378804206848","0.7545378804206848","0.7545378804206848","0.8345999121665955","0.8345999121665955","0.8345999121665955","0.5539506673812866","0.5539506673812866","0.5539506673812866","0.7679463028907776","0.7679463028907776","0.7679463028907776","0.8921430110931396","0.8921430110931396","0.8921430110931396","1.3667103052139282","1.3667103052139282","1.3667103052139282","1.3219413757324219","1.3219413757324219","1.3219413757324219","2.3025851249694824","2.3025851249694824","2.3025851249694824","2.3025851249694824","2.3025851249694824","2.3025851249694824","2.0900793075561523","2.0900793075561523","2.0900793075561523","1.604306697845459","1.604306697845459","1.604306697845459","1.077728033065796","1.077728033065796","1.077728033065796","0.6842089891433716","0.6842089891433716","0.6842089891433716","0.957975447177887","0.957975447177887","0.957975447177887","0.7756097912788391","0.7756097912788391","0.7756097912788391","1.2004518508911133","1.2004518508911133","1.2004518508911133","1.2120614051818848","1.2120614051818848","1.2120614051818848","1.50339937210083","1.50339937210083","1.50339937210083","2.3025851249694824","2.3025851249694824","2.3025851249694824","2.3025851249694824","2.3025851249694824","2.3025851249694824","2.215298652648926","2.215298652648926","2.215298652648926","1.8728983402252197","1.8728983402252197","1.8728983402252197","1.1524348258972168","1.1524348258972168","1.1524348258972168","1.0908095836639404","1.0908095836639404","1.0908095836639404","0.9032995104789734","0.9032995104789734","0.9032995104789734","1.1700886487960815","1.1700886487960815","1.1700886487960815","1.2793551683425903","1.2793551683425903","1.2793551683425903","1.2810604572296143","1.2810604572296143","1.2810604572296143","1.6126508712768555","1.6126508712768555","1.6126508712768555"
"62","NaN","","","2.3025851249694824","2.3025851249694824","2.3025851249694824","2.2252156734466553","2.2252156734466553","2.2252156734466553","1.6265114545822144","1.6265114545822144","1.6265114545822144","0.7767271399497986","0.7767271399497986","0.7767271399497986","0.46482598781585693","0.46482598781585693","0.46482598781585693","0.493028461933136","0.493028461933136","0.493028461933136","0.4195540249347687","0.4195540249347687","0.4195540249347687","0.8976545333862305","0.8976545333862305","0.8976545333862305","0.9087299108505249","0.9087299108505249","0.9087299108505249","1.2937886714935303","1.2937886714935303","1.2937886714935303","NaN","","","2.3025851249694824","2.3025851249694824","2.3025851249694824","2.018371820449829","2.018371820449829","2.018371820449829","1.4050977230072021","1.4050977230072021","1.4050977230072021","0.8487768173217773","0.8487768173217773","0.8487768173217773","0.42883434891700745","0.42883434891700745","0.42883434891700745","0.5772783756256104","0.5772783756256104","0.5772783756256104","0.8165493011474609","0.8165493011474609","0.8165493011474609","0.8167999982833862","0.8167999982833862","0.8167999982833862","1.0267159938812256","1.0267159938812256","1.0267159938812256","1.3309462070465088","1.3309462070465088","1.3309462070465088","2.3025851249694824","2.3025851249694824","2.3025851249694824","2.3025851249694824","2.3025851249694824","2.3025851249694824","2.2410831451416016","2.2410831451416016","2.2410831451416016","1.7722183465957642","1.7722183465957642","1.7722183465957642","0.9108799695968628","0.9108799695968628","0.9108799695968628","0.7263650894165039","0.7263650894165039","0.7263650894165039","0.8622470498085022","0.8622470498085022","0.8622470498085022","0.729997992515564","0.729997992515564","0.729997992515564","1.1629379987716675","1.1629379987716675","1.1629379987716675","1.2802541255950928","1.2802541255950928","1.2802541255950928","1.369927167892456","1.369927167892456","1.369927167892456","2.3025851249694824","2.3025851249694824","2.3025851249694824","2.3025851249694824","2.3025851249694824","2.3025851249694824","2.3362843990325928","2.3362843990325928","2.3362843990325928","1.791334629058838","1.791334629058838","1.791334629058838","1.0853915214538574","1.0853915214538574","1.0853915214538574","1.0414975881576538","1.0414975881576538","1.0414975881576538","0.8534467220306396","0.8534467220306396","0.8534467220306396","0.9181085824966431","0.9181085824966431","0.9181085824966431","0.9055395126342773","0.9055395126342773","0.9055395126342773","1.338975429534912","1.338975429534912","1.338975429534912","1.3045858144760132","1.3045858144760132","1.3045858144760132"
"63","NaN","","","2.3025851249694824","2.3025851249694824","2.3025851249694824","1.9593124389648438","1.9593124389648438","1.9593124389648438","1.646702766418457","1.646702766418457","1.646702766418457","0.5438805818557739","0.5438805818557739","0.5438805818557739","0.41681671142578125","0.41681671142578125","0.41681671142578125","0.3945384621620178","0.3945384621620178","0.3945384621620178","0.529918909072876","0.529918909072876","0.529918909072876","0.8498935699462891","0.8498935699462891","0.8498935699462891","0.9924500584602356","0.9924500584602356","0.9924500584602356","1.2494966983795166","1.2494966983795166","1.2494966983795166","NaN","","","2.3025851249694824","2.3025851249694824","2.3025851249694824","2.016953468322754","2.016953468322754","2.016953468322754","1.4500086307525635","1.4500086307525635","1.4500086307525635","0.7614306211471558","0.7614306211471558","0.7614306211471558","0.5194349884986877","0.5194349884986877","0.5194349884986877","0.4600769579410553","0.4600769579410553","0.4600769579410553","0.6773927211761475","0.6773927211761475","0.6773927211761475","0.9699263572692871","0.9699263572692871","0.9699263572692871","1.0876153707504272","1.0876153707504272","1.0876153707504272","1.2724688053131104","1.2724688053131104","1.2724688053131104","2.3025851249694824","2.3025851249694824","2.3025851249694824","2.3025851249694824","2.3025851249694824","2.3025851249694824","2.2015533447265625","2.2015533447265625","2.2015533447265625","1.7482755184173584","1.7482755184173584","1.7482755184173584","1.028428316116333","1.028428316116333","1.028428316116333","0.6528117060661316","0.6528117060661316","0.6528117060661316","1.0331774950027466","1.0331774950027466","1.0331774950027466","0.8607894778251648","0.8607894778251648","0.8607894778251648","0.8418694138526917","0.8418694138526917","0.8418694138526917","1.5950287580490112","1.5950287580490112","1.5950287580490112","1.55910325050354","1.55910325050354","1.55910325050354","2.3025851249694824","2.3025851249694824","2.3025851249694824","2.3025851249694824","2.3025851249694824","2.3025851249694824","2.175902843475342","2.175902843475342","2.175902843475342","1.8279404640197754","1.8279404640197754","1.8279404640197754","1.1175302267074585","1.1175302267074585","1.1175302267074585","0.7631183862686157","0.7631183862686157","0.7631183862686157","0.8180271983146667","0.8180271983146667","0.8180271983146667","0.9454432129859924","0.9454432129859924","0.9454432129859924","1.1318156719207764","1.1318156719207764","1.1318156719207764","1.3021178245544434","1.3021178245544434","1.3021178245544434","1.280763864517212","1.280763864517212","1.280763864517212"
"64","NaN","","","2.3025851249694824","2.3025851249694824","2.3025851249694824","2.244278907775879","2.244278907775879","2.244278907775879","1.6778439283370972","1.6778439283370972","1.6778439283370972","0.66628497838974","0.66628497838974","0.66628497838974","0.342673659324646","0.342673659324646","0.342673659324646","0.33193567395210266","0.33193567395210266","0.33193567395210266","0.44870123267173767","0.44870123267173767","0.44870123267173767","0.5764268040657043","0.5764268040657043","0.5764268040657043","0.9509508013725281","0.9509508013725281","0.9509508013725281","1.2736773490905762","1.2736773490905762","1.2736773490905762","NaN","","","2.3025851249694824","2.3025851249694824","2.3025851249694824","2.2224974632263184","2.2224974632263184","2.2224974632263184","1.5963056087493896","1.5963056087493896","1.5963056087493896","1.0140445232391357","1.0140445232391357","1.0140445232391357","0.4762345552444458","0.4762345552444458","0.4762345552444458","0.5148922801017761","0.5148922801017761","0.5148922801017761","0.8627395033836365","0.8627395033836365","0.8627395033836365","1.0505659580230713","1.0505659580230713","1.0505659580230713","1.1365067958831787","1.1365067958831787","1.1365067958831787","1.2204687595367432","1.2204687595367432","1.2204687595367432","2.3025851249694824","2.3025851249694824","2.3025851249694824","2.3025851249694824","2.3025851249694824","2.3025851249694824","2.207674026489258","2.207674026489258","2.207674026489258","1.685335636138916","1.685335636138916","1.685335636138916","0.7878851294517517","0.7878851294517517","0.7878851294517517","0.7532919049263","0.7532919049263","0.7532919049263","0.716455340385437","0.716455340385437","0.716455340385437","0.9276559352874756","0.9276559352874756","0.9276559352874756","0.97865891456604","0.97865891456604","0.97865891456604","1.3170490264892578","1.3170490264892578","1.3170490264892578","1.388839840888977","1.388839840888977","1.388839840888977","2.3025851249694824","2.3025851249694824","2.3025851249694824","2.3025851249694824","2.3025851249694824","2.3025851249694824","2.2062251567840576","2.2062251567840576","2.2062251567840576","1.853347659111023","1.853347659111023","1.853347659111023","1.1721187829971313","1.1721187829971313","1.1721187829971313","0.9556727409362793","0.9556727409362793","0.9556727409362793","0.9069675207138062","0.9069675207138062","0.9069675207138062","0.8152637481689453","0.8152637481689453","0.8152637481689453","1.0387828350067139","1.0387828350067139","1.0387828350067139","1.15627121925354","1.15627121925354","1.15627121925354","1.4238168001174927","1.4238168001174927","1.4238168001174927"
"65","NaN","","","2.3025851249694824","2.3025851249694824","2.3025851249694824","2.0264291763305664","2.0264291763305664","2.0264291763305664","1.5558106899261475","1.5558106899261475","1.5558106899261475","0.6533202528953552","0.6533202528953552","0.6533202528953552","0.4108765125274658","0.4108765125274658","0.4108765125274658","0.491666316986084","0.491666316986084","0.491666316986084","0.5984631776809692","0.5984631776809692","0.5984631776809692","0.5713108777999878","0.5713108777999878","0.5713108777999878","0.9420680403709412","0.9420680403709412","0.9420680403709412","1.395684003829956","1.395684003829956","1.395684003829956","NaN","","","2.3025851249694824","2.3025851249694824","2.3025851249694824","2.3290512561798096","2.3290512561798096","2.3290512561798096","1.901460886001587","1.901460886001587","1.901460886001587","0.7816352248191833","0.7816352248191833","0.7816352248191833","0.6633394360542297","0.6633394360542297","0.6633394360542297","0.7451103925704956","0.7451103925704956","0.7451103925704956","0.6200251579284668","0.6200251579284668","0.6200251579284668","0.7970439195632935","0.7970439195632935","0.7970439195632935","1.0193687677383423","1.0193687677383423","1.0193687677383423","1.1716179847717285","1.1716179847717285","1.1716179847717285","2.3025851249694824","2.3025851249694824","2.3025851249694824","2.3025851249694824","2.3025851249694824","2.3025851249694824","2.08240008354187","2.08240008354187","2.08240008354187","1.5454494953155518","1.5454494953155518","1.5454494953155518","0.9322495460510254","0.9322495460510254","0.9322495460510254","0.8594794869422913","0.8594794869422913","0.8594794869422913","0.6076840758323669","0.6076840758323669","0.6076840758323669","0.7055121660232544","0.7055121660232544","0.7055121660232544","0.8319722414016724","0.8319722414016724","0.8319722414016724","1.3475501537322998","1.3475501537322998","1.3475501537322998","1.2419202327728271","1.2419202327728271","1.2419202327728271","2.3025851249694824","2.3025851249694824","2.3025851249694824","2.3025851249694824","2.3025851249694824","2.3025851249694824","2.143916606903076","2.143916606903076","2.143916606903076","1.775850772857666","1.775850772857666","1.775850772857666","0.9730963706970215","0.9730963706970215","0.9730963706970215","1.0190116167068481","1.0190116167068481","1.0190116167068481","0.890823483467102","0.890823483467102","0.890823483467102","0.8732593655586243","0.8732593655586243","0.8732593655586243","0.9702837467193604","0.9702837467193604","0.9702837467193604","1.1262918710708618","1.1262918710708618","1.1262918710708618","1.3363937139511108","1.3363937139511108","1.3363937139511108"
"66","NaN","","","2.3025851249694824","2.3025851249694824","2.3025851249694824","2.2804245948791504","2.2804245948791504","2.2804245948791504","1.2362961769104004","1.2362961769104004","1.2362961769104004","0.639626681804657","0.639626681804657","0.639626681804657","0.40512898564338684","0.40512898564338684","0.40512898564338684","0.3728456497192383","0.3728456497192383","0.3728456497192383","0.5769550800323486","0.5769550800323486","0.5769550800323486","0.6721959710121155","0.6721959710121155","0.6721959710121155","1.0340352058410645","1.0340352058410645","1.0340352058410645","1.478510856628418","1.478510856628418","1.478510856628418","NaN","","","2.3025851249694824","2.3025851249694824","2.3025851249694824","2.030951738357544","2.030951738357544","2.030951738357544","1.5907607078552246","1.5907607078552246","1.5907607078552246","0.836959719657898","0.836959719657898","0.836959719657898","0.28690290451049805","0.28690290451049805","0.28690290451049805","0.6133670806884766","0.6133670806884766","0.6133670806884766","0.5807972550392151","0.5807972550392151","0.5807972550392151","0.8095701336860657","0.8095701336860657","0.8095701336860657","1.220569372177124","1.220569372177124","1.220569372177124","1.4743967056274414","1.4743967056274414","1.4743967056274414","2.3025851249694824","2.3025851249694824","2.3025851249694824","2.3025851249694824","2.3025851249694824","2.3025851249694824","2.390458106994629","2.390458106994629","2.390458106994629","1.735451579093933","1.735451579093933","1.735451579093933","1.0729564428329468","1.0729564428329468","1.0729564428329468","0.8702828288078308","0.8702828288078308","0.8702828288078308","0.7714023590087891","0.7714023590087891","0.7714023590087891","0.817672610282898","0.817672610282898","0.817672610282898","0.7315347194671631","0.7315347194671631","0.7315347194671631","1.3762295246124268","1.3762295246124268","1.3762295246124268","1.3506160974502563","1.3506160974502563","1.3506160974502563","2.3025851249694824","2.3025851249694824","2.3025851249694824","2.3025851249694824","2.3025851249694824","2.3025851249694824","2.1859474182128906","2.1859474182128906","2.1859474182128906","1.5780901908874512","1.5780901908874512","1.5780901908874512","1.1830644607543945","1.1830644607543945","1.1830644607543945","1.0355995893478394","1.0355995893478394","1.0355995893478394","0.7815927863121033","0.7815927863121033","0.7815927863121033","0.8572948575019836","0.8572948575019836","0.8572948575019836","1.0660346746444702","1.0660346746444702","1.0660346746444702","1.3157415390014648","1.3157415390014648","1.3157415390014648","1.5407369136810303","1.5407369136810303","1.5407369136810303"
"67","NaN","","","2.3025851249694824","2.3025851249694824","2.3025851249694824","1.9143199920654297","1.9143199920654297","1.9143199920654297","1.2198947668075562","1.2198947668075562","1.2198947668075562","0.8201701045036316","0.8201701045036316","0.8201701045036316","0.4988326132297516","0.4988326132297516","0.4988326132297516","0.2767522633075714","0.2767522633075714","0.2767522633075714","0.48650023341178894","0.48650023341178894","0.48650023341178894","0.6502336263656616","0.6502336263656616","0.6502336263656616","0.9854027628898621","0.9854027628898621","0.9854027628898621","0.9931951761245728","0.9931951761245728","0.9931951761245728","NaN","","","2.3025851249694824","2.3025851249694824","2.3025851249694824","2.1663553714752197","2.1663553714752197","2.1663553714752197","1.9405239820480347","1.9405239820480347","1.9405239820480347","0.80950927734375","0.80950927734375","0.80950927734375","0.5249568223953247","0.5249568223953247","0.5249568223953247","0.3776443302631378","0.3776443302631378","0.3776443302631378","0.901315450668335","0.901315450668335","0.901315450668335","0.7491319179534912","0.7491319179534912","0.7491319179534912","1.070671558380127","1.070671558380127","1.070671558380127","1.1597269773483276","1.1597269773483276","1.1597269773483276","2.3025851249694824","2.3025851249694824","2.3025851249694824","2.3025851249694824","2.3025851249694824","2.3025851249694824","2.203700304031372","2.203700304031372","2.203700304031372","1.5085313320159912","1.5085313320159912","1.5085313320159912","0.961120069026947","0.961120069026947","0.961120069026947","0.8437133431434631","0.8437133431434631","0.8437133431434631","0.7672603726387024","0.7672603726387024","0.7672603726387024","0.8061299324035645","0.8061299324035645","0.8061299324035645","1.1900416612625122","1.1900416612625122","1.1900416612625122","1.3731880187988281","1.3731880187988281","1.3731880187988281","1.2554829120635986","1.2554829120635986","1.2554829120635986","2.3025851249694824","2.3025851249694824","2.3025851249694824","2.3025851249694824","2.3025851249694824","2.3025851249694824","1.9587461948394775","1.9587461948394775","1.9587461948394775","1.9439589977264404","1.9439589977264404","1.9439589977264404","1.194040060043335","1.194040060043335","1.194040060043335","0.6944570541381836","0.6944570541381836","0.6944570541381836","0.7651816606521606","0.7651816606521606","0.7651816606521606","1.0547288656234741","1.0547288656234741","1.0547288656234741","1.306359052658081","1.306359052658081","1.306359052658081","1.5766690969467163","1.5766690969467163","1.5766690969467163","1.4662108421325684","1.4662108421325684","1.4662108421325684"
"68","NaN","","","2.3025851249694824","2.3025851249694824","2.3025851249694824","2.184922218322754","2.184922218322754","2.184922218322754","1.2266409397125244","1.2266409397125244","1.2266409397125244","0.7320431470870972","0.7320431470870972","0.7320431470870972","0.430452823638916","0.430452823638916","0.430452823638916","0.4602358937263489","0.4602358937263489","0.4602358937263489","0.42735055088996887","0.42735055088996887","0.42735055088996887","0.646933913230896","0.646933913230896","0.646933913230896","1.2116518020629883","1.2116518020629883","1.2116518020629883","1.3185579776763916","1.3185579776763916","1.3185579776763916","NaN","","","2.3025851249694824","2.3025851249694824","2.3025851249694824","1.971764326095581","1.971764326095581","1.971764326095581","1.525373101234436","1.525373101234436","1.525373101234436","0.7336469888687134","0.7336469888687134","0.7336469888687134","0.8394765853881836","0.8394765853881836","0.8394765853881836","0.6171920299530029","0.6171920299530029","0.6171920299530029","0.7597160339355469","0.7597160339355469","0.7597160339355469","0.7310643196105957","0.7310643196105957","0.7310643196105957","0.9591876268386841","0.9591876268386841","0.9591876268386841","1.1994649171829224","1.1994649171829224","1.1994649171829224","2.3025851249694824","2.3025851249694824","2.3025851249694824","2.3025851249694824","2.3025851249694824","2.3025851249694824","2.0644419193267822","2.0644419193267822","2.0644419193267822","1.9362924098968506","1.9362924098968506","1.9362924098968506","0.6365751624107361","0.6365751624107361","0.6365751624107361","1.0169588327407837","1.0169588327407837","1.0169588327407837","0.8449392318725586","0.8449392318725586","0.8449392318725586","0.7646430730819702","0.7646430730819702","0.7646430730819702","1.2893636226654053","1.2893636226654053","1.2893636226654053","1.3522685766220093","1.3522685766220093","1.3522685766220093","1.465355634689331","1.465355634689331","1.465355634689331","2.3025851249694824","2.3025851249694824","2.3025851249694824","2.3025851249694824","2.3025851249694824","2.3025851249694824","2.266566753387451","2.266566753387451","2.266566753387451","1.6572346687316895","1.6572346687316895","1.6572346687316895","1.1771644353866577","1.1771644353866577","1.1771644353866577","1.1157703399658203","1.1157703399658203","1.1157703399658203","0.8278979063034058","0.8278979063034058","0.8278979063034058","1.1020495891571045","1.1020495891571045","1.1020495891571045","1.2690162658691406","1.2690162658691406","1.2690162658691406","1.3508968353271484","1.3508968353271484","1.3508968353271484","1.3775629997253418","1.3775629997253418","1.3775629997253418"
"69","NaN","","","2.3025851249694824","2.3025851249694824","2.3025851249694824","2.1109368801116943","2.1109368801116943","2.1109368801116943","1.8632538318634033","1.8632538318634033","1.8632538318634033","0.6350052356719971","0.6350052356719971","0.6350052356719971","0.46045541763305664","0.46045541763305664","0.46045541763305664","0.2982417941093445","0.2982417941093445","0.2982417941093445","0.6526696085929871","0.6526696085929871","0.6526696085929871","0.644049882888794","0.644049882888794","0.644049882888794","1.08274507522583","1.08274507522583","1.08274507522583","1.1116890907287598","1.1116890907287598","1.1116890907287598","NaN","","","2.3025851249694824","2.3025851249694824","2.3025851249694824","2.276630401611328","2.276630401611328","2.276630401611328","1.3274377584457397","1.3274377584457397","1.3274377584457397","0.6703462600708008","0.6703462600708008","0.6703462600708008","0.5069770812988281","0.5069770812988281","0.5069770812988281","0.4124346375465393","0.4124346375465393","0.4124346375465393","0.527052640914917","0.527052640914917","0.527052640914917","0.7895112037658691","0.7895112037658691","0.7895112037658691","0.9832450747489929","0.9832450747489929","0.9832450747489929","1.4910216331481934","1.4910216331481934","1.4910216331481934","2.3025851249694824","2.3025851249694824","2.3025851249694824","2.3025851249694824","2.3025851249694824","2.3025851249694824","2.4997329711914062","2.4997329711914062","2.4997329711914062","1.7146834135055542","1.7146834135055542","1.7146834135055542","0.7393124103546143","0.7393124103546143","0.7393124103546143","0.8180052042007446","0.8180052042007446","0.8180052042007446","0.7498957514762878","0.7498957514762878","0.7498957514762878","0.8170193433761597","0.8170193433761597","0.8170193433761597","1.0345194339752197","1.0345194339752197","1.0345194339752197","1.1527884006500244","1.1527884006500244","1.1527884006500244","1.4457411766052246","1.4457411766052246","1.4457411766052246","2.3025851249694824","2.3025851249694824","2.3025851249694824","2.3025851249694824","2.3025851249694824","2.3025851249694824","2.2583165168762207","2.2583165168762207","2.2583165168762207","1.6867610216140747","1.6867610216140747","1.6867610216140747","1.1699645519256592","1.1699645519256592","1.1699645519256592","0.6885128021240234","0.6885128021240234","0.6885128021240234","0.9637423157691956","0.9637423157691956","0.9637423157691956","0.9683964848518372","0.9683964848518372","0.9683964848518372","1.0751726627349854","1.0751726627349854","1.0751726627349854","1.212568759918213","1.212568759918213","1.212568759918213","1.2252888679504395","1.2252888679504395","1.2252888679504395"
"70","NaN","","","2.3025851249694824","2.3025851249694824","2.3025851249694824","2.1058244705200195","2.1058244705200195","2.1058244705200195","1.3804188966751099","1.3804188966751099","1.3804188966751099","0.5461981296539307","0.5461981296539307","0.5461981296539307","0.32645195722579956","0.32645195722579956","0.32645195722579956","0.31741318106651306","0.31741318106651306","0.31741318106651306","0.5797986388206482","0.5797986388206482","0.5797986388206482","0.5535238981246948","0.5535238981246948","0.5535238981246948","1.050615906715393","1.050615906715393","1.050615906715393","1.2863578796386719","1.2863578796386719","1.2863578796386719","NaN","","","2.3025851249694824","2.3025851249694824","2.3025851249694824","2.1075563430786133","2.1075563430786133","2.1075563430786133","2.0587079524993896","2.0587079524993896","2.0587079524993896","0.5148997902870178","0.5148997902870178","0.5148997902870178","0.3710343837738037","0.3710343837738037","0.3710343837738037","0.44922176003456116","0.44922176003456116","0.44922176003456116","0.5090898275375366","0.5090898275375366","0.5090898275375366","0.6714309453964233","0.6714309453964233","0.6714309453964233","0.905433177947998","0.905433177947998","0.905433177947998","1.3326399326324463","1.3326399326324463","1.3326399326324463","2.3025851249694824","2.3025851249694824","2.3025851249694824","2.3025851249694824","2.3025851249694824","2.3025851249694824","2.2714056968688965","2.2714056968688965","2.2714056968688965","1.906949758529663","1.906949758529663","1.906949758529663","0.9521527886390686","0.9521527886390686","0.9521527886390686","0.6137256622314453","0.6137256622314453","0.6137256622314453","0.48305919766426086","0.48305919766426086","0.48305919766426086","0.7171657085418701","0.7171657085418701","0.7171657085418701","0.9719656109809875","0.9719656109809875","0.9719656109809875","1.234076976776123","1.234076976776123","1.234076976776123","1.3446100950241089","1.3446100950241089","1.3446100950241089","2.3025851249694824","2.3025851249694824","2.3025851249694824","2.3025851249694824","2.3025851249694824","2.3025851249694824","2.0644583702087402","2.0644583702087402","2.0644583702087402","1.6828303337097168","1.6828303337097168","1.6828303337097168","1.3465615510940552","1.3465615510940552","1.3465615510940552","0.7999788522720337","0.7999788522720337","0.7999788522720337","0.9961663484573364","0.9961663484573364","0.9961663484573364","0.9823006987571716","0.9823006987571716","0.9823006987571716","0.8984637260437012","0.8984637260437012","0.8984637260437012","1.1113648414611816","1.1113648414611816","1.1113648414611816","1.3418498039245605","1.3418498039245605","1.3418498039245605"
"71","NaN","","","2.3025851249694824","2.3025851249694824","2.3025851249694824","2.1079320907592773","2.1079320907592773","2.1079320907592773","1.3960903882980347","1.3960903882980347","1.3960903882980347","0.748500645160675","0.748500645160675","0.748500645160675","0.28135946393013","0.28135946393013","0.28135946393013","0.3001965880393982","0.3001965880393982","0.3001965880393982","0.43930596113204956","0.43930596113204956","0.43930596113204956","0.6913244128227234","0.6913244128227234","0.6913244128227234","0.967032253742218","0.967032253742218","0.967032253742218","1.4524071216583252","1.4524071216583252","1.4524071216583252","NaN","","","2.3025851249694824","2.3025851249694824","2.3025851249694824","2.279240131378174","2.279240131378174","2.279240131378174","1.1982569694519043","1.1982569694519043","1.1982569694519043","0.9041650295257568","0.9041650295257568","0.9041650295257568","0.43254053592681885","0.43254053592681885","0.43254053592681885","0.656572163105011","0.656572163105011","0.656572163105011","0.7176554799079895","0.7176554799079895","0.7176554799079895","0.7440534830093384","0.7440534830093384","0.7440534830093384","1.0662473440170288","1.0662473440170288","1.0662473440170288","1.39442777633667","1.39442777633667","1.39442777633667","2.3025851249694824","2.3025851249694824","2.3025851249694824","2.3025851249694824","2.3025851249694824","2.3025851249694824","2.1731886863708496","2.1731886863708496","2.1731886863708496","1.45946204662323","1.45946204662323","1.45946204662323","1.1278386116027832","1.1278386116027832","1.1278386116027832","0.8760135769844055","0.8760135769844055","0.8760135769844055","0.7322509288787842","0.7322509288787842","0.7322509288787842","0.6745917797088623","0.6745917797088623","0.6745917797088623","0.7954962253570557","0.7954962253570557","0.7954962253570557","1.3494919538497925","1.3494919538497925","1.3494919538497925","1.161460518836975","1.161460518836975","1.161460518836975","2.3025851249694824","2.3025851249694824","2.3025851249694824","2.3025851249694824","2.3025851249694824","2.3025851249694824","2.081066608428955","2.081066608428955","2.081066608428955","1.3565990924835205","1.3565990924835205","1.3565990924835205","1.1889233589172363","1.1889233589172363","1.1889233589172363","1.1851091384887695","1.1851091384887695","1.1851091384887695","0.8008389472961426","0.8008389472961426","0.8008389472961426","0.8488503098487854","0.8488503098487854","0.8488503098487854","1.2022242546081543","1.2022242546081543","1.2022242546081543","1.2310919761657715","1.2310919761657715","1.2310919761657715","1.525930404663086","1.525930404663086","1.525930404663086"
"72","NaN","","","2.3025851249694824","2.3025851249694824","2.3025851249694824","2.1759719848632812","2.1759719848632812","2.1759719848632812","1.180478572845459","1.180478572845459","1.180478572845459","0.8919168710708618","0.8919168710708618","0.8919168710708618","0.44369059801101685","0.44369059801101685","0.44369059801101685","0.18205612897872925","0.18205612897872925","0.18205612897872925","0.4776238799095154","0.4776238799095154","0.4776238799095154","0.9145326018333435","0.9145326018333435","0.9145326018333435","0.8697973489761353","0.8697973489761353","0.8697973489761353","0.9532567262649536","0.9532567262649536","0.9532567262649536","NaN","","","2.3025851249694824","2.3025851249694824","2.3025851249694824","2.069248676300049","2.069248676300049","2.069248676300049","1.2534563541412354","1.2534563541412354","1.2534563541412354","1.0202407836914062","1.0202407836914062","1.0202407836914062","0.38459765911102295","0.38459765911102295","0.38459765911102295","0.5037443041801453","0.5037443041801453","0.5037443041801453","0.7708282470703125","0.7708282470703125","0.7708282470703125","0.6583622694015503","0.6583622694015503","0.6583622694015503","1.0827287435531616","1.0827287435531616","1.0827287435531616","1.2337968349456787","1.2337968349456787","1.2337968349456787","2.3025851249694824","2.3025851249694824","2.3025851249694824","2.3025851249694824","2.3025851249694824","2.3025851249694824","2.1435208320617676","2.1435208320617676","2.1435208320617676","1.6222333908081055","1.6222333908081055","1.6222333908081055","1.0472347736358643","1.0472347736358643","1.0472347736358643","0.751327395439148","0.751327395439148","0.751327395439148","1.0848944187164307","1.0848944187164307","1.0848944187164307","0.9838426113128662","0.9838426113128662","0.9838426113128662","0.9534354209899902","0.9534354209899902","0.9534354209899902","1.3553301095962524","1.3553301095962524","1.3553301095962524","1.2994134426116943","1.2994134426116943","1.2994134426116943","2.3025851249694824","2.3025851249694824","2.3025851249694824","2.3025851249694824","2.3025851249694824","2.3025851249694824","2.2424099445343018","2.2424099445343018","2.2424099445343018","1.7980804443359375","1.7980804443359375","1.7980804443359375","1.549835205078125","1.549835205078125","1.549835205078125","0.705574095249176","0.705574095249176","0.705574095249176","0.8433161973953247","0.8433161973953247","0.8433161973953247","1.0088177919387817","1.0088177919387817","1.0088177919387817","0.9757559299468994","0.9757559299468994","0.9757559299468994","1.211759328842163","1.211759328842163","1.211759328842163","1.4305487871170044","1.4305487871170044","1.4305487871170044"
"73","NaN","","","2.3025851249694824","2.3025851249694824","2.3025851249694824","2.1823596954345703","2.1823596954345703","2.1823596954345703","1.1995068788528442","1.1995068788528442","1.1995068788528442","0.662805438041687","0.662805438041687","0.662805438041687","0.2769523561000824","0.2769523561000824","0.2769523561000824","0.21084973216056824","0.21084973216056824","0.21084973216056824","0.4347478747367859","0.4347478747367859","0.4347478747367859","0.5831772089004517","0.5831772089004517","0.5831772089004517","1.0648996829986572","1.0648996829986572","1.0648996829986572","1.377341389656067","1.377341389656067","1.377341389656067","NaN","","","2.3025851249694824","2.3025851249694824","2.3025851249694824","2.03574275970459","2.03574275970459","2.03574275970459","1.4898681640625","1.4898681640625","1.4898681640625","0.7479686141014099","0.7479686141014099","0.7479686141014099","0.5746785402297974","0.5746785402297974","0.5746785402297974","0.4319130480289459","0.4319130480289459","0.4319130480289459","0.6149041652679443","0.6149041652679443","0.6149041652679443","0.9313367605209351","0.9313367605209351","0.9313367605209351","1.0621883869171143","1.0621883869171143","1.0621883869171143","1.1184556484222412","1.1184556484222412","1.1184556484222412","2.3025851249694824","2.3025851249694824","2.3025851249694824","2.3025851249694824","2.3025851249694824","2.3025851249694824","2.1367526054382324","2.1367526054382324","2.1367526054382324","2.0054891109466553","2.0054891109466553","2.0054891109466553","0.9141682982444763","0.9141682982444763","0.9141682982444763","0.520801305770874","0.520801305770874","0.520801305770874","0.8022315502166748","0.8022315502166748","0.8022315502166748","0.8866261839866638","0.8866261839866638","0.8866261839866638","0.8437027931213379","0.8437027931213379","0.8437027931213379","1.080094814300537","1.080094814300537","1.080094814300537","1.181065320968628","1.181065320968628","1.181065320968628","2.3025851249694824","2.3025851249694824","2.3025851249694824","2.3025851249694824","2.3025851249694824","2.3025851249694824","2.2334370613098145","2.2334370613098145","2.2334370613098145","1.5701059103012085","1.5701059103012085","1.5701059103012085","1.0247278213500977","1.0247278213500977","1.0247278213500977","0.7532683610916138","0.7532683610916138","0.7532683610916138","0.7243940830230713","0.7243940830230713","0.7243940830230713","1.0473506450653076","1.0473506450653076","1.0473506450653076","1.0388935804367065","1.0388935804367065","1.0388935804367065","1.0659470558166504","1.0659470558166504","1.0659470558166504","1.4847701787948608","1.4847701787948608","1.4847701787948608"
"74","NaN","","","2.3025851249694824","2.3025851249694824","2.3025851249694824","1.9292714595794678","1.9292714595794678","1.9292714595794678","1.127242088317871","1.127242088317871","1.127242088317871","0.640032172203064","0.640032172203064","0.640032172203064","0.3190118670463562","0.3190118670463562","0.3190118670463562","0.31587332487106323","0.31587332487106323","0.31587332487106323","0.535371720790863","0.535371720790863","0.535371720790863","0.642092227935791","0.642092227935791","0.642092227935791","1.0398319959640503","1.0398319959640503","1.0398319959640503","0.9868260622024536","0.9868260622024536","0.9868260622024536","NaN","","","2.3025851249694824","2.3025851249694824","2.3025851249694824","2.1792964935302734","2.1792964935302734","2.1792964935302734","1.2848021984100342","1.2848021984100342","1.2848021984100342","0.45353275537490845","0.45353275537490845","0.45353275537490845","0.5042376518249512","0.5042376518249512","0.5042376518249512","0.4561944305896759","0.4561944305896759","0.4561944305896759","0.5829724073410034","0.5829724073410034","0.5829724073410034","0.676332950592041","0.676332950592041","0.676332950592041","1.2120728492736816","1.2120728492736816","1.2120728492736816","0.9075292348861694","0.9075292348861694","0.9075292348861694","2.3025851249694824","2.3025851249694824","2.3025851249694824","2.3025851249694824","2.3025851249694824","2.3025851249694824","2.343050479888916","2.343050479888916","2.343050479888916","1.3716990947723389","1.3716990947723389","1.3716990947723389","1.008235216140747","1.008235216140747","1.008235216140747","0.6942342519760132","0.6942342519760132","0.6942342519760132","0.6206467151641846","0.6206467151641846","0.6206467151641846","0.6947604417800903","0.6947604417800903","0.6947604417800903","0.9274880290031433","0.9274880290031433","0.9274880290031433","1.0387933254241943","1.0387933254241943","1.0387933254241943","1.2985209226608276","1.2985209226608276","1.2985209226608276","2.3025851249694824","2.3025851249694824","2.3025851249694824","2.3025851249694824","2.3025851249694824","2.3025851249694824","1.9174227714538574","1.9174227714538574","1.9174227714538574","2.010176420211792","2.010176420211792","2.010176420211792","0.859347939491272","0.859347939491272","0.859347939491272","1.2646352052688599","1.2646352052688599","1.2646352052688599","0.6115223169326782","0.6115223169326782","0.6115223169326782","0.9309621453285217","0.9309621453285217","0.9309621453285217","1.0113941431045532","1.0113941431045532","1.0113941431045532","1.042739987373352","1.042739987373352","1.042739987373352","1.5840480327606201","1.5840480327606201","1.5840480327606201"
"75","NaN","","","2.3025851249694824","2.3025851249694824","2.3025851249694824","1.8916552066802979","1.8916552066802979","1.8916552066802979","1.421858310699463","1.421858310699463","1.421858310699463","0.5313282012939453","0.5313282012939453","0.5313282012939453","0.18395143747329712","0.18395143747329712","0.18395143747329712","0.39845699071884155","0.39845699071884155","0.39845699071884155","0.5020071268081665","0.5020071268081665","0.5020071268081665","0.9839648604393005","0.9839648604393005","0.9839648604393005","0.968431830406189","0.968431830406189","0.968431830406189","1.2887448072433472","1.2887448072433472","1.2887448072433472","NaN","","","2.3025851249694824","2.3025851249694824","2.3025851249694824","2.0954599380493164","2.0954599380493164","2.0954599380493164","1.7921462059020996","1.7921462059020996","1.7921462059020996","0.7164695262908936","0.7164695262908936","0.7164695262908936","0.49898380041122437","0.49898380041122437","0.49898380041122437","0.33923012018203735","0.33923012018203735","0.33923012018203735","0.5747528076171875","0.5747528076171875","0.5747528076171875","0.7776974439620972","0.7776974439620972","0.7776974439620972","1.130510926246643","1.130510926246643","1.130510926246643","1.358802080154419","1.358802080154419","1.358802080154419","2.3025851249694824","2.3025851249694824","2.3025851249694824","2.3025851249694824","2.3025851249694824","2.3025851249694824","2.2545666694641113","2.2545666694641113","2.2545666694641113","1.9578464031219482","1.9578464031219482","1.9578464031219482","1.0014913082122803","1.0014913082122803","1.0014913082122803","0.5963031053543091","0.5963031053543091","0.5963031053543091","0.6557482481002808","0.6557482481002808","0.6557482481002808","0.6783273220062256","0.6783273220062256","0.6783273220062256","0.9661084413528442","0.9661084413528442","0.9661084413528442","0.9884439706802368","0.9884439706802368","0.9884439706802368","1.303612232208252","1.303612232208252","1.303612232208252","2.3025851249694824","2.3025851249694824","2.3025851249694824","2.3025851249694824","2.3025851249694824","2.3025851249694824","2.120021104812622","2.120021104812622","2.120021104812622","1.6143872737884521","1.6143872737884521","1.6143872737884521","0.9269746541976929","0.9269746541976929","0.9269746541976929","0.7190532088279724","0.7190532088279724","0.7190532088279724","0.7053560018539429","0.7053560018539429","0.7053560018539429","0.7999635338783264","0.7999635338783264","0.7999635338783264","0.9177665710449219","0.9177665710449219","0.9177665710449219","1.3045985698699951","1.3045985698699951","1.3045985698699951","1.0837304592132568","1.0837304592132568","1.0837304592132568"
"76","NaN","","","2.3025851249694824","2.3025851249694824","2.3025851249694824","2.744145631790161","2.744145631790161","2.744145631790161","1.436292290687561","1.436292290687561","1.436292290687561","0.6130636930465698","0.6130636930465698","0.6130636930465698","0.3538190722465515","0.3538190722465515","0.3538190722465515","0.307148814201355","0.307148814201355","0.307148814201355","0.36263307929039","0.36263307929039","0.36263307929039","0.7053948640823364","0.7053948640823364","0.7053948640823364","1.1132571697235107","1.1132571697235107","1.1132571697235107","1.4392437934875488","1.4392437934875488","1.4392437934875488","NaN","","","2.3025851249694824","2.3025851249694824","2.3025851249694824","2.2182488441467285","2.2182488441467285","2.2182488441467285","1.6048767566680908","1.6048767566680908","1.6048767566680908","0.9393672347068787","0.9393672347068787","0.9393672347068787","0.2771148085594177","0.2771148085594177","0.2771148085594177","0.31959229707717896","0.31959229707717896","0.31959229707717896","0.4681873619556427","0.4681873619556427","0.4681873619556427","0.9384615421295166","0.9384615421295166","0.9384615421295166","0.9614335298538208","0.9614335298538208","0.9614335298538208","1.2502405643463135","1.2502405643463135","1.2502405643463135","2.3025851249694824","2.3025851249694824","2.3025851249694824","2.3025851249694824","2.3025851249694824","2.3025851249694824","2.2346465587615967","2.2346465587615967","2.2346465587615967","1.6775482892990112","1.6775482892990112","1.6775482892990112","0.9778584241867065","0.9778584241867065","0.9778584241867065","0.7411365509033203","0.7411365509033203","0.7411365509033203","0.7300361394882202","0.7300361394882202","0.7300361394882202","0.8591751456260681","0.8591751456260681","0.8591751456260681","1.1145172119140625","1.1145172119140625","1.1145172119140625","1.060462236404419","1.060462236404419","1.060462236404419","1.3116326332092285","1.3116326332092285","1.3116326332092285","2.3025851249694824","2.3025851249694824","2.3025851249694824","2.3025851249694824","2.3025851249694824","2.3025851249694824","2.077817678451538","2.077817678451538","2.077817678451538","1.7638061046600342","1.7638061046600342","1.7638061046600342","0.860546886920929","0.860546886920929","0.860546886920929","0.9210066795349121","0.9210066795349121","0.9210066795349121","0.9111889600753784","0.9111889600753784","0.9111889600753784","0.686989426612854","0.686989426612854","0.686989426612854","0.9604403972625732","0.9604403972625732","0.9604403972625732","1.41688871383667","1.41688871383667","1.41688871383667","1.4970693588256836","1.4970693588256836","1.4970693588256836"
"77","NaN","","","2.3025851249694824","2.3025851249694824","2.3025851249694824","2.0328283309936523","2.0328283309936523","2.0328283309936523","1.29397714138031","1.29397714138031","1.29397714138031","0.38230568170547485","0.38230568170547485","0.38230568170547485","0.43101149797439575","0.43101149797439575","0.43101149797439575","0.256738543510437","0.256738543510437","0.256738543510437","0.37601518630981445","0.37601518630981445","0.37601518630981445","1.1077821254730225","1.1077821254730225","1.1077821254730225","0.8151563405990601","0.8151563405990601","0.8151563405990601","1.2275006771087646","1.2275006771087646","1.2275006771087646","NaN","","","2.3025851249694824","2.3025851249694824","2.3025851249694824","2.0651907920837402","2.0651907920837402","2.0651907920837402","1.4043002128601074","1.4043002128601074","1.4043002128601074","0.4636726379394531","0.4636726379394531","0.4636726379394531","0.49236226081848145","0.49236226081848145","0.49236226081848145","0.2563106119632721","0.2563106119632721","0.2563106119632721","0.7173318266868591","0.7173318266868591","0.7173318266868591","0.5331052541732788","0.5331052541732788","0.5331052541732788","1.2433933019638062","1.2433933019638062","1.2433933019638062","1.2307167053222656","1.2307167053222656","1.2307167053222656","2.3025851249694824","2.3025851249694824","2.3025851249694824","2.3025851249694824","2.3025851249694824","2.3025851249694824","2.2007863521575928","2.2007863521575928","2.2007863521575928","1.909117579460144","1.909117579460144","1.909117579460144","1.0474309921264648","1.0474309921264648","1.0474309921264648","0.8511562347412109","0.8511562347412109","0.8511562347412109","0.5285062789916992","0.5285062789916992","0.5285062789916992","0.7199981212615967","0.7199981212615967","0.7199981212615967","0.9338298439979553","0.9338298439979553","0.9338298439979553","1.342461109161377","1.342461109161377","1.342461109161377","1.3645821809768677","1.3645821809768677","1.3645821809768677","2.3025851249694824","2.3025851249694824","2.3025851249694824","2.3025851249694824","2.3025851249694824","2.3025851249694824","2.258127212524414","2.258127212524414","2.258127212524414","1.4297401905059814","1.4297401905059814","1.4297401905059814","0.774134635925293","0.774134635925293","0.774134635925293","1.1535007953643799","1.1535007953643799","1.1535007953643799","0.8286440372467041","0.8286440372467041","0.8286440372467041","0.7603439092636108","0.7603439092636108","0.7603439092636108","0.8317407965660095","0.8317407965660095","0.8317407965660095","1.0029559135437012","1.0029559135437012","1.0029559135437012","1.4879872798919678","1.4879872798919678","1.4879872798919678"
"78","NaN","","","2.3025851249694824","2.3025851249694824","2.3025851249694824","2.4819140434265137","2.4819140434265137","2.4819140434265137","1.2244305610656738","1.2244305610656738","1.2244305610656738","0.6029013395309448","0.6029013395309448","0.6029013395309448","0.11212609708309174","0.11212609708309174","0.11212609708309174","0.31074848771095276","0.31074848771095276","0.31074848771095276","0.2749130427837372","0.2749130427837372","0.2749130427837372","0.5370913743972778","0.5370913743972778","0.5370913743972778","0.977897047996521","0.977897047996521","0.977897047996521","1.0530884265899658","1.0530884265899658","1.0530884265899658","NaN","","","2.3025851249694824","2.3025851249694824","2.3025851249694824","2.014638900756836","2.014638900756836","2.014638900756836","1.3841962814331055","1.3841962814331055","1.3841962814331055","0.8357874155044556","0.8357874155044556","0.8357874155044556","0.4706406593322754","0.4706406593322754","0.4706406593322754","0.4110499322414398","0.4110499322414398","0.4110499322414398","0.3331829309463501","0.3331829309463501","0.3331829309463501","0.8536900281906128","0.8536900281906128","0.8536900281906128","1.2048993110656738","1.2048993110656738","1.2048993110656738","1.458236813545227","1.458236813545227","1.458236813545227","2.3025851249694824","2.3025851249694824","2.3025851249694824","2.3025851249694824","2.3025851249694824","2.3025851249694824","2.307868242263794","2.307868242263794","2.307868242263794","1.761784315109253","1.761784315109253","1.761784315109253","1.0023601055145264","1.0023601055145264","1.0023601055145264","0.5490204691886902","0.5490204691886902","0.5490204691886902","0.6103681325912476","0.6103681325912476","0.6103681325912476","0.8447075486183167","0.8447075486183167","0.8447075486183167","0.8728935718536377","0.8728935718536377","0.8728935718536377","1.0127334594726562","1.0127334594726562","1.0127334594726562","1.3129301071166992","1.3129301071166992","1.3129301071166992","2.3025851249694824","2.3025851249694824","2.3025851249694824","2.3025851249694824","2.3025851249694824","2.3025851249694824","2.1249594688415527","2.1249594688415527","2.1249594688415527","1.8915071487426758","1.8915071487426758","1.8915071487426758","0.9598612785339355","0.9598612785339355","0.9598612785339355","0.7967700362205505","0.7967700362205505","0.7967700362205505","0.5932576656341553","0.5932576656341553","0.5932576656341553","0.8761971592903137","0.8761971592903137","0.8761971592903137","1.0653822422027588","1.0653822422027588","1.0653822422027588","1.215337872505188","1.215337872505188","1.215337872505188","1.4096095561981201","1.4096095561981201","1.4096095561981201"
"79","NaN","","","2.3025851249694824","2.3025851249694824","2.3025851249694824","2.299968719482422","2.299968719482422","2.299968719482422","1.2483643293380737","1.2483643293380737","1.2483643293380737","0.9610617160797119","0.9610617160797119","0.9610617160797119","0.25308066606521606","0.25308066606521606","0.25308066606521606","0.2846298813819885","0.2846298813819885","0.2846298813819885","0.5190554857254028","0.5190554857254028","0.5190554857254028","0.3802119493484497","0.3802119493484497","0.3802119493484497","0.88349449634552","0.88349449634552","0.88349449634552","1.1030097007751465","1.1030097007751465","1.1030097007751465","NaN","","","2.3025851249694824","2.3025851249694824","2.3025851249694824","2.173658847808838","2.173658847808838","2.173658847808838","1.317789077758789","1.317789077758789","1.317789077758789","0.37422072887420654","0.37422072887420654","0.37422072887420654","0.24194474518299103","0.24194474518299103","0.24194474518299103","0.4024946093559265","0.4024946093559265","0.4024946093559265","0.4800047278404236","0.4800047278404236","0.4800047278404236","0.6740679144859314","0.6740679144859314","0.6740679144859314","0.9360975623130798","0.9360975623130798","0.9360975623130798","1.2835217714309692","1.2835217714309692","1.2835217714309692","2.3025851249694824","2.3025851249694824","2.3025851249694824","2.3025851249694824","2.3025851249694824","2.3025851249694824","2.1947901248931885","2.1947901248931885","2.1947901248931885","1.58832585811615","1.58832585811615","1.58832585811615","0.9210171103477478","0.9210171103477478","0.9210171103477478","0.5315282940864563","0.5315282940864563","0.5315282940864563","0.48482170701026917","0.48482170701026917","0.48482170701026917","0.947665810585022","0.947665810585022","0.947665810585022","0.7360996007919312","0.7360996007919312","0.7360996007919312","1.1846857070922852","1.1846857070922852","1.1846857070922852","1.253307819366455","1.253307819366455","1.253307819366455","2.3025851249694824","2.3025851249694824","2.3025851249694824","2.3025851249694824","2.3025851249694824","2.3025851249694824","2.1680829524993896","2.1680829524993896","2.1680829524993896","1.5194731950759888","1.5194731950759888","1.5194731950759888","0.9698199033737183","0.9698199033737183","0.9698199033737183","0.8915821313858032","0.8915821313858032","0.8915821313858032","0.7759343385696411","0.7759343385696411","0.7759343385696411","1.0063613653182983","1.0063613653182983","1.0063613653182983","0.9713277816772461","0.9713277816772461","0.9713277816772461","1.4062378406524658","1.4062378406524658","1.4062378406524658","1.4897818565368652","1.4897818565368652","1.4897818565368652"
"80","NaN","","","2.3025851249694824","2.3025851249694824","2.3025851249694824","2.049238443374634","2.049238443374634","2.049238443374634","1.3843462467193604","1.3843462467193604","1.3843462467193604","0.6544309854507446","0.6544309854507446","0.6544309854507446","0.2140423059463501","0.2140423059463501","0.2140423059463501","0.229788675904274","0.229788675904274","0.229788675904274","0.44161123037338257","0.44161123037338257","0.44161123037338257","0.5637514591217041","0.5637514591217041","0.5637514591217041","0.8606386184692383","0.8606386184692383","0.8606386184692383","1.228646993637085","1.228646993637085","1.228646993637085","NaN","","","2.3025851249694824","2.3025851249694824","2.3025851249694824","2.1730642318725586","2.1730642318725586","2.1730642318725586","1.376476526260376","1.376476526260376","1.376476526260376","0.5069999098777771","0.5069999098777771","0.5069999098777771","0.26555126905441284","0.26555126905441284","0.26555126905441284","0.37053680419921875","0.37053680419921875","0.37053680419921875","0.5106998682022095","0.5106998682022095","0.5106998682022095","0.725885272026062","0.725885272026062","0.725885272026062","1.0400986671447754","1.0400986671447754","1.0400986671447754","1.1109132766723633","1.1109132766723633","1.1109132766723633","2.3025851249694824","2.3025851249694824","2.3025851249694824","2.3025851249694824","2.3025851249694824","2.3025851249694824","2.377204656600952","2.377204656600952","2.377204656600952","1.7367730140686035","1.7367730140686035","1.7367730140686035","0.8522721529006958","0.8522721529006958","0.8522721529006958","0.7797102928161621","0.7797102928161621","0.7797102928161621","0.8756710886955261","0.8756710886955261","0.8756710886955261","0.5095682144165039","0.5095682144165039","0.5095682144165039","0.7792346477508545","0.7792346477508545","0.7792346477508545","1.112239122390747","1.112239122390747","1.112239122390747","1.4829533100128174","1.4829533100128174","1.4829533100128174","2.3025851249694824","2.3025851249694824","2.3025851249694824","2.3025851249694824","2.3025851249694824","2.3025851249694824","2.1262366771698","2.1262366771698","2.1262366771698","1.7114946842193604","1.7114946842193604","1.7114946842193604","1.2218700647354126","1.2218700647354126","1.2218700647354126","0.7954689264297485","0.7954689264297485","0.7954689264297485","0.6857892870903015","0.6857892870903015","0.6857892870903015","0.9241868257522583","0.9241868257522583","0.9241868257522583","0.8252925276756287","0.8252925276756287","0.8252925276756287","1.1161272525787354","1.1161272525787354","1.1161272525787354","1.215001106262207","1.215001106262207","1.215001106262207"
"81","NaN","","","2.3025851249694824","2.3025851249694824","2.3025851249694824","2.074385404586792","2.074385404586792","2.074385404586792","1.2756767272949219","1.2756767272949219","1.2756767272949219","0.610471248626709","0.610471248626709","0.610471248626709","0.2999388575553894","0.2999388575553894","0.2999388575553894","0.16971570253372192","0.16971570253372192","0.16971570253372192","0.3174480199813843","0.3174480199813843","0.3174480199813843","0.5257307291030884","0.5257307291030884","0.5257307291030884","1.0578449964523315","1.0578449964523315","1.0578449964523315","1.1190388202667236","1.1190388202667236","1.1190388202667236","NaN","","","2.3025851249694824","2.3025851249694824","2.3025851249694824","1.969947099685669","1.969947099685669","1.969947099685669","1.3890552520751953","1.3890552520751953","1.3890552520751953","0.5927545428276062","0.5927545428276062","0.5927545428276062","0.33397793769836426","0.33397793769836426","0.33397793769836426","0.3265138864517212","0.3265138864517212","0.3265138864517212","0.507497251033783","0.507497251033783","0.507497251033783","0.9541573524475098","0.9541573524475098","0.9541573524475098","1.0026156902313232","1.0026156902313232","1.0026156902313232","1.551085114479065","1.551085114479065","1.551085114479065","2.3025851249694824","2.3025851249694824","2.3025851249694824","2.3025851249694824","2.3025851249694824","2.3025851249694824","2.199892997741699","2.199892997741699","2.199892997741699","1.627368688583374","1.627368688583374","1.627368688583374","0.9646275639533997","0.9646275639533997","0.9646275639533997","0.48540934920310974","0.48540934920310974","0.48540934920310974","0.7146718502044678","0.7146718502044678","0.7146718502044678","1.007345199584961","1.007345199584961","1.007345199584961","0.7702973484992981","0.7702973484992981","0.7702973484992981","0.9886584281921387","0.9886584281921387","0.9886584281921387","1.3103561401367188","1.3103561401367188","1.3103561401367188","2.3025851249694824","2.3025851249694824","2.3025851249694824","2.3025851249694824","2.3025851249694824","2.3025851249694824","2.4734978675842285","2.4734978675842285","2.4734978675842285","1.900580883026123","1.900580883026123","1.900580883026123","0.9223573207855225","0.9223573207855225","0.9223573207855225","0.9356253147125244","0.9356253147125244","0.9356253147125244","0.961590051651001","0.961590051651001","0.961590051651001","0.7951037883758545","0.7951037883758545","0.7951037883758545","1.0831060409545898","1.0831060409545898","1.0831060409545898","1.1494015455245972","1.1494015455245972","1.1494015455245972","1.097873568534851","1.097873568534851","1.097873568534851"
"82","NaN","","","2.3025851249694824","2.3025851249694824","2.3025851249694824","2.4635019302368164","2.4635019302368164","2.4635019302368164","1.3150005340576172","1.3150005340576172","1.3150005340576172","0.7110426425933838","0.7110426425933838","0.7110426425933838","0.29843437671661377","0.29843437671661377","0.29843437671661377","0.2993299663066864","0.2993299663066864","0.2993299663066864","0.3225709795951843","0.3225709795951843","0.3225709795951843","0.485686719417572","0.485686719417572","0.485686719417572","0.7466427087783813","0.7466427087783813","0.7466427087783813","1.2120437622070312","1.2120437622070312","1.2120437622070312","NaN","","","2.3025851249694824","2.3025851249694824","2.3025851249694824","2.135411024093628","2.135411024093628","2.135411024093628","1.7857328653335571","1.7857328653335571","1.7857328653335571","0.6096881628036499","0.6096881628036499","0.6096881628036499","0.2981773018836975","0.2981773018836975","0.2981773018836975","0.6615846753120422","0.6615846753120422","0.6615846753120422","0.42066246271133423","0.42066246271133423","0.42066246271133423","0.720575213432312","0.720575213432312","0.720575213432312","1.1459405422210693","1.1459405422210693","1.1459405422210693","1.1686458587646484","1.1686458587646484","1.1686458587646484","2.3025851249694824","2.3025851249694824","2.3025851249694824","2.3025851249694824","2.3025851249694824","2.3025851249694824","2.2119646072387695","2.2119646072387695","2.2119646072387695","1.6723620891571045","1.6723620891571045","1.6723620891571045","1.1732861995697021","1.1732861995697021","1.1732861995697021","0.8001452684402466","0.8001452684402466","0.8001452684402466","0.6896086931228638","0.6896086931228638","0.6896086931228638","0.6829714775085449","0.6829714775085449","0.6829714775085449","0.8775224089622498","0.8775224089622498","0.8775224089622498","1.0186309814453125","1.0186309814453125","1.0186309814453125","1.2912871837615967","1.2912871837615967","1.2912871837615967","2.3025851249694824","2.3025851249694824","2.3025851249694824","2.3025851249694824","2.3025851249694824","2.3025851249694824","2.1420154571533203","2.1420154571533203","2.1420154571533203","1.7489879131317139","1.7489879131317139","1.7489879131317139","0.9841782450675964","0.9841782450675964","0.9841782450675964","0.8410199880599976","0.8410199880599976","0.8410199880599976","0.8113508224487305","0.8113508224487305","0.8113508224487305","0.7884042263031006","0.7884042263031006","0.7884042263031006","1.0187323093414307","1.0187323093414307","1.0187323093414307","1.1139707565307617","1.1139707565307617","1.1139707565307617","1.409205436706543","1.409205436706543","1.409205436706543"
"83","NaN","","","2.3025851249694824","2.3025851249694824","2.3025851249694824","2.027592182159424","2.027592182159424","2.027592182159424","1.2994980812072754","1.2994980812072754","1.2994980812072754","0.5829461812973022","0.5829461812973022","0.5829461812973022","0.278950035572052","0.278950035572052","0.278950035572052","0.28260737657546997","0.28260737657546997","0.28260737657546997","0.33844873309135437","0.33844873309135437","0.33844873309135437","0.4974929094314575","0.4974929094314575","0.4974929094314575","0.8717871904373169","0.8717871904373169","0.8717871904373169","1.0137553215026855","1.0137553215026855","1.0137553215026855","NaN","","","2.3025851249694824","2.3025851249694824","2.3025851249694824","2.0328409671783447","2.0328409671783447","2.0328409671783447","1.6591547727584839","1.6591547727584839","1.6591547727584839","0.7005774974822998","0.7005774974822998","0.7005774974822998","0.23942266404628754","0.23942266404628754","0.23942266404628754","0.5447992086410522","0.5447992086410522","0.5447992086410522","0.42825761437416077","0.42825761437416077","0.42825761437416077","0.6632543802261353","0.6632543802261353","0.6632543802261353","1.020733118057251","1.020733118057251","1.020733118057251","1.4301841259002686","1.4301841259002686","1.4301841259002686","2.3025851249694824","2.3025851249694824","2.3025851249694824","2.3025851249694824","2.3025851249694824","2.3025851249694824","2.0033464431762695","2.0033464431762695","2.0033464431762695","1.4840196371078491","1.4840196371078491","1.4840196371078491","0.9843320846557617","0.9843320846557617","0.9843320846557617","0.7272186279296875","0.7272186279296875","0.7272186279296875","0.4943951368331909","0.4943951368331909","0.4943951368331909","0.5019610524177551","0.5019610524177551","0.5019610524177551","0.7946415543556213","0.7946415543556213","0.7946415543556213","1.2082148790359497","1.2082148790359497","1.2082148790359497","1.4832701683044434","1.4832701683044434","1.4832701683044434","2.3025851249694824","2.3025851249694824","2.3025851249694824","2.3025851249694824","2.3025851249694824","2.3025851249694824","2.1227259635925293","2.1227259635925293","2.1227259635925293","1.736812949180603","1.736812949180603","1.736812949180603","0.8226593732833862","0.8226593732833862","0.8226593732833862","1.162945032119751","1.162945032119751","1.162945032119751","0.8505211472511292","0.8505211472511292","0.8505211472511292","0.7812032103538513","0.7812032103538513","0.7812032103538513","0.9458982944488525","0.9458982944488525","0.9458982944488525","0.9920154809951782","0.9920154809951782","0.9920154809951782","1.1648658514022827","1.1648658514022827","1.1648658514022827"
"84","NaN","","","2.3025851249694824","2.3025851249694824","2.3025851249694824","2.0648505687713623","2.0648505687713623","2.0648505687713623","1.6655852794647217","1.6655852794647217","1.6655852794647217","0.7908687591552734","0.7908687591552734","0.7908687591552734","0.3363194465637207","0.3363194465637207","0.3363194465637207","0.2276691347360611","0.2276691347360611","0.2276691347360611","0.36136066913604736","0.36136066913604736","0.36136066913604736","0.6132205724716187","0.6132205724716187","0.6132205724716187","0.9751415252685547","0.9751415252685547","0.9751415252685547","1.1154227256774902","1.1154227256774902","1.1154227256774902","NaN","","","2.3025851249694824","2.3025851249694824","2.3025851249694824","2.080159902572632","2.080159902572632","2.080159902572632","1.2869362831115723","1.2869362831115723","1.2869362831115723","0.7344014644622803","0.7344014644622803","0.7344014644622803","0.3952835202217102","0.3952835202217102","0.3952835202217102","0.4082295894622803","0.4082295894622803","0.4082295894622803","0.5019785761833191","0.5019785761833191","0.5019785761833191","0.5381852388381958","0.5381852388381958","0.5381852388381958","1.1658575534820557","1.1658575534820557","1.1658575534820557","1.3656116724014282","1.3656116724014282","1.3656116724014282","2.3025851249694824","2.3025851249694824","2.3025851249694824","2.3025851249694824","2.3025851249694824","2.3025851249694824","2.1896700859069824","2.1896700859069824","2.1896700859069824","1.601295828819275","1.601295828819275","1.601295828819275","1.309733271598816","1.309733271598816","1.309733271598816","0.3866780698299408","0.3866780698299408","0.3866780698299408","0.8218952417373657","0.8218952417373657","0.8218952417373657","0.7077974081039429","0.7077974081039429","0.7077974081039429","0.7125077247619629","0.7125077247619629","0.7125077247619629","1.0951151847839355","1.0951151847839355","1.0951151847839355","1.0743757486343384","1.0743757486343384","1.0743757486343384","2.3025851249694824","2.3025851249694824","2.3025851249694824","2.3025851249694824","2.3025851249694824","2.3025851249694824","2.220808982849121","2.220808982849121","2.220808982849121","1.666625738143921","1.666625738143921","1.666625738143921","0.6581952571868896","0.6581952571868896","0.6581952571868896","0.9726386070251465","0.9726386070251465","0.9726386070251465","0.6643282175064087","0.6643282175064087","0.6643282175064087","0.7882893085479736","0.7882893085479736","0.7882893085479736","1.1856670379638672","1.1856670379638672","1.1856670379638672","1.227095127105713","1.227095127105713","1.227095127105713","1.486936092376709","1.486936092376709","1.486936092376709"
"85","NaN","","","2.3025851249694824","2.3025851249694824","2.3025851249694824","2.1121435165405273","2.1121435165405273","2.1121435165405273","0.984154462814331","0.984154462814331","0.984154462814331","0.3475763201713562","0.3475763201713562","0.3475763201713562","0.1377718448638916","0.1377718448638916","0.1377718448638916","0.2789536118507385","0.2789536118507385","0.2789536118507385","0.3908858895301819","0.3908858895301819","0.3908858895301819","0.700276255607605","0.700276255607605","0.700276255607605","0.8971579074859619","0.8971579074859619","0.8971579074859619","1.1857585906982422","1.1857585906982422","1.1857585906982422","NaN","","","2.3025851249694824","2.3025851249694824","2.3025851249694824","1.9552500247955322","1.9552500247955322","1.9552500247955322","1.3673382997512817","1.3673382997512817","1.3673382997512817","0.7660646438598633","0.7660646438598633","0.7660646438598633","0.5787152051925659","0.5787152051925659","0.5787152051925659","0.37351173162460327","0.37351173162460327","0.37351173162460327","0.48673585057258606","0.48673585057258606","0.48673585057258606","0.7551453113555908","0.7551453113555908","0.7551453113555908","1.1675868034362793","1.1675868034362793","1.1675868034362793","1.2396314144134521","1.2396314144134521","1.2396314144134521","2.3025851249694824","2.3025851249694824","2.3025851249694824","2.3025851249694824","2.3025851249694824","2.3025851249694824","2.1839911937713623","2.1839911937713623","2.1839911937713623","1.7497024536132812","1.7497024536132812","1.7497024536132812","0.8435365557670593","0.8435365557670593","0.8435365557670593","0.3855920433998108","0.3855920433998108","0.3855920433998108","0.49854665994644165","0.49854665994644165","0.49854665994644165","0.6005704402923584","0.6005704402923584","0.6005704402923584","0.9511609077453613","0.9511609077453613","0.9511609077453613","1.255871295928955","1.255871295928955","1.255871295928955","1.3761398792266846","1.3761398792266846","1.3761398792266846","2.3025851249694824","2.3025851249694824","2.3025851249694824","2.3025851249694824","2.3025851249694824","2.3025851249694824","2.183562994003296","2.183562994003296","2.183562994003296","1.5006039142608643","1.5006039142608643","1.5006039142608643","1.1279270648956299","1.1279270648956299","1.1279270648956299","0.9704400300979614","0.9704400300979614","0.9704400300979614","0.6745744943618774","0.6745744943618774","0.6745744943618774","0.8386996388435364","0.8386996388435364","0.8386996388435364","0.8968130350112915","0.8968130350112915","0.8968130350112915","0.8412468433380127","0.8412468433380127","0.8412468433380127","1.453789234161377","1.453789234161377","1.453789234161377"
"86","NaN","","","2.3025851249694824","2.3025851249694824","2.3025851249694824","2.303342819213867","2.303342819213867","2.303342819213867","1.046795129776001","1.046795129776001","1.046795129776001","0.6409809589385986","0.6409809589385986","0.6409809589385986","0.346676230430603","0.346676230430603","0.346676230430603","0.2415771782398224","0.2415771782398224","0.2415771782398224","0.36877524852752686","0.36877524852752686","0.36877524852752686","0.5330474376678467","0.5330474376678467","0.5330474376678467","0.8177420496940613","0.8177420496940613","0.8177420496940613","1.128359317779541","1.128359317779541","1.128359317779541","NaN","","","2.3025851249694824","2.3025851249694824","2.3025851249694824","2.1311898231506348","2.1311898231506348","2.1311898231506348","1.8307524919509888","1.8307524919509888","1.8307524919509888","0.7010072469711304","0.7010072469711304","0.7010072469711304","0.29812511801719666","0.29812511801719666","0.29812511801719666","0.31019195914268494","0.31019195914268494","0.31019195914268494","0.48025429248809814","0.48025429248809814","0.48025429248809814","0.5399043560028076","0.5399043560028076","0.5399043560028076","0.7838497161865234","0.7838497161865234","0.7838497161865234","1.3615050315856934","1.3615050315856934","1.3615050315856934","2.3025851249694824","2.3025851249694824","2.3025851249694824","2.3025851249694824","2.3025851249694824","2.3025851249694824","2.1321799755096436","2.1321799755096436","2.1321799755096436","1.5880224704742432","1.5880224704742432","1.5880224704742432","0.9567415714263916","0.9567415714263916","0.9567415714263916","0.6469876170158386","0.6469876170158386","0.6469876170158386","0.6943524479866028","0.6943524479866028","0.6943524479866028","0.7838578224182129","0.7838578224182129","0.7838578224182129","0.8596933484077454","0.8596933484077454","0.8596933484077454","1.174118161201477","1.174118161201477","1.174118161201477","1.2005529403686523","1.2005529403686523","1.2005529403686523","2.3025851249694824","2.3025851249694824","2.3025851249694824","2.3025851249694824","2.3025851249694824","2.3025851249694824","2.267460346221924","2.267460346221924","2.267460346221924","1.6324748992919922","1.6324748992919922","1.6324748992919922","0.9938822984695435","0.9938822984695435","0.9938822984695435","0.8729760050773621","0.8729760050773621","0.8729760050773621","0.6704016327857971","0.6704016327857971","0.6704016327857971","1.0775864124298096","1.0775864124298096","1.0775864124298096","0.8991531729698181","0.8991531729698181","0.8991531729698181","0.9570732116699219","0.9570732116699219","0.9570732116699219","1.2820791006088257","1.2820791006088257","1.2820791006088257"
"87","NaN","","","2.3025851249694824","2.3025851249694824","2.3025851249694824","2.313089370727539","2.313089370727539","2.313089370727539","1.2323263883590698","1.2323263883590698","1.2323263883590698","0.5426194071769714","0.5426194071769714","0.5426194071769714","0.2765297293663025","0.2765297293663025","0.2765297293663025","0.12183711677789688","0.12183711677789688","0.12183711677789688","0.1842661052942276","0.1842661052942276","0.1842661052942276","0.5450544357299805","0.5450544357299805","0.5450544357299805","0.7002509832382202","0.7002509832382202","0.7002509832382202","1.048186182975769","1.048186182975769","1.048186182975769","NaN","","","2.3025851249694824","2.3025851249694824","2.3025851249694824","2.1061739921569824","2.1061739921569824","2.1061739921569824","1.8855834007263184","1.8855834007263184","1.8855834007263184","0.7581778168678284","0.7581778168678284","0.7581778168678284","0.26084715127944946","0.26084715127944946","0.26084715127944946","0.3565729856491089","0.3565729856491089","0.3565729856491089","0.4323706030845642","0.4323706030845642","0.4323706030845642","0.833932638168335","0.833932638168335","0.833932638168335","0.8782476186752319","0.8782476186752319","0.8782476186752319","1.2105305194854736","1.2105305194854736","1.2105305194854736","2.3025851249694824","2.3025851249694824","2.3025851249694824","2.3025851249694824","2.3025851249694824","2.3025851249694824","2.110095977783203","2.110095977783203","2.110095977783203","1.816627025604248","1.816627025604248","1.816627025604248","1.2229244709014893","1.2229244709014893","1.2229244709014893","0.5315531492233276","0.5315531492233276","0.5315531492233276","0.38384145498275757","0.38384145498275757","0.38384145498275757","0.6138409376144409","0.6138409376144409","0.6138409376144409","0.9047107696533203","0.9047107696533203","0.9047107696533203","0.9437097311019897","0.9437097311019897","0.9437097311019897","1.1758379936218262","1.1758379936218262","1.1758379936218262","2.3025851249694824","2.3025851249694824","2.3025851249694824","2.3025851249694824","2.3025851249694824","2.3025851249694824","2.1260757446289062","2.1260757446289062","2.1260757446289062","1.7369160652160645","1.7369160652160645","1.7369160652160645","0.8481553792953491","0.8481553792953491","0.8481553792953491","0.9425737261772156","0.9425737261772156","0.9425737261772156","0.6863073110580444","0.6863073110580444","0.6863073110580444","0.5491400957107544","0.5491400957107544","0.5491400957107544","0.9885533452033997","0.9885533452033997","0.9885533452033997","0.9839396476745605","0.9839396476745605","0.9839396476745605","1.4363749027252197","1.4363749027252197","1.4363749027252197"
"88","NaN","","","2.3025851249694824","2.3025851249694824","2.3025851249694824","2.2842178344726562","2.2842178344726562","2.2842178344726562","1.2524006366729736","1.2524006366729736","1.2524006366729736","0.5143030881881714","0.5143030881881714","0.5143030881881714","0.15688809752464294","0.15688809752464294","0.15688809752464294","0.27814942598342896","0.27814942598342896","0.27814942598342896","0.34824857115745544","0.34824857115745544","0.34824857115745544","0.5432311296463013","0.5432311296463013","0.5432311296463013","0.6327033042907715","0.6327033042907715","0.6327033042907715","1.121448278427124","1.121448278427124","1.121448278427124","NaN","","","2.3025851249694824","2.3025851249694824","2.3025851249694824","2.0715854167938232","2.0715854167938232","2.0715854167938232","1.1614603996276855","1.1614603996276855","1.1614603996276855","0.6890923976898193","0.6890923976898193","0.6890923976898193","0.32280683517456055","0.32280683517456055","0.32280683517456055","0.23305903375148773","0.23305903375148773","0.23305903375148773","0.531843900680542","0.531843900680542","0.531843900680542","0.5304008722305298","0.5304008722305298","0.5304008722305298","0.8291867971420288","0.8291867971420288","0.8291867971420288","1.1863471269607544","1.1863471269607544","1.1863471269607544","2.3025851249694824","2.3025851249694824","2.3025851249694824","2.3025851249694824","2.3025851249694824","2.3025851249694824","2.2433948516845703","2.2433948516845703","2.2433948516845703","1.9388890266418457","1.9388890266418457","1.9388890266418457","1.0169442892074585","1.0169442892074585","1.0169442892074585","0.4730202555656433","0.4730202555656433","0.4730202555656433","0.5220321416854858","0.5220321416854858","0.5220321416854858","0.6322277784347534","0.6322277784347534","0.6322277784347534","0.9289020895957947","0.9289020895957947","0.9289020895957947","1.1852664947509766","1.1852664947509766","1.1852664947509766","1.4905213117599487","1.4905213117599487","1.4905213117599487","2.3025851249694824","2.3025851249694824","2.3025851249694824","2.3025851249694824","2.3025851249694824","2.3025851249694824","2.0196893215179443","2.0196893215179443","2.0196893215179443","1.6258900165557861","1.6258900165557861","1.6258900165557861","0.9255742430686951","0.9255742430686951","0.9255742430686951","0.6761720180511475","0.6761720180511475","0.6761720180511475","0.6231854557991028","0.6231854557991028","0.6231854557991028","0.9343451857566833","0.9343451857566833","0.9343451857566833","1.0228092670440674","1.0228092670440674","1.0228092670440674","0.9116349220275879","0.9116349220275879","0.9116349220275879","1.4154857397079468","1.4154857397079468","1.4154857397079468"
"89","NaN","","","2.3018014430999756","2.3018014430999756","2.3018014430999756","2.0476865768432617","2.0476865768432617","2.0476865768432617","1.1572145223617554","1.1572145223617554","1.1572145223617554","0.29296568036079407","0.29296568036079407","0.29296568036079407","0.2541689872741699","0.2541689872741699","0.2541689872741699","0.2687075734138489","0.2687075734138489","0.2687075734138489","0.266032874584198","0.266032874584198","0.266032874584198","0.48748815059661865","0.48748815059661865","0.48748815059661865","0.6968357563018799","0.6968357563018799","0.6968357563018799","1.3128304481506348","1.3128304481506348","1.3128304481506348","NaN","","","2.3025851249694824","2.3025851249694824","2.3025851249694824","2.2487354278564453","2.2487354278564453","2.2487354278564453","1.2587001323699951","1.2587001323699951","1.2587001323699951","0.9101347327232361","0.9101347327232361","0.9101347327232361","0.3836572766304016","0.3836572766304016","0.3836572766304016","0.720431923866272","0.720431923866272","0.720431923866272","0.5584385395050049","0.5584385395050049","0.5584385395050049","0.594961404800415","0.594961404800415","0.594961404800415","1.0257985591888428","1.0257985591888428","1.0257985591888428","1.165029525756836","1.165029525756836","1.165029525756836","2.3025851249694824","2.3025851249694824","2.3025851249694824","2.3025851249694824","2.3025851249694824","2.3025851249694824","2.249835252761841","2.249835252761841","2.249835252761841","1.9566938877105713","1.9566938877105713","1.9566938877105713","0.9116422533988953","0.9116422533988953","0.9116422533988953","0.5738040804862976","0.5738040804862976","0.5738040804862976","0.5849243402481079","0.5849243402481079","0.5849243402481079","0.6631383299827576","0.6631383299827576","0.6631383299827576","0.7976217269897461","0.7976217269897461","0.7976217269897461","0.8653368353843689","0.8653368353843689","0.8653368353843689","1.3007153272628784","1.3007153272628784","1.3007153272628784","2.3025851249694824","2.3025851249694824","2.3025851249694824","2.3025851249694824","2.3025851249694824","2.3025851249694824","2.0039258003234863","2.0039258003234863","2.0039258003234863","1.677573561668396","1.677573561668396","1.677573561668396","0.8119269609451294","0.8119269609451294","0.8119269609451294","0.641767680644989","0.641767680644989","0.641767680644989","0.8022851943969727","0.8022851943969727","0.8022851943969727","0.7937437295913696","0.7937437295913696","0.7937437295913696","0.8771114349365234","0.8771114349365234","0.8771114349365234","1.0081851482391357","1.0081851482391357","1.0081851482391357","1.4342384338378906","1.4342384338378906","1.4342384338378906"
"90","NaN","","","2.3025851249694824","2.3025851249694824","2.3025851249694824","2.3532261848449707","2.3532261848449707","2.3532261848449707","1.422119140625","1.422119140625","1.422119140625","0.6938232183456421","0.6938232183456421","0.6938232183456421","0.13725323975086212","0.13725323975086212","0.13725323975086212","0.17145106196403503","0.17145106196403503","0.17145106196403503","0.24080675840377808","0.24080675840377808","0.24080675840377808","0.527059018611908","0.527059018611908","0.527059018611908","0.8548691272735596","0.8548691272735596","0.8548691272735596","1.103003978729248","1.103003978729248","1.103003978729248","NaN","","","2.3025851249694824","2.3025851249694824","2.3025851249694824","2.3806023597717285","2.3806023597717285","2.3806023597717285","1.2938673496246338","1.2938673496246338","1.2938673496246338","0.6378861665725708","0.6378861665725708","0.6378861665725708","0.2518603801727295","0.2518603801727295","0.2518603801727295","0.17808595299720764","0.17808595299720764","0.17808595299720764","0.46315997838974","0.46315997838974","0.46315997838974","0.5631083846092224","0.5631083846092224","0.5631083846092224","0.9060236215591431","0.9060236215591431","0.9060236215591431","1.1485753059387207","1.1485753059387207","1.1485753059387207","2.3025851249694824","2.3025851249694824","2.3025851249694824","2.3025851249694824","2.3025851249694824","2.3025851249694824","2.0125699043273926","2.0125699043273926","2.0125699043273926","1.5214953422546387","1.5214953422546387","1.5214953422546387","1.254790186882019","1.254790186882019","1.254790186882019","0.7258232831954956","0.7258232831954956","0.7258232831954956","0.3790706992149353","0.3790706992149353","0.3790706992149353","0.7704663276672363","0.7704663276672363","0.7704663276672363","0.9563993811607361","0.9563993811607361","0.9563993811607361","0.8932117819786072","0.8932117819786072","0.8932117819786072","1.26228928565979","1.26228928565979","1.26228928565979","2.3025851249694824","2.3025851249694824","2.3025851249694824","2.3025851249694824","2.3025851249694824","2.3025851249694824","2.1273484230041504","2.1273484230041504","2.1273484230041504","1.659121036529541","1.659121036529541","1.659121036529541","0.9235291481018066","0.9235291481018066","0.9235291481018066","0.6307451725006104","0.6307451725006104","0.6307451725006104","0.9430745840072632","0.9430745840072632","0.9430745840072632","0.8005147576332092","0.8005147576332092","0.8005147576332092","1.1025456190109253","1.1025456190109253","1.1025456190109253","1.2409090995788574","1.2409090995788574","1.2409090995788574","1.0875747203826904","1.0875747203826904","1.0875747203826904"
"91","NaN","","","2.3025851249694824","2.3025851249694824","2.3025851249694824","2.310346841812134","2.310346841812134","2.310346841812134","1.71217942237854","1.71217942237854","1.71217942237854","0.8551210165023804","0.8551210165023804","0.8551210165023804","0.29075658321380615","0.29075658321380615","0.29075658321380615","0.1720738559961319","0.1720738559961319","0.1720738559961319","0.3076633810997009","0.3076633810997009","0.3076633810997009","0.5295665264129639","0.5295665264129639","0.5295665264129639","1.012512445449829","1.012512445449829","1.012512445449829","1.09458589553833","1.09458589553833","1.09458589553833","NaN","","","2.3025851249694824","2.3025851249694824","2.3025851249694824","2.294613838195801","2.294613838195801","2.294613838195801","1.667572259902954","1.667572259902954","1.667572259902954","0.7958561182022095","0.7958561182022095","0.7958561182022095","0.42135828733444214","0.42135828733444214","0.42135828733444214","0.239324152469635","0.239324152469635","0.239324152469635","0.655280590057373","0.655280590057373","0.655280590057373","0.6177331805229187","0.6177331805229187","0.6177331805229187","1.0421812534332275","1.0421812534332275","1.0421812534332275","1.3003625869750977","1.3003625869750977","1.3003625869750977","2.3025851249694824","2.3025851249694824","2.3025851249694824","2.3025851249694824","2.3025851249694824","2.3025851249694824","2.2366342544555664","2.2366342544555664","2.2366342544555664","1.394524335861206","1.394524335861206","1.394524335861206","0.7479910850524902","0.7479910850524902","0.7479910850524902","0.49992889165878296","0.49992889165878296","0.49992889165878296","0.5326887369155884","0.5326887369155884","0.5326887369155884","0.678115963935852","0.678115963935852","0.678115963935852","0.8151848316192627","0.8151848316192627","0.8151848316192627","1.0371173620224","1.0371173620224","1.0371173620224","1.2723987102508545","1.2723987102508545","1.2723987102508545","2.3025851249694824","2.3025851249694824","2.3025851249694824","2.3025851249694824","2.3025851249694824","2.3025851249694824","2.0637898445129395","2.0637898445129395","2.0637898445129395","1.7889556884765625","1.7889556884765625","1.7889556884765625","1.029482364654541","1.029482364654541","1.029482364654541","0.9475424289703369","0.9475424289703369","0.9475424289703369","0.6808241605758667","0.6808241605758667","0.6808241605758667","0.8950149416923523","0.8950149416923523","0.8950149416923523","0.9472690224647522","0.9472690224647522","0.9472690224647522","1.0701144933700562","1.0701144933700562","1.0701144933700562","1.1195423603057861","1.1195423603057861","1.1195423603057861"
"92","NaN","","","2.3025851249694824","2.3025851249694824","2.3025851249694824","2.1897647380828857","2.1897647380828857","2.1897647380828857","1.6828542947769165","1.6828542947769165","1.6828542947769165","0.5343770980834961","0.5343770980834961","0.5343770980834961","0.2285497486591339","0.2285497486591339","0.2285497486591339","0.1578959822654724","0.1578959822654724","0.1578959822654724","0.2819371223449707","0.2819371223449707","0.2819371223449707","0.550126314163208","0.550126314163208","0.550126314163208","0.8876545429229736","0.8876545429229736","0.8876545429229736","1.2855892181396484","1.2855892181396484","1.2855892181396484","NaN","","","2.3025851249694824","2.3025851249694824","2.3025851249694824","2.153308153152466","2.153308153152466","2.153308153152466","1.4419467449188232","1.4419467449188232","1.4419467449188232","1.1203181743621826","1.1203181743621826","1.1203181743621826","0.39644283056259155","0.39644283056259155","0.39644283056259155","0.22972942888736725","0.22972942888736725","0.22972942888736725","0.28690701723098755","0.28690701723098755","0.28690701723098755","0.8465521335601807","0.8465521335601807","0.8465521335601807","0.8029128313064575","0.8029128313064575","0.8029128313064575","1.461505651473999","1.461505651473999","1.461505651473999","2.3025851249694824","2.3025851249694824","2.3025851249694824","2.3025851249694824","2.3025851249694824","2.3025851249694824","2.097048282623291","2.097048282623291","2.097048282623291","1.5417330265045166","1.5417330265045166","1.5417330265045166","1.1413758993148804","1.1413758993148804","1.1413758993148804","0.5214498043060303","0.5214498043060303","0.5214498043060303","0.38205671310424805","0.38205671310424805","0.38205671310424805","0.6523581743240356","0.6523581743240356","0.6523581743240356","0.9064391851425171","0.9064391851425171","0.9064391851425171","0.9081560373306274","0.9081560373306274","0.9081560373306274","1.3450782299041748","1.3450782299041748","1.3450782299041748","2.3025851249694824","2.3025851249694824","2.3025851249694824","2.3025851249694824","2.3025851249694824","2.3025851249694824","2.203221082687378","2.203221082687378","2.203221082687378","1.5694103240966797","1.5694103240966797","1.5694103240966797","1.0155258178710938","1.0155258178710938","1.0155258178710938","0.7755212783813477","0.7755212783813477","0.7755212783813477","0.6280462741851807","0.6280462741851807","0.6280462741851807","0.9519115686416626","0.9519115686416626","0.9519115686416626","1.055738925933838","1.055738925933838","1.055738925933838","1.054710865020752","1.054710865020752","1.054710865020752","1.3108007907867432","1.3108007907867432","1.3108007907867432"
"93","NaN","","","2.3025851249694824","2.3025851249694824","2.3025851249694824","2.0362820625305176","2.0362820625305176","2.0362820625305176","1.1542103290557861","1.1542103290557861","1.1542103290557861","0.47996631264686584","0.47996631264686584","0.47996631264686584","0.22397632896900177","0.22397632896900177","0.22397632896900177","0.2061442881822586","0.2061442881822586","0.2061442881822586","0.3032396137714386","0.3032396137714386","0.3032396137714386","0.3488198518753052","0.3488198518753052","0.3488198518753052","0.8068416714668274","0.8068416714668274","0.8068416714668274","1.1350586414337158","1.1350586414337158","1.1350586414337158","NaN","","","2.3025851249694824","2.3025851249694824","2.3025851249694824","2.194739818572998","2.194739818572998","2.194739818572998","1.4688901901245117","1.4688901901245117","1.4688901901245117","0.49038827419281006","0.49038827419281006","0.49038827419281006","0.25666218996047974","0.25666218996047974","0.25666218996047974","0.15225544571876526","0.15225544571876526","0.15225544571876526","0.4058306813240051","0.4058306813240051","0.4058306813240051","0.5878739953041077","0.5878739953041077","0.5878739953041077","1.0503408908843994","1.0503408908843994","1.0503408908843994","1.053285837173462","1.053285837173462","1.053285837173462","2.3025851249694824","2.3025851249694824","2.3025851249694824","2.3025851249694824","2.3025851249694824","2.3025851249694824","2.1450395584106445","2.1450395584106445","2.1450395584106445","1.9755029678344727","1.9755029678344727","1.9755029678344727","1.0419228076934814","1.0419228076934814","1.0419228076934814","0.5477443933486938","0.5477443933486938","0.5477443933486938","0.5167357921600342","0.5167357921600342","0.5167357921600342","0.6522274017333984","0.6522274017333984","0.6522274017333984","0.8546226024627686","0.8546226024627686","0.8546226024627686","0.9589053392410278","0.9589053392410278","0.9589053392410278","1.4409911632537842","1.4409911632537842","1.4409911632537842","2.3025851249694824","2.3025851249694824","2.3025851249694824","2.3025851249694824","2.3025851249694824","2.3025851249694824","2.1961309909820557","2.1961309909820557","2.1961309909820557","1.7830463647842407","1.7830463647842407","1.7830463647842407","0.8927049040794373","0.8927049040794373","0.8927049040794373","0.7551908493041992","0.7551908493041992","0.7551908493041992","0.6493985652923584","0.6493985652923584","0.6493985652923584","0.5590565204620361","0.5590565204620361","0.5590565204620361","0.9864075779914856","0.9864075779914856","0.9864075779914856","1.1897587776184082","1.1897587776184082","1.1897587776184082","1.3939318656921387","1.3939318656921387","1.3939318656921387"
"94","NaN","","","2.3025851249694824","2.3025851249694824","2.3025851249694824","1.8773161172866821","1.8773161172866821","1.8773161172866821","1.4395116567611694","1.4395116567611694","1.4395116567611694","0.604947566986084","0.604947566986084","0.604947566986084","0.189833402633667","0.189833402633667","0.189833402633667","0.4163650870323181","0.4163650870323181","0.4163650870323181","0.35576874017715454","0.35576874017715454","0.35576874017715454","0.39692240953445435","0.39692240953445435","0.39692240953445435","0.7901490926742554","0.7901490926742554","0.7901490926742554","0.928981602191925","0.928981602191925","0.928981602191925","NaN","","","2.3025851249694824","2.3025851249694824","2.3025851249694824","2.2010884284973145","2.2010884284973145","2.2010884284973145","1.762414813041687","1.762414813041687","1.762414813041687","0.6815751791000366","0.6815751791000366","0.6815751791000366","0.24723605811595917","0.24723605811595917","0.24723605811595917","0.24885661900043488","0.24885661900043488","0.24885661900043488","0.3665243685245514","0.3665243685245514","0.3665243685245514","0.5836708545684814","0.5836708545684814","0.5836708545684814","0.7728630304336548","0.7728630304336548","0.7728630304336548","1.0426398515701294","1.0426398515701294","1.0426398515701294","2.3025851249694824","2.3025851249694824","2.3025851249694824","2.3025851249694824","2.3025851249694824","2.3025851249694824","2.1644201278686523","2.1644201278686523","2.1644201278686523","1.5611968040466309","1.5611968040466309","1.5611968040466309","0.890137255191803","0.890137255191803","0.890137255191803","0.5818278193473816","0.5818278193473816","0.5818278193473816","0.524462103843689","0.524462103843689","0.524462103843689","0.8994500041007996","0.8994500041007996","0.8994500041007996","1.021714687347412","1.021714687347412","1.021714687347412","0.8880511522293091","0.8880511522293091","0.8880511522293091","1.2635400295257568","1.2635400295257568","1.2635400295257568","2.3025851249694824","2.3025851249694824","2.3025851249694824","2.3025851249694824","2.3025851249694824","2.3025851249694824","2.3254876136779785","2.3254876136779785","2.3254876136779785","1.566837191581726","1.566837191581726","1.566837191581726","1.0275143384933472","1.0275143384933472","1.0275143384933472","0.5989302396774292","0.5989302396774292","0.5989302396774292","0.6843904256820679","0.6843904256820679","0.6843904256820679","0.6546770334243774","0.6546770334243774","0.6546770334243774","0.9431071877479553","0.9431071877479553","0.9431071877479553","1.2823638916015625","1.2823638916015625","1.2823638916015625","1.3857160806655884","1.3857160806655884","1.3857160806655884"
"95","NaN","","","2.3025851249694824","2.3025851249694824","2.3025851249694824","2.0286896228790283","2.0286896228790283","2.0286896228790283","1.3367648124694824","1.3367648124694824","1.3367648124694824","0.5052319765090942","0.5052319765090942","0.5052319765090942","0.3174021542072296","0.3174021542072296","0.3174021542072296","0.3289712071418762","0.3289712071418762","0.3289712071418762","0.18765372037887573","0.18765372037887573","0.18765372037887573","0.4448016285896301","0.4448016285896301","0.4448016285896301","0.8187296390533447","0.8187296390533447","0.8187296390533447","1.0465891361236572","1.0465891361236572","1.0465891361236572","NaN","","","2.3025851249694824","2.3025851249694824","2.3025851249694824","2.0967888832092285","2.0967888832092285","2.0967888832092285","1.9232368469238281","1.9232368469238281","1.9232368469238281","0.5950504541397095","0.5950504541397095","0.5950504541397095","0.26627761125564575","0.26627761125564575","0.26627761125564575","0.2398279905319214","0.2398279905319214","0.2398279905319214","0.42465394735336304","0.42465394735336304","0.42465394735336304","0.588537335395813","0.588537335395813","0.588537335395813","0.9374470710754395","0.9374470710754395","0.9374470710754395","1.0753648281097412","1.0753648281097412","1.0753648281097412","2.3025851249694824","2.3025851249694824","2.3025851249694824","2.3025851249694824","2.3025851249694824","2.3025851249694824","2.1287453174591064","2.1287453174591064","2.1287453174591064","1.6158968210220337","1.6158968210220337","1.6158968210220337","0.9502449631690979","0.9502449631690979","0.9502449631690979","0.5594160556793213","0.5594160556793213","0.5594160556793213","0.4427356719970703","0.4427356719970703","0.4427356719970703","0.6545525193214417","0.6545525193214417","0.6545525193214417","0.6645894050598145","0.6645894050598145","0.6645894050598145","1.1229941844940186","1.1229941844940186","1.1229941844940186","1.346578598022461","1.346578598022461","1.346578598022461","2.3025851249694824","2.3025851249694824","2.3025851249694824","2.3025851249694824","2.3025851249694824","2.3025851249694824","2.121253728866577","2.121253728866577","2.121253728866577","1.758303165435791","1.758303165435791","1.758303165435791","0.9152238368988037","0.9152238368988037","0.9152238368988037","0.6078705787658691","0.6078705787658691","0.6078705787658691","0.6836763620376587","0.6836763620376587","0.6836763620376587","0.9258488416671753","0.9258488416671753","0.9258488416671753","0.8698314428329468","0.8698314428329468","0.8698314428329468","1.0686993598937988","1.0686993598937988","1.0686993598937988","1.093625545501709","1.093625545501709","1.093625545501709"
"96","NaN","","","2.3025851249694824","2.3025851249694824","2.3025851249694824","1.920253038406372","1.920253038406372","1.920253038406372","1.0222091674804688","1.0222091674804688","1.0222091674804688","0.6476892232894897","0.6476892232894897","0.6476892232894897","0.16951031982898712","0.16951031982898712","0.16951031982898712","0.17967742681503296","0.17967742681503296","0.17967742681503296","0.3440623879432678","0.3440623879432678","0.3440623879432678","0.485904723405838","0.485904723405838","0.485904723405838","0.7301685810089111","0.7301685810089111","0.7301685810089111","1.2661190032958984","1.2661190032958984","1.2661190032958984","NaN","","","2.3025851249694824","2.3025851249694824","2.3025851249694824","2.257336378097534","2.257336378097534","2.257336378097534","1.6238313913345337","1.6238313913345337","1.6238313913345337","0.7386633157730103","0.7386633157730103","0.7386633157730103","0.26084256172180176","0.26084256172180176","0.26084256172180176","0.24550031125545502","0.24550031125545502","0.24550031125545502","0.46773505210876465","0.46773505210876465","0.46773505210876465","0.8802691698074341","0.8802691698074341","0.8802691698074341","0.9064474105834961","0.9064474105834961","0.9064474105834961","0.9278382062911987","0.9278382062911987","0.9278382062911987","2.3025851249694824","2.3025851249694824","2.3025851249694824","2.3025851249694824","2.3025851249694824","2.3025851249694824","2.1143012046813965","2.1143012046813965","2.1143012046813965","1.8749432563781738","1.8749432563781738","1.8749432563781738","1.0101146697998047","1.0101146697998047","1.0101146697998047","0.45875483751296997","0.45875483751296997","0.45875483751296997","0.48471763730049133","0.48471763730049133","0.48471763730049133","0.7517076134681702","0.7517076134681702","0.7517076134681702","0.9205308556556702","0.9205308556556702","0.9205308556556702","1.210636854171753","1.210636854171753","1.210636854171753","1.3600525856018066","1.3600525856018066","1.3600525856018066","2.3025851249694824","2.3025851249694824","2.3025851249694824","2.3025851249694824","2.3025851249694824","2.3025851249694824","2.051506519317627","2.051506519317627","2.051506519317627","1.413155198097229","1.413155198097229","1.413155198097229","1.4550292491912842","1.4550292491912842","1.4550292491912842","0.7177698612213135","0.7177698612213135","0.7177698612213135","0.5752901434898376","0.5752901434898376","0.5752901434898376","0.787848711013794","0.787848711013794","0.787848711013794","0.8919383883476257","0.8919383883476257","0.8919383883476257","0.9885580539703369","0.9885580539703369","0.9885580539703369","1.1127653121948242","1.1127653121948242","1.1127653121948242"
"97","NaN","","","2.3025851249694824","2.3025851249694824","2.3025851249694824","2.6656107902526855","2.6656107902526855","2.6656107902526855","1.0994325876235962","1.0994325876235962","1.0994325876235962","0.5284662246704102","0.5284662246704102","0.5284662246704102","0.2666366398334503","0.2666366398334503","0.2666366398334503","0.18685570359230042","0.18685570359230042","0.18685570359230042","0.27599838376045227","0.27599838376045227","0.27599838376045227","0.39155256748199463","0.39155256748199463","0.39155256748199463","0.6869255304336548","0.6869255304336548","0.6869255304336548","1.0323643684387207","1.0323643684387207","1.0323643684387207","NaN","","","2.3025851249694824","2.3025851249694824","2.3025851249694824","2.2920496463775635","2.2920496463775635","2.2920496463775635","1.0535061359405518","1.0535061359405518","1.0535061359405518","0.8813135623931885","0.8813135623931885","0.8813135623931885","0.3229551911354065","0.3229551911354065","0.3229551911354065","0.1910446584224701","0.1910446584224701","0.1910446584224701","0.41591721773147583","0.41591721773147583","0.41591721773147583","0.5106731653213501","0.5106731653213501","0.5106731653213501","0.8493014574050903","0.8493014574050903","0.8493014574050903","0.9045418500900269","0.9045418500900269","0.9045418500900269","2.3025851249694824","2.3025851249694824","2.3025851249694824","2.3025851249694824","2.3025851249694824","2.3025851249694824","2.185527801513672","2.185527801513672","2.185527801513672","1.8098437786102295","1.8098437786102295","1.8098437786102295","0.7140355110168457","0.7140355110168457","0.7140355110168457","0.7397786974906921","0.7397786974906921","0.7397786974906921","0.31430184841156006","0.31430184841156006","0.31430184841156006","0.6914103031158447","0.6914103031158447","0.6914103031158447","0.9633714556694031","0.9633714556694031","0.9633714556694031","1.0017046928405762","1.0017046928405762","1.0017046928405762","1.4564963579177856","1.4564963579177856","1.4564963579177856","2.3025851249694824","2.3025851249694824","2.3025851249694824","2.3025851249694824","2.3025851249694824","2.3025851249694824","2.1916866302490234","2.1916866302490234","2.1916866302490234","1.4874696731567383","1.4874696731567383","1.4874696731567383","0.8842231035232544","0.8842231035232544","0.8842231035232544","0.7917379140853882","0.7917379140853882","0.7917379140853882","0.48526856303215027","0.48526856303215027","0.48526856303215027","0.7386623620986938","0.7386623620986938","0.7386623620986938","0.8625539541244507","0.8625539541244507","0.8625539541244507","1.2696399688720703","1.2696399688720703","1.2696399688720703","1.6240594387054443","1.6240594387054443","1.6240594387054443"
"98","NaN","","","2.3025851249694824","2.3025851249694824","2.3025851249694824","1.943064570426941","1.943064570426941","1.943064570426941","1.1575806140899658","1.1575806140899658","1.1575806140899658","0.6800383925437927","0.6800383925437927","0.6800383925437927","0.3310644030570984","0.3310644030570984","0.3310644030570984","0.2291949987411499","0.2291949987411499","0.2291949987411499","0.3574088215827942","0.3574088215827942","0.3574088215827942","0.5724237561225891","0.5724237561225891","0.5724237561225891","0.9182915091514587","0.9182915091514587","0.9182915091514587","1.281021237373352","1.281021237373352","1.281021237373352","NaN","","","2.3025851249694824","2.3025851249694824","2.3025851249694824","2.1273412704467773","2.1273412704467773","2.1273412704467773","1.4574413299560547","1.4574413299560547","1.4574413299560547","0.3632008135318756","0.3632008135318756","0.3632008135318756","0.4296357035636902","0.4296357035636902","0.4296357035636902","0.22801288962364197","0.22801288962364197","0.22801288962364197","0.34113243222236633","0.34113243222236633","0.34113243222236633","0.5350596904754639","0.5350596904754639","0.5350596904754639","0.9729680418968201","0.9729680418968201","0.9729680418968201","1.0955651998519897","1.0955651998519897","1.0955651998519897","2.3025851249694824","2.3025851249694824","2.3025851249694824","2.3025851249694824","2.3025851249694824","2.3025851249694824","2.240328073501587","2.240328073501587","2.240328073501587","1.5879297256469727","1.5879297256469727","1.5879297256469727","0.7724752426147461","0.7724752426147461","0.7724752426147461","0.5327819585800171","0.5327819585800171","0.5327819585800171","0.3223017454147339","0.3223017454147339","0.3223017454147339","0.4848633408546448","0.4848633408546448","0.4848633408546448","0.6702662706375122","0.6702662706375122","0.6702662706375122","0.9759905934333801","0.9759905934333801","0.9759905934333801","1.338516354560852","1.338516354560852","1.338516354560852","2.3025851249694824","2.3025851249694824","2.3025851249694824","2.3025851249694824","2.3025851249694824","2.3025851249694824","2.223271369934082","2.223271369934082","2.223271369934082","1.6518747806549072","1.6518747806549072","1.6518747806549072","0.9297345280647278","0.9297345280647278","0.9297345280647278","0.6828822493553162","0.6828822493553162","0.6828822493553162","0.7326467037200928","0.7326467037200928","0.7326467037200928","0.8741990327835083","0.8741990327835083","0.8741990327835083","0.7703938484191895","0.7703938484191895","0.7703938484191895","1.1119797229766846","1.1119797229766846","1.1119797229766846","1.124191164970398","1.124191164970398","1.124191164970398"
"99","NaN","","","2.3025851249694824","2.3025851249694824","2.3025851249694824","2.0977447032928467","2.0977447032928467","2.0977447032928467","0.9425315856933594","0.9425315856933594","0.9425315856933594","0.20040413737297058","0.20040413737297058","0.20040413737297058","0.10804249346256256","0.10804249346256256","0.10804249346256256","0.14698827266693115","0.14698827266693115","0.14698827266693115","0.15595445036888123","0.15595445036888123","0.15595445036888123","0.4551941752433777","0.4551941752433777","0.4551941752433777","0.6688972115516663","0.6688972115516663","0.6688972115516663","0.9547185897827148","0.9547185897827148","0.9547185897827148","NaN","","","2.3025851249694824","2.3025851249694824","2.3025851249694824","2.0910019874572754","2.0910019874572754","2.0910019874572754","1.323852300643921","1.323852300643921","1.323852300643921","0.5294917821884155","0.5294917821884155","0.5294917821884155","0.15569451451301575","0.15569451451301575","0.15569451451301575","0.13921281695365906","0.13921281695365906","0.13921281695365906","0.40296822786331177","0.40296822786331177","0.40296822786331177","0.4416193664073944","0.4416193664073944","0.4416193664073944","0.9325846433639526","0.9325846433639526","0.9325846433639526","1.0194758176803589","1.0194758176803589","1.0194758176803589","2.3025851249694824","2.3025851249694824","2.3025851249694824","2.3025851249694824","2.3025851249694824","2.3025851249694824","2.0919666290283203","2.0919666290283203","2.0919666290283203","1.5411533117294312","1.5411533117294312","1.5411533117294312","0.8384116291999817","0.8384116291999817","0.8384116291999817","0.6898831725120544","0.6898831725120544","0.6898831725120544","0.4980422854423523","0.4980422854423523","0.4980422854423523","0.7106590270996094","0.7106590270996094","0.7106590270996094","1.0275640487670898","1.0275640487670898","1.0275640487670898","1.2081191539764404","1.2081191539764404","1.2081191539764404","1.2599506378173828","1.2599506378173828","1.2599506378173828","2.3025851249694824","2.3025851249694824","2.3025851249694824","2.3025851249694824","2.3025851249694824","2.3025851249694824","1.9869565963745117","1.9869565963745117","1.9869565963745117","1.6966423988342285","1.6966423988342285","1.6966423988342285","1.2209761142730713","1.2209761142730713","1.2209761142730713","0.6577928066253662","0.6577928066253662","0.6577928066253662","0.7395033836364746","0.7395033836364746","0.7395033836364746","0.7139853239059448","0.7139853239059448","0.7139853239059448","1.0242632627487183","1.0242632627487183","1.0242632627487183","1.065255045890808","1.065255045890808","1.065255045890808","1.2862663269042969","1.2862663269042969","1.2862663269042969"
"100","NaN","","","2.3025851249694824","2.3025851249694824","2.3025851249694824","2.013312578201294","2.013312578201294","2.013312578201294","1.3093024492263794","1.3093024492263794","1.3093024492263794","0.513485312461853","0.513485312461853","0.513485312461853","0.15856871008872986","0.15856871008872986","0.15856871008872986","0.09428595006465912","0.09428595006465912","0.09428595006465912","0.16428592801094055","0.16428592801094055","0.16428592801094055","0.45541858673095703","0.45541858673095703","0.45541858673095703","0.8219591379165649","0.8219591379165649","0.8219591379165649","0.8533945679664612","0.8533945679664612","0.8533945679664612","NaN","","","2.3025851249694824","2.3025851249694824","2.3025851249694824","2.199864387512207","2.199864387512207","2.199864387512207","1.2666857242584229","1.2666857242584229","1.2666857242584229","0.5624673366546631","0.5624673366546631","0.5624673366546631","0.35892781615257263","0.35892781615257263","0.35892781615257263","0.15735892951488495","0.15735892951488495","0.15735892951488495","0.5422353744506836","0.5422353744506836","0.5422353744506836","0.49557244777679443","0.49557244777679443","0.49557244777679443","0.8846523761749268","0.8846523761749268","0.8846523761749268","1.234565019607544","1.234565019607544","1.234565019607544","2.3025851249694824","2.3025851249694824","2.3025851249694824","2.3025851249694824","2.3025851249694824","2.3025851249694824","2.1752548217773438","2.1752548217773438","2.1752548217773438","1.6694176197052002","1.6694176197052002","1.6694176197052002","0.8131941556930542","0.8131941556930542","0.8131941556930542","0.5080065727233887","0.5080065727233887","0.5080065727233887","0.5680474042892456","0.5680474042892456","0.5680474042892456","0.825449526309967","0.825449526309967","0.825449526309967","0.555201530456543","0.555201530456543","0.555201530456543","0.9615667462348938","0.9615667462348938","0.9615667462348938","1.1930723190307617","1.1930723190307617","1.1930723190307617","2.3025851249694824","2.3025851249694824","2.3025851249694824","2.3025851249694824","2.3025851249694824","2.3025851249694824","2.1141250133514404","2.1141250133514404","2.1141250133514404","1.716725468635559","1.716725468635559","1.716725468635559","0.8293917179107666","0.8293917179107666","0.8293917179107666","0.5507364273071289","0.5507364273071289","0.5507364273071289","0.4430994391441345","0.4430994391441345","0.4430994391441345","0.744521975517273","0.744521975517273","0.744521975517273","0.8033832311630249","0.8033832311630249","0.8033832311630249","0.9804565906524658","0.9804565906524658","0.9804565906524658","1.148956060409546","1.148956060409546","1.148956060409546"
"101","NaN","","","2.3025851249694824","2.3025851249694824","2.3025851249694824","2.0029702186584473","2.0029702186584473","2.0029702186584473","1.5058369636535645","1.5058369636535645","1.5058369636535645","0.5524184107780457","0.5524184107780457","0.5524184107780457","0.11961516737937927","0.11961516737937927","0.11961516737937927","0.07200412452220917","0.07200412452220917","0.07200412452220917","0.3165051341056824","0.3165051341056824","0.3165051341056824","0.3879464268684387","0.3879464268684387","0.3879464268684387","0.9656854867935181","0.9656854867935181","0.9656854867935181","1.240574598312378","1.240574598312378","1.240574598312378","NaN","","","2.3025851249694824","2.3025851249694824","2.3025851249694824","2.1577272415161133","2.1577272415161133","2.1577272415161133","1.5826336145401","1.5826336145401","1.5826336145401","0.7860064506530762","0.7860064506530762","0.7860064506530762","0.2982056438922882","0.2982056438922882","0.2982056438922882","0.2982098460197449","0.2982098460197449","0.2982098460197449","0.3809671401977539","0.3809671401977539","0.3809671401977539","0.7047451138496399","0.7047451138496399","0.7047451138496399","0.9555118083953857","0.9555118083953857","0.9555118083953857","1.2686941623687744","1.2686941623687744","1.2686941623687744","2.3025851249694824","2.3025851249694824","2.3025851249694824","2.3025851249694824","2.3025851249694824","2.3025851249694824","2.716864585876465","2.716864585876465","2.716864585876465","1.5053503513336182","1.5053503513336182","1.5053503513336182","0.7364317774772644","0.7364317774772644","0.7364317774772644","0.42060157656669617","0.42060157656669617","0.42060157656669617","0.455660879611969","0.455660879611969","0.455660879611969","0.7293345928192139","0.7293345928192139","0.7293345928192139","0.6713087558746338","0.6713087558746338","0.6713087558746338","0.9592688679695129","0.9592688679695129","0.9592688679695129","1.3067231178283691","1.3067231178283691","1.3067231178283691","2.3025851249694824","2.3025851249694824","2.3025851249694824","2.3025851249694824","2.3025851249694824","2.3025851249694824","2.084958553314209","2.084958553314209","2.084958553314209","1.52581787109375","1.52581787109375","1.52581787109375","0.8916059136390686","0.8916059136390686","0.8916059136390686","0.759317934513092","0.759317934513092","0.759317934513092","0.599563479423523","0.599563479423523","0.599563479423523","0.8526386022567749","0.8526386022567749","0.8526386022567749","0.7476178407669067","0.7476178407669067","0.7476178407669067","1.0850462913513184","1.0850462913513184","1.0850462913513184","1.6554006338119507","1.6554006338119507","1.6554006338119507"
"102","NaN","","","2.3025851249694824","2.3025851249694824","2.3025851249694824","2.153329610824585","2.153329610824585","2.153329610824585","1.0629186630249023","1.0629186630249023","1.0629186630249023","0.442421019077301","0.442421019077301","0.442421019077301","0.21866080164909363","0.21866080164909363","0.21866080164909363","0.10446153581142426","0.10446153581142426","0.10446153581142426","0.22343924641609192","0.22343924641609192","0.22343924641609192","0.4592024087905884","0.4592024087905884","0.4592024087905884","0.7755140662193298","0.7755140662193298","0.7755140662193298","0.91541987657547","0.91541987657547","0.91541987657547","NaN","","","2.3025851249694824","2.3025851249694824","2.3025851249694824","2.2082862854003906","2.2082862854003906","2.2082862854003906","1.472728967666626","1.472728967666626","1.472728967666626","0.5260472297668457","0.5260472297668457","0.5260472297668457","0.2549142837524414","0.2549142837524414","0.2549142837524414","0.21201539039611816","0.21201539039611816","0.21201539039611816","0.4250677227973938","0.4250677227973938","0.4250677227973938","0.47430747747421265","0.47430747747421265","0.47430747747421265","0.834514319896698","0.834514319896698","0.834514319896698","1.1329320669174194","1.1329320669174194","1.1329320669174194","2.3025851249694824","2.3025851249694824","2.3025851249694824","2.3025851249694824","2.3025851249694824","2.3025851249694824","2.6580874919891357","2.6580874919891357","2.6580874919891357","2.1304705142974854","2.1304705142974854","2.1304705142974854","1.0902577638626099","1.0902577638626099","1.0902577638626099","0.49185001850128174","0.49185001850128174","0.49185001850128174","0.46913817524909973","0.46913817524909973","0.46913817524909973","0.6109535694122314","0.6109535694122314","0.6109535694122314","0.7725526094436646","0.7725526094436646","0.7725526094436646","0.8045170307159424","0.8045170307159424","0.8045170307159424","1.3020803928375244","1.3020803928375244","1.3020803928375244","2.3025851249694824","2.3025851249694824","2.3025851249694824","2.3025851249694824","2.3025851249694824","2.3025851249694824","2.240676164627075","2.240676164627075","2.240676164627075","1.7566285133361816","1.7566285133361816","1.7566285133361816","1.047613501548767","1.047613501548767","1.047613501548767","0.9485611915588379","0.9485611915588379","0.9485611915588379","0.8227788209915161","0.8227788209915161","0.8227788209915161","0.7914926409721375","0.7914926409721375","0.7914926409721375","0.9913206696510315","0.9913206696510315","0.9913206696510315","1.1135551929473877","1.1135551929473877","1.1135551929473877","1.142606496810913","1.142606496810913","1.142606496810913"
"103","NaN","","","2.3025851249694824","2.3025851249694824","2.3025851249694824","2.175802707672119","2.175802707672119","2.175802707672119","1.1357243061065674","1.1357243061065674","1.1357243061065674","0.5893772840499878","0.5893772840499878","0.5893772840499878","0.11993804574012756","0.11993804574012756","0.11993804574012756","0.23306667804718018","0.23306667804718018","0.23306667804718018","0.1817752718925476","0.1817752718925476","0.1817752718925476","0.35166501998901367","0.35166501998901367","0.35166501998901367","0.7284672260284424","0.7284672260284424","0.7284672260284424","1.139172077178955","1.139172077178955","1.139172077178955","NaN","","","2.3025851249694824","2.3025851249694824","2.3025851249694824","2.177581548690796","2.177581548690796","2.177581548690796","1.445117473602295","1.445117473602295","1.445117473602295","0.4540135860443115","0.4540135860443115","0.4540135860443115","0.225047305226326","0.225047305226326","0.225047305226326","0.2758634388446808","0.2758634388446808","0.2758634388446808","0.31956326961517334","0.31956326961517334","0.31956326961517334","0.432921826839447","0.432921826839447","0.432921826839447","1.0504738092422485","1.0504738092422485","1.0504738092422485","1.1954100131988525","1.1954100131988525","1.1954100131988525","2.3025851249694824","2.3025851249694824","2.3025851249694824","2.3025851249694824","2.3025851249694824","2.3025851249694824","2.253899574279785","2.253899574279785","2.253899574279785","1.6380771398544312","1.6380771398544312","1.6380771398544312","0.8279930949211121","0.8279930949211121","0.8279930949211121","0.6493543386459351","0.6493543386459351","0.6493543386459351","0.41971641778945923","0.41971641778945923","0.41971641778945923","0.5880113840103149","0.5880113840103149","0.5880113840103149","0.7835308909416199","0.7835308909416199","0.7835308909416199","1.2140377759933472","1.2140377759933472","1.2140377759933472","1.3290729522705078","1.3290729522705078","1.3290729522705078","2.3025851249694824","2.3025851249694824","2.3025851249694824","2.3025851249694824","2.3025851249694824","2.3025851249694824","2.254757881164551","2.254757881164551","2.254757881164551","1.7778509855270386","1.7778509855270386","1.7778509855270386","1.0675299167633057","1.0675299167633057","1.0675299167633057","0.5496764183044434","0.5496764183044434","0.5496764183044434","0.4527758061885834","0.4527758061885834","0.4527758061885834","0.7434319257736206","0.7434319257736206","0.7434319257736206","0.778576672077179","0.778576672077179","0.778576672077179","1.061797857284546","1.061797857284546","1.061797857284546","1.419366717338562","1.419366717338562","1.419366717338562"
"104","NaN","","","2.3025851249694824","2.3025851249694824","2.3025851249694824","2.0726265907287598","2.0726265907287598","2.0726265907287598","1.404442548751831","1.404442548751831","1.404442548751831","0.7572661638259888","0.7572661638259888","0.7572661638259888","0.11118323355913162","0.11118323355913162","0.11118323355913162","0.16576828062534332","0.16576828062534332","0.16576828062534332","0.25710293650627136","0.25710293650627136","0.25710293650627136","0.4643977880477905","0.4643977880477905","0.4643977880477905","0.6434217691421509","0.6434217691421509","0.6434217691421509","0.9855642318725586","0.9855642318725586","0.9855642318725586","NaN","","","2.3025851249694824","2.3025851249694824","2.3025851249694824","2.2407219409942627","2.2407219409942627","2.2407219409942627","1.2659668922424316","1.2659668922424316","1.2659668922424316","0.8774999380111694","0.8774999380111694","0.8774999380111694","0.19193308055400848","0.19193308055400848","0.19193308055400848","0.22980257868766785","0.22980257868766785","0.22980257868766785","0.24009914696216583","0.24009914696216583","0.24009914696216583","0.6956503391265869","0.6956503391265869","0.6956503391265869","0.7250950336456299","0.7250950336456299","0.7250950336456299","1.1098341941833496","1.1098341941833496","1.1098341941833496","2.3025851249694824","2.3025851249694824","2.3025851249694824","2.3025851249694824","2.3025851249694824","2.3025851249694824","2.0087380409240723","2.0087380409240723","2.0087380409240723","1.3635108470916748","1.3635108470916748","1.3635108470916748","0.9093874096870422","0.9093874096870422","0.9093874096870422","0.3296542167663574","0.3296542167663574","0.3296542167663574","0.3582102060317993","0.3582102060317993","0.3582102060317993","0.5355328917503357","0.5355328917503357","0.5355328917503357","0.6806139349937439","0.6806139349937439","0.6806139349937439","1.0665454864501953","1.0665454864501953","1.0665454864501953","1.1927998065948486","1.1927998065948486","1.1927998065948486","2.3025851249694824","2.3025851249694824","2.3025851249694824","2.3025851249694824","2.3025851249694824","2.3025851249694824","2.1849937438964844","2.1849937438964844","2.1849937438964844","1.6003061532974243","1.6003061532974243","1.6003061532974243","1.0504781007766724","1.0504781007766724","1.0504781007766724","0.7256239652633667","0.7256239652633667","0.7256239652633667","0.44417476654052734","0.44417476654052734","0.44417476654052734","0.8107849359512329","0.8107849359512329","0.8107849359512329","0.8704714179039001","0.8704714179039001","0.8704714179039001","1.168883204460144","1.168883204460144","1.168883204460144","1.4833821058273315","1.4833821058273315","1.4833821058273315"
"105","NaN","","","2.3025851249694824","2.3025851249694824","2.3025851249694824","2.0516486167907715","2.0516486167907715","2.0516486167907715","1.4284307956695557","1.4284307956695557","1.4284307956695557","0.4229912757873535","0.4229912757873535","0.4229912757873535","0.14622481167316437","0.14622481167316437","0.14622481167316437","0.1396155059337616","0.1396155059337616","0.1396155059337616","0.14389914274215698","0.14389914274215698","0.14389914274215698","0.37461531162261963","0.37461531162261963","0.37461531162261963","0.7548034191131592","0.7548034191131592","0.7548034191131592","1.1310664415359497","1.1310664415359497","1.1310664415359497","NaN","","","2.3025851249694824","2.3025851249694824","2.3025851249694824","2.1345229148864746","2.1345229148864746","2.1345229148864746","1.497504472732544","1.497504472732544","1.497504472732544","0.5516930222511292","0.5516930222511292","0.5516930222511292","0.13437986373901367","0.13437986373901367","0.13437986373901367","0.39939579367637634","0.39939579367637634","0.39939579367637634","0.22414810955524445","0.22414810955524445","0.22414810955524445","0.6301904916763306","0.6301904916763306","0.6301904916763306","0.7584309577941895","0.7584309577941895","0.7584309577941895","1.371533751487732","1.371533751487732","1.371533751487732","2.3025851249694824","2.3025851249694824","2.3025851249694824","2.3025851249694824","2.3025851249694824","2.3025851249694824","2.303219795227051","2.303219795227051","2.303219795227051","1.3115851879119873","1.3115851879119873","1.3115851879119873","0.8273723721504211","0.8273723721504211","0.8273723721504211","0.46065378189086914","0.46065378189086914","0.46065378189086914","0.5305324196815491","0.5305324196815491","0.5305324196815491","0.45446208119392395","0.45446208119392395","0.45446208119392395","0.6588180065155029","0.6588180065155029","0.6588180065155029","1.0924232006072998","1.0924232006072998","1.0924232006072998","1.5187063217163086","1.5187063217163086","1.5187063217163086","2.3025851249694824","2.3025851249694824","2.3025851249694824","2.3025851249694824","2.3025851249694824","2.3025851249694824","2.2610011100769043","2.2610011100769043","2.2610011100769043","1.8565865755081177","1.8565865755081177","1.8565865755081177","1.162720799446106","1.162720799446106","1.162720799446106","0.7213014364242554","0.7213014364242554","0.7213014364242554","0.6244441270828247","0.6244441270828247","0.6244441270828247","0.6605211496353149","0.6605211496353149","0.6605211496353149","0.8602463006973267","0.8602463006973267","0.8602463006973267","1.3867398500442505","1.3867398500442505","1.3867398500442505","1.4901610612869263","1.4901610612869263","1.4901610612869263"
"106","NaN","","","2.3025851249694824","2.3025851249694824","2.3025851249694824","2.249128818511963","2.249128818511963","2.249128818511963","1.5339124202728271","1.5339124202728271","1.5339124202728271","0.634160041809082","0.634160041809082","0.634160041809082","0.2748549282550812","0.2748549282550812","0.2748549282550812","0.10647498071193695","0.10647498071193695","0.10647498071193695","0.24862425029277802","0.24862425029277802","0.24862425029277802","0.6109228134155273","0.6109228134155273","0.6109228134155273","0.7368154525756836","0.7368154525756836","0.7368154525756836","1.0114436149597168","1.0114436149597168","1.0114436149597168","NaN","","","2.3025851249694824","2.3025851249694824","2.3025851249694824","2.163562774658203","2.163562774658203","2.163562774658203","1.5931185483932495","1.5931185483932495","1.5931185483932495","0.6534168720245361","0.6534168720245361","0.6534168720245361","0.17476129531860352","0.17476129531860352","0.17476129531860352","0.14823883771896362","0.14823883771896362","0.14823883771896362","0.16984647512435913","0.16984647512435913","0.16984647512435913","0.5101004838943481","0.5101004838943481","0.5101004838943481","0.9646288156509399","0.9646288156509399","0.9646288156509399","1.261309266090393","1.261309266090393","1.261309266090393","2.3025851249694824","2.3025851249694824","2.3025851249694824","2.3025851249694824","2.3025851249694824","2.3025851249694824","2.2738876342773438","2.2738876342773438","2.2738876342773438","1.7411108016967773","1.7411108016967773","1.7411108016967773","0.9870898723602295","0.9870898723602295","0.9870898723602295","0.5628306269645691","0.5628306269645691","0.5628306269645691","0.3302934467792511","0.3302934467792511","0.3302934467792511","0.591435968875885","0.591435968875885","0.591435968875885","0.675467848777771","0.675467848777771","0.675467848777771","0.9291313886642456","0.9291313886642456","0.9291313886642456","1.10798978805542","1.10798978805542","1.10798978805542","2.3025851249694824","2.3025851249694824","2.3025851249694824","2.3025851249694824","2.3025851249694824","2.3025851249694824","2.088430404663086","2.088430404663086","2.088430404663086","1.9163388013839722","1.9163388013839722","1.9163388013839722","1.0423681735992432","1.0423681735992432","1.0423681735992432","0.8437483310699463","0.8437483310699463","0.8437483310699463","0.6689930558204651","0.6689930558204651","0.6689930558204651","0.6507652401924133","0.6507652401924133","0.6507652401924133","0.8801147937774658","0.8801147937774658","0.8801147937774658","1.263681411743164","1.263681411743164","1.263681411743164","1.2181529998779297","1.2181529998779297","1.2181529998779297"
"107","NaN","","","2.3025851249694824","2.3025851249694824","2.3025851249694824","2.0439951419830322","2.0439951419830322","2.0439951419830322","1.6107451915740967","1.6107451915740967","1.6107451915740967","0.42764055728912354","0.42764055728912354","0.42764055728912354","0.13404113054275513","0.13404113054275513","0.13404113054275513","0.08066689968109131","0.08066689968109131","0.08066689968109131","0.28302133083343506","0.28302133083343506","0.28302133083343506","0.44764190912246704","0.44764190912246704","0.44764190912246704","0.753926157951355","0.753926157951355","0.753926157951355","1.0844168663024902","1.0844168663024902","1.0844168663024902","NaN","","","2.3025851249694824","2.3025851249694824","2.3025851249694824","2.330169439315796","2.330169439315796","2.330169439315796","1.3306677341461182","1.3306677341461182","1.3306677341461182","0.753663182258606","0.753663182258606","0.753663182258606","0.4941169321537018","0.4941169321537018","0.4941169321537018","0.25982382893562317","0.25982382893562317","0.25982382893562317","0.24810177087783813","0.24810177087783813","0.24810177087783813","0.6163175106048584","0.6163175106048584","0.6163175106048584","0.658832848072052","0.658832848072052","0.658832848072052","1.0892620086669922","1.0892620086669922","1.0892620086669922","2.3025851249694824","2.3025851249694824","2.3025851249694824","2.3025851249694824","2.3025851249694824","2.3025851249694824","2.2512311935424805","2.2512311935424805","2.2512311935424805","1.4751818180084229","1.4751818180084229","1.4751818180084229","1.0026085376739502","1.0026085376739502","1.0026085376739502","0.36615920066833496","0.36615920066833496","0.36615920066833496","0.5040411949157715","0.5040411949157715","0.5040411949157715","0.5393356084823608","0.5393356084823608","0.5393356084823608","0.6093971729278564","0.6093971729278564","0.6093971729278564","0.8287268877029419","0.8287268877029419","0.8287268877029419","1.2295312881469727","1.2295312881469727","1.2295312881469727","2.3025851249694824","2.3025851249694824","2.3025851249694824","2.3025851249694824","2.3025851249694824","2.3025851249694824","2.057861328125","2.057861328125","2.057861328125","1.7664793729782104","1.7664793729782104","1.7664793729782104","1.1673704385757446","1.1673704385757446","1.1673704385757446","0.8262125849723816","0.8262125849723816","0.8262125849723816","0.41150152683258057","0.41150152683258057","0.41150152683258057","0.7304661273956299","0.7304661273956299","0.7304661273956299","0.7442605495452881","0.7442605495452881","0.7442605495452881","1.1032793521881104","1.1032793521881104","1.1032793521881104","1.2013206481933594","1.2013206481933594","1.2013206481933594"
"108","NaN","","","2.3025851249694824","2.3025851249694824","2.3025851249694824","2.2720983028411865","2.2720983028411865","2.2720983028411865","1.6196842193603516","1.6196842193603516","1.6196842193603516","0.4427470266819","0.4427470266819","0.4427470266819","0.1833803355693817","0.1833803355693817","0.1833803355693817","0.06721672415733337","0.06721672415733337","0.06721672415733337","0.1604267954826355","0.1604267954826355","0.1604267954826355","0.3531060814857483","0.3531060814857483","0.3531060814857483","0.706774890422821","0.706774890422821","0.706774890422821","1.2847037315368652","1.2847037315368652","1.2847037315368652","NaN","","","2.3025851249694824","2.3025851249694824","2.3025851249694824","2.3533592224121094","2.3533592224121094","2.3533592224121094","1.286980390548706","1.286980390548706","1.286980390548706","0.8424236178398132","0.8424236178398132","0.8424236178398132","0.28607743978500366","0.28607743978500366","0.28607743978500366","0.16935637593269348","0.16935637593269348","0.16935637593269348","0.13564574718475342","0.13564574718475342","0.13564574718475342","0.5262184739112854","0.5262184739112854","0.5262184739112854","0.77833092212677","0.77833092212677","0.77833092212677","1.2142746448516846","1.2142746448516846","1.2142746448516846","2.3025851249694824","2.3025851249694824","2.3025851249694824","2.3025851249694824","2.3025851249694824","2.3025851249694824","2.3420729637145996","2.3420729637145996","2.3420729637145996","1.4080965518951416","1.4080965518951416","1.4080965518951416","0.5969175100326538","0.5969175100326538","0.5969175100326538","0.5139004588127136","0.5139004588127136","0.5139004588127136","0.43021222949028015","0.43021222949028015","0.43021222949028015","0.5275076627731323","0.5275076627731323","0.5275076627731323","0.9147576093673706","0.9147576093673706","0.9147576093673706","0.8764926195144653","0.8764926195144653","0.8764926195144653","1.1702332496643066","1.1702332496643066","1.1702332496643066","2.3025851249694824","2.3025851249694824","2.3025851249694824","2.3025851249694824","2.3025851249694824","2.3025851249694824","1.9130851030349731","1.9130851030349731","1.9130851030349731","1.9929678440093994","1.9929678440093994","1.9929678440093994","1.2873140573501587","1.2873140573501587","1.2873140573501587","0.6668350100517273","0.6668350100517273","0.6668350100517273","0.660545289516449","0.660545289516449","0.660545289516449","0.91075199842453","0.91075199842453","0.91075199842453","0.8637659549713135","0.8637659549713135","0.8637659549713135","1.0325673818588257","1.0325673818588257","1.0325673818588257","1.3705165386199951","1.3705165386199951","1.3705165386199951"
"109","NaN","","","2.3025851249694824","2.3025851249694824","2.3025851249694824","2.223706007003784","2.223706007003784","2.223706007003784","1.452418565750122","1.452418565750122","1.452418565750122","0.5237442255020142","0.5237442255020142","0.5237442255020142","0.07960294187068939","0.07960294187068939","0.07960294187068939","0.16343775391578674","0.16343775391578674","0.16343775391578674","0.17136643826961517","0.17136643826961517","0.17136643826961517","0.543581485748291","0.543581485748291","0.543581485748291","0.9334475994110107","0.9334475994110107","0.9334475994110107","1.1882530450820923","1.1882530450820923","1.1882530450820923","NaN","","","2.3025851249694824","2.3025851249694824","2.3025851249694824","2.2748234272003174","2.2748234272003174","2.2748234272003174","1.1414695978164673","1.1414695978164673","1.1414695978164673","0.4806934893131256","0.4806934893131256","0.4806934893131256","0.1916802078485489","0.1916802078485489","0.1916802078485489","0.2792587876319885","0.2792587876319885","0.2792587876319885","0.3121875524520874","0.3121875524520874","0.3121875524520874","0.5560342073440552","0.5560342073440552","0.5560342073440552","1.0277574062347412","1.0277574062347412","1.0277574062347412","1.0319551229476929","1.0319551229476929","1.0319551229476929","2.3025851249694824","2.3025851249694824","2.3025851249694824","2.3025851249694824","2.3025851249694824","2.3025851249694824","2.1834840774536133","2.1834840774536133","2.1834840774536133","1.819559097290039","1.819559097290039","1.819559097290039","0.9726300239562988","0.9726300239562988","0.9726300239562988","0.41055023670196533","0.41055023670196533","0.41055023670196533","0.38124457001686096","0.38124457001686096","0.38124457001686096","0.4874565303325653","0.4874565303325653","0.4874565303325653","0.7889763116836548","0.7889763116836548","0.7889763116836548","1.0159248113632202","1.0159248113632202","1.0159248113632202","1.1720893383026123","1.1720893383026123","1.1720893383026123","2.3025851249694824","2.3025851249694824","2.3025851249694824","2.3025851249694824","2.3025851249694824","2.3025851249694824","1.9714467525482178","1.9714467525482178","1.9714467525482178","1.7904359102249146","1.7904359102249146","1.7904359102249146","1.0121594667434692","1.0121594667434692","1.0121594667434692","0.5671368837356567","0.5671368837356567","0.5671368837356567","0.8128266334533691","0.8128266334533691","0.8128266334533691","0.5850530862808228","0.5850530862808228","0.5850530862808228","0.9589066505432129","0.9589066505432129","0.9589066505432129","0.9721741676330566","0.9721741676330566","0.9721741676330566","1.2457833290100098","1.2457833290100098","1.2457833290100098"
"110","NaN","","","2.3025851249694824","2.3025851249694824","2.3025851249694824","2.084648609161377","2.084648609161377","2.084648609161377","1.1538974046707153","1.1538974046707153","1.1538974046707153","0.5819909572601318","0.5819909572601318","0.5819909572601318","0.24792930483818054","0.24792930483818054","0.24792930483818054","0.11696209013462067","0.11696209013462067","0.11696209013462067","0.21594148874282837","0.21594148874282837","0.21594148874282837","0.2958669662475586","0.2958669662475586","0.2958669662475586","0.55791836977005","0.55791836977005","0.55791836977005","0.9430547952651978","0.9430547952651978","0.9430547952651978","NaN","","","2.3025851249694824","2.3025851249694824","2.3025851249694824","2.223557710647583","2.223557710647583","2.223557710647583","1.2189671993255615","1.2189671993255615","1.2189671993255615","0.8141472339630127","0.8141472339630127","0.8141472339630127","0.2005448192358017","0.2005448192358017","0.2005448192358017","0.11721824109554291","0.11721824109554291","0.11721824109554291","0.4298610985279083","0.4298610985279083","0.4298610985279083","0.4119570851325989","0.4119570851325989","0.4119570851325989","0.6999707221984863","0.6999707221984863","0.6999707221984863","1.1912003755569458","1.1912003755569458","1.1912003755569458","2.3025851249694824","2.3025851249694824","2.3025851249694824","2.3025851249694824","2.3025851249694824","2.3025851249694824","2.0471246242523193","2.0471246242523193","2.0471246242523193","1.6949183940887451","1.6949183940887451","1.6949183940887451","0.8691350817680359","0.8691350817680359","0.8691350817680359","0.34011930227279663","0.34011930227279663","0.34011930227279663","0.3425273299217224","0.3425273299217224","0.3425273299217224","0.5927945971488953","0.5927945971488953","0.5927945971488953","0.8400678634643555","0.8400678634643555","0.8400678634643555","0.8626685738563538","0.8626685738563538","0.8626685738563538","1.4088947772979736","1.4088947772979736","1.4088947772979736","2.3025851249694824","2.3025851249694824","2.3025851249694824","2.3025851249694824","2.3025851249694824","2.3025851249694824","2.1933016777038574","2.1933016777038574","2.1933016777038574","1.8823919296264648","1.8823919296264648","1.8823919296264648","0.9197607040405273","0.9197607040405273","0.9197607040405273","0.755395233631134","0.755395233631134","0.755395233631134","0.6170974969863892","0.6170974969863892","0.6170974969863892","0.4351680278778076","0.4351680278778076","0.4351680278778076","0.8995358943939209","0.8995358943939209","0.8995358943939209","1.1048301458358765","1.1048301458358765","1.1048301458358765","1.2689296007156372","1.2689296007156372","1.2689296007156372"
"111","NaN","","","2.3025851249694824","2.3025851249694824","2.3025851249694824","2.2644786834716797","2.2644786834716797","2.2644786834716797","1.3792226314544678","1.3792226314544678","1.3792226314544678","0.6475228667259216","0.6475228667259216","0.6475228667259216","0.0652695894241333","0.0652695894241333","0.0652695894241333","0.09204292297363281","0.09204292297363281","0.09204292297363281","0.17503952980041504","0.17503952980041504","0.17503952980041504","0.3235553205013275","0.3235553205013275","0.3235553205013275","0.6668554544448853","0.6668554544448853","0.6668554544448853","0.9948179125785828","0.9948179125785828","0.9948179125785828","NaN","","","2.3025851249694824","2.3025851249694824","2.3025851249694824","2.1137006282806396","2.1137006282806396","2.1137006282806396","1.383913516998291","1.383913516998291","1.383913516998291","0.7082793712615967","0.7082793712615967","0.7082793712615967","0.2404913753271103","0.2404913753271103","0.2404913753271103","0.17126765847206116","0.17126765847206116","0.17126765847206116","0.2784472107887268","0.2784472107887268","0.2784472107887268","0.8254144191741943","0.8254144191741943","0.8254144191741943","0.8060515522956848","0.8060515522956848","0.8060515522956848","1.2270524501800537","1.2270524501800537","1.2270524501800537","2.3025851249694824","2.3025851249694824","2.3025851249694824","2.3025851249694824","2.3025851249694824","2.3025851249694824","2.262864351272583","2.262864351272583","2.262864351272583","1.3306922912597656","1.3306922912597656","1.3306922912597656","0.971743106842041","0.971743106842041","0.971743106842041","0.5818727612495422","0.5818727612495422","0.5818727612495422","0.3883892297744751","0.3883892297744751","0.3883892297744751","0.4786992371082306","0.4786992371082306","0.4786992371082306","0.9802327156066895","0.9802327156066895","0.9802327156066895","1.0113275051116943","1.0113275051116943","1.0113275051116943","1.370565414428711","1.370565414428711","1.370565414428711","2.3025851249694824","2.3025851249694824","2.3025851249694824","2.3025851249694824","2.3025851249694824","2.3025851249694824","2.1838412284851074","2.1838412284851074","2.1838412284851074","1.694653868675232","1.694653868675232","1.694653868675232","1.2045810222625732","1.2045810222625732","1.2045810222625732","0.6933143138885498","0.6933143138885498","0.6933143138885498","0.836657702922821","0.836657702922821","0.836657702922821","0.5011175870895386","0.5011175870895386","0.5011175870895386","0.9770455956459045","0.9770455956459045","0.9770455956459045","0.9325504302978516","0.9325504302978516","0.9325504302978516","1.2789925336837769","1.2789925336837769","1.2789925336837769"
"112","NaN","","","2.3025851249694824","2.3025851249694824","2.3025851249694824","2.0647449493408203","2.0647449493408203","2.0647449493408203","1.0220608711242676","1.0220608711242676","1.0220608711242676","0.5870906114578247","0.5870906114578247","0.5870906114578247","0.08732125163078308","0.08732125163078308","0.08732125163078308","0.18086788058280945","0.18086788058280945","0.18086788058280945","0.34790462255477905","0.34790462255477905","0.34790462255477905","0.3004519045352936","0.3004519045352936","0.3004519045352936","0.7216402292251587","0.7216402292251587","0.7216402292251587","1.0989339351654053","1.0989339351654053","1.0989339351654053","NaN","","","2.3025851249694824","2.3025851249694824","2.3025851249694824","2.298816442489624","2.298816442489624","2.298816442489624","1.4451359510421753","1.4451359510421753","1.4451359510421753","0.7346267104148865","0.7346267104148865","0.7346267104148865","0.06147660315036774","0.06147660315036774","0.06147660315036774","0.2520875334739685","0.2520875334739685","0.2520875334739685","0.2561179995536804","0.2561179995536804","0.2561179995536804","0.4112561345100403","0.4112561345100403","0.4112561345100403","0.9530829191207886","0.9530829191207886","0.9530829191207886","1.3740198612213135","1.3740198612213135","1.3740198612213135","2.3025851249694824","2.3025851249694824","2.3025851249694824","2.3025851249694824","2.3025851249694824","2.3025851249694824","2.1591434478759766","2.1591434478759766","2.1591434478759766","1.459433913230896","1.459433913230896","1.459433913230896","0.7969285249710083","0.7969285249710083","0.7969285249710083","0.3784688115119934","0.3784688115119934","0.3784688115119934","0.39738747477531433","0.39738747477531433","0.39738747477531433","0.602216362953186","0.602216362953186","0.602216362953186","0.7288022041320801","0.7288022041320801","0.7288022041320801","1.1771717071533203","1.1771717071533203","1.1771717071533203","1.109095573425293","1.109095573425293","1.109095573425293","2.3025851249694824","2.3025851249694824","2.3025851249694824","2.3025851249694824","2.3025851249694824","2.3025851249694824","2.054081916809082","2.054081916809082","2.054081916809082","1.6165993213653564","1.6165993213653564","1.6165993213653564","1.1597697734832764","1.1597697734832764","1.1597697734832764","0.5784447193145752","0.5784447193145752","0.5784447193145752","0.6316485404968262","0.6316485404968262","0.6316485404968262","0.6692503690719604","0.6692503690719604","0.6692503690719604","0.657474160194397","0.657474160194397","0.657474160194397","1.1587202548980713","1.1587202548980713","1.1587202548980713","1.2769458293914795","1.2769458293914795","1.2769458293914795"
"113","NaN","","","2.3025851249694824","2.3025851249694824","2.3025851249694824","2.1640303134918213","2.1640303134918213","2.1640303134918213","1.2881492376327515","1.2881492376327515","1.2881492376327515","0.5606014132499695","0.5606014132499695","0.5606014132499695","0.11425527930259705","0.11425527930259705","0.11425527930259705","0.2958173453807831","0.2958173453807831","0.2958173453807831","0.09731310606002808","0.09731310606002808","0.09731310606002808","0.32516729831695557","0.32516729831695557","0.32516729831695557","0.6872181296348572","0.6872181296348572","0.6872181296348572","1.1296591758728027","1.1296591758728027","1.1296591758728027","NaN","","","2.3025851249694824","2.3025851249694824","2.3025851249694824","2.073025703430176","2.073025703430176","2.073025703430176","1.4495842456817627","1.4495842456817627","1.4495842456817627","0.3459996283054352","0.3459996283054352","0.3459996283054352","0.12821762263774872","0.12821762263774872","0.12821762263774872","0.2719384729862213","0.2719384729862213","0.2719384729862213","0.28021326661109924","0.28021326661109924","0.28021326661109924","0.39766550064086914","0.39766550064086914","0.39766550064086914","0.6989723443984985","0.6989723443984985","0.6989723443984985","1.0838356018066406","1.0838356018066406","1.0838356018066406","2.3025851249694824","2.3025851249694824","2.3025851249694824","2.3025851249694824","2.3025851249694824","2.3025851249694824","2.2211132049560547","2.2211132049560547","2.2211132049560547","1.5981253385543823","1.5981253385543823","1.5981253385543823","0.9621117115020752","0.9621117115020752","0.9621117115020752","0.5371396541595459","0.5371396541595459","0.5371396541595459","0.31184595823287964","0.31184595823287964","0.31184595823287964","0.5865757465362549","0.5865757465362549","0.5865757465362549","0.5199282169342041","0.5199282169342041","0.5199282169342041","0.9190734028816223","0.9190734028816223","0.9190734028816223","1.066149353981018","1.066149353981018","1.066149353981018","2.3025851249694824","2.3025851249694824","2.3025851249694824","2.3025851249694824","2.3025851249694824","2.3025851249694824","1.835425615310669","1.835425615310669","1.835425615310669","1.4417595863342285","1.4417595863342285","1.4417595863342285","1.0842876434326172","1.0842876434326172","1.0842876434326172","0.5990403890609741","0.5990403890609741","0.5990403890609741","0.4664786458015442","0.4664786458015442","0.4664786458015442","0.6506640315055847","0.6506640315055847","0.6506640315055847","0.7974914908409119","0.7974914908409119","0.7974914908409119","1.2291582822799683","1.2291582822799683","1.2291582822799683","1.3906028270721436","1.3906028270721436","1.3906028270721436"
"114","NaN","","","2.3025851249694824","2.3025851249694824","2.3025851249694824","2.038883924484253","2.038883924484253","2.038883924484253","1.877490758895874","1.877490758895874","1.877490758895874","0.22536766529083252","0.22536766529083252","0.22536766529083252","0.09080255776643753","0.09080255776643753","0.09080255776643753","0.07563306391239166","0.07563306391239166","0.07563306391239166","0.14238056540489197","0.14238056540489197","0.14238056540489197","0.37913790345191956","0.37913790345191956","0.37913790345191956","0.7423357963562012","0.7423357963562012","0.7423357963562012","0.9826477766036987","0.9826477766036987","0.9826477766036987","NaN","","","2.3025851249694824","2.3025851249694824","2.3025851249694824","2.151714324951172","2.151714324951172","2.151714324951172","1.5789494514465332","1.5789494514465332","1.5789494514465332","0.5551530122756958","0.5551530122756958","0.5551530122756958","0.18034106492996216","0.18034106492996216","0.18034106492996216","0.23580968379974365","0.23580968379974365","0.23580968379974365","0.19792695343494415","0.19792695343494415","0.19792695343494415","0.5654405951499939","0.5654405951499939","0.5654405951499939","0.7138976454734802","0.7138976454734802","0.7138976454734802","1.2954261302947998","1.2954261302947998","1.2954261302947998","2.3025851249694824","2.3025851249694824","2.3025851249694824","2.3025851249694824","2.3025851249694824","2.3025851249694824","2.1561591625213623","2.1561591625213623","2.1561591625213623","1.6349222660064697","1.6349222660064697","1.6349222660064697","0.5685330629348755","0.5685330629348755","0.5685330629348755","0.3324435353279114","0.3324435353279114","0.3324435353279114","0.27815932035446167","0.27815932035446167","0.27815932035446167","0.5114027261734009","0.5114027261734009","0.5114027261734009","0.628230094909668","0.628230094909668","0.628230094909668","0.9317456483840942","0.9317456483840942","0.9317456483840942","1.3282687664031982","1.3282687664031982","1.3282687664031982","2.3025851249694824","2.3025851249694824","2.3025851249694824","2.3025851249694824","2.3025851249694824","2.3025851249694824","2.2081050872802734","2.2081050872802734","2.2081050872802734","1.6509073972702026","1.6509073972702026","1.6509073972702026","0.979871392250061","0.979871392250061","0.979871392250061","0.7066161632537842","0.7066161632537842","0.7066161632537842","0.6889907717704773","0.6889907717704773","0.6889907717704773","0.8742709159851074","0.8742709159851074","0.8742709159851074","0.6742658019065857","0.6742658019065857","0.6742658019065857","1.0107405185699463","1.0107405185699463","1.0107405185699463","1.0797488689422607","1.0797488689422607","1.0797488689422607"
"115","NaN","","","2.3025851249694824","2.3025851249694824","2.3025851249694824","2.2841148376464844","2.2841148376464844","2.2841148376464844","1.3760747909545898","1.3760747909545898","1.3760747909545898","0.48692622780799866","0.48692622780799866","0.48692622780799866","0.09588449448347092","0.09588449448347092","0.09588449448347092","0.11742221564054489","0.11742221564054489","0.11742221564054489","0.17682021856307983","0.17682021856307983","0.17682021856307983","0.30394068360328674","0.30394068360328674","0.30394068360328674","0.6255667209625244","0.6255667209625244","0.6255667209625244","1.0617094039916992","1.0617094039916992","1.0617094039916992","NaN","","","2.3025851249694824","2.3025851249694824","2.3025851249694824","2.216125249862671","2.216125249862671","2.216125249862671","1.5883822441101074","1.5883822441101074","1.5883822441101074","0.68019700050354","0.68019700050354","0.68019700050354","0.08599919080734253","0.08599919080734253","0.08599919080734253","0.12754465639591217","0.12754465639591217","0.12754465639591217","0.24112409353256226","0.24112409353256226","0.24112409353256226","0.4591583013534546","0.4591583013534546","0.4591583013534546","0.7175204753875732","0.7175204753875732","0.7175204753875732","1.1966400146484375","1.1966400146484375","1.1966400146484375","2.3025851249694824","2.3025851249694824","2.3025851249694824","2.3025851249694824","2.3025851249694824","2.3025851249694824","2.319094657897949","2.319094657897949","2.319094657897949","1.5810847282409668","1.5810847282409668","1.5810847282409668","0.5737617015838623","0.5737617015838623","0.5737617015838623","0.3058433532714844","0.3058433532714844","0.3058433532714844","0.2956460118293762","0.2956460118293762","0.2956460118293762","0.3924941420555115","0.3924941420555115","0.3924941420555115","0.6260798573493958","0.6260798573493958","0.6260798573493958","1.1375174522399902","1.1375174522399902","1.1375174522399902","1.3027758598327637","1.3027758598327637","1.3027758598327637","2.3025851249694824","2.3025851249694824","2.3025851249694824","2.3025851249694824","2.3025851249694824","2.3025851249694824","2.2403109073638916","2.2403109073638916","2.2403109073638916","1.533987045288086","1.533987045288086","1.533987045288086","1.2203094959259033","1.2203094959259033","1.2203094959259033","0.814664363861084","0.814664363861084","0.814664363861084","0.655266523361206","0.655266523361206","0.655266523361206","0.5750350952148438","0.5750350952148438","0.5750350952148438","0.8707492351531982","0.8707492351531982","0.8707492351531982","1.135079264640808","1.135079264640808","1.135079264640808","1.0693140029907227","1.0693140029907227","1.0693140029907227"
"116","NaN","","","2.3025851249694824","2.3025851249694824","2.3025851249694824","2.1837563514709473","2.1837563514709473","2.1837563514709473","1.286637544631958","1.286637544631958","1.286637544631958","0.6489362120628357","0.6489362120628357","0.6489362120628357","0.10182690620422363","0.10182690620422363","0.10182690620422363","0.07591567933559418","0.07591567933559418","0.07591567933559418","0.12142559140920639","0.12142559140920639","0.12142559140920639","0.36461910605430603","0.36461910605430603","0.36461910605430603","0.6601007580757141","0.6601007580757141","0.6601007580757141","0.9711976051330566","0.9711976051330566","0.9711976051330566","NaN","","","2.3025851249694824","2.3025851249694824","2.3025851249694824","2.175179958343506","2.175179958343506","2.175179958343506","1.2406744956970215","1.2406744956970215","1.2406744956970215","0.5702771544456482","0.5702771544456482","0.5702771544456482","0.12691240012645721","0.12691240012645721","0.12691240012645721","0.14626526832580566","0.14626526832580566","0.14626526832580566","0.3424995243549347","0.3424995243549347","0.3424995243549347","0.33945590257644653","0.33945590257644653","0.33945590257644653","0.8937340974807739","0.8937340974807739","0.8937340974807739","1.1244655847549438","1.1244655847549438","1.1244655847549438","2.3025851249694824","2.3025851249694824","2.3025851249694824","2.3025851249694824","2.3025851249694824","2.3025851249694824","2.1946020126342773","2.1946020126342773","2.1946020126342773","1.6923342943191528","1.6923342943191528","1.6923342943191528","0.7924213409423828","0.7924213409423828","0.7924213409423828","0.40376102924346924","0.40376102924346924","0.40376102924346924","0.43995803594589233","0.43995803594589233","0.43995803594589233","0.4898134768009186","0.4898134768009186","0.4898134768009186","0.8988823890686035","0.8988823890686035","0.8988823890686035","1.1146478652954102","1.1146478652954102","1.1146478652954102","1.0272154808044434","1.0272154808044434","1.0272154808044434","2.3025851249694824","2.3025851249694824","2.3025851249694824","2.3025851249694824","2.3025851249694824","2.3025851249694824","2.237733840942383","2.237733840942383","2.237733840942383","1.5041416883468628","1.5041416883468628","1.5041416883468628","0.7988185286521912","0.7988185286521912","0.7988185286521912","0.7648819088935852","0.7648819088935852","0.7648819088935852","0.5567020177841187","0.5567020177841187","0.5567020177841187","0.6961132884025574","0.6961132884025574","0.6961132884025574","0.725174605846405","0.725174605846405","0.725174605846405","1.097664713859558","1.097664713859558","1.097664713859558","1.1457078456878662","1.1457078456878662","1.1457078456878662"
"117","NaN","","","2.3025851249694824","2.3025851249694824","2.3025851249694824","2.3109869956970215","2.3109869956970215","2.3109869956970215","1.7963738441467285","1.7963738441467285","1.7963738441467285","0.7236033082008362","0.7236033082008362","0.7236033082008362","0.05828045308589935","0.05828045308589935","0.05828045308589935","0.019448868930339813","0.019448868930339813","0.019448868930339813","0.10339628159999847","0.10339628159999847","0.10339628159999847","0.39948099851608276","0.39948099851608276","0.39948099851608276","0.7555261254310608","0.7555261254310608","0.7555261254310608","1.1090281009674072","1.1090281009674072","1.1090281009674072","NaN","","","2.3025851249694824","2.3025851249694824","2.3025851249694824","2.107753038406372","2.107753038406372","2.107753038406372","1.0025370121002197","1.0025370121002197","1.0025370121002197","1.0600018501281738","1.0600018501281738","1.0600018501281738","0.1844528615474701","0.1844528615474701","0.1844528615474701","0.11325474083423615","0.11325474083423615","0.11325474083423615","0.17687132954597473","0.17687132954597473","0.17687132954597473","0.4840570390224457","0.4840570390224457","0.4840570390224457","0.8473730087280273","0.8473730087280273","0.8473730087280273","0.9478455185890198","0.9478455185890198","0.9478455185890198","2.3025851249694824","2.3025851249694824","2.3025851249694824","2.3025851249694824","2.3025851249694824","2.3025851249694824","2.230544090270996","2.230544090270996","2.230544090270996","1.4109385013580322","1.4109385013580322","1.4109385013580322","0.8259137868881226","0.8259137868881226","0.8259137868881226","0.3904275894165039","0.3904275894165039","0.3904275894165039","0.25947579741477966","0.25947579741477966","0.25947579741477966","0.5040270686149597","0.5040270686149597","0.5040270686149597","0.6289892196655273","0.6289892196655273","0.6289892196655273","1.0867903232574463","1.0867903232574463","1.0867903232574463","1.0961180925369263","1.0961180925369263","1.0961180925369263","2.3025851249694824","2.3025851249694824","2.3025851249694824","2.3025851249694824","2.3025851249694824","2.3025851249694824","2.2488298416137695","2.2488298416137695","2.2488298416137695","1.713250756263733","1.713250756263733","1.713250756263733","1.13480544090271","1.13480544090271","1.13480544090271","0.674514889717102","0.674514889717102","0.674514889717102","0.36030513048171997","0.36030513048171997","0.36030513048171997","0.5991518497467041","0.5991518497467041","0.5991518497467041","0.9525156021118164","0.9525156021118164","0.9525156021118164","1.0607231855392456","1.0607231855392456","1.0607231855392456","1.363274335861206","1.363274335861206","1.363274335861206"
"118","NaN","","","2.3025851249694824","2.3025851249694824","2.3025851249694824","2.376188039779663","2.376188039779663","2.376188039779663","0.9306219816207886","0.9306219816207886","0.9306219816207886","0.31578129529953003","0.31578129529953003","0.31578129529953003","0.07617023587226868","0.07617023587226868","0.07617023587226868","0.12380459904670715","0.12380459904670715","0.12380459904670715","0.12688089907169342","0.12688089907169342","0.12688089907169342","0.3840389549732208","0.3840389549732208","0.3840389549732208","0.5710741877555847","0.5710741877555847","0.5710741877555847","1.1145282983779907","1.1145282983779907","1.1145282983779907","NaN","","","2.3025851249694824","2.3025851249694824","2.3025851249694824","2.283308506011963","2.283308506011963","2.283308506011963","1.5984746217727661","1.5984746217727661","1.5984746217727661","0.39346596598625183","0.39346596598625183","0.39346596598625183","0.17533259093761444","0.17533259093761444","0.17533259093761444","0.19787535071372986","0.19787535071372986","0.19787535071372986","0.3064226508140564","0.3064226508140564","0.3064226508140564","0.382657915353775","0.382657915353775","0.382657915353775","0.8454135656356812","0.8454135656356812","0.8454135656356812","1.0264374017715454","1.0264374017715454","1.0264374017715454","2.3025851249694824","2.3025851249694824","2.3025851249694824","2.3025851249694824","2.3025851249694824","2.3025851249694824","2.3352856636047363","2.3352856636047363","2.3352856636047363","1.6245434284210205","1.6245434284210205","1.6245434284210205","0.7833673357963562","0.7833673357963562","0.7833673357963562","0.531406044960022","0.531406044960022","0.531406044960022","0.36427056789398193","0.36427056789398193","0.36427056789398193","0.48398759961128235","0.48398759961128235","0.48398759961128235","0.7395533919334412","0.7395533919334412","0.7395533919334412","0.9660317897796631","0.9660317897796631","0.9660317897796631","1.1696417331695557","1.1696417331695557","1.1696417331695557","2.3025851249694824","2.3025851249694824","2.3025851249694824","2.3025851249694824","2.3025851249694824","2.3025851249694824","2.134739875793457","2.134739875793457","2.134739875793457","1.4966204166412354","1.4966204166412354","1.4966204166412354","0.9031870365142822","0.9031870365142822","0.9031870365142822","0.960345983505249","0.960345983505249","0.960345983505249","0.31383204460144043","0.31383204460144043","0.31383204460144043","0.7748203277587891","0.7748203277587891","0.7748203277587891","0.6915181875228882","0.6915181875228882","0.6915181875228882","1.0860052108764648","1.0860052108764648","1.0860052108764648","1.0501816272735596","1.0501816272735596","1.0501816272735596"
"119","NaN","","","2.3025851249694824","2.3025851249694824","2.3025851249694824","2.186131000518799","2.186131000518799","2.186131000518799","1.358117938041687","1.358117938041687","1.358117938041687","0.309542179107666","0.309542179107666","0.309542179107666","0.08908937871456146","0.08908937871456146","0.08908937871456146","0.08358551561832428","0.08358551561832428","0.08358551561832428","0.12872160971164703","0.12872160971164703","0.12872160971164703","0.42184630036354065","0.42184630036354065","0.42184630036354065","0.6658521890640259","0.6658521890640259","0.6658521890640259","0.956138014793396","0.956138014793396","0.956138014793396","NaN","","","2.3025851249694824","2.3025851249694824","2.3025851249694824","2.1452863216400146","2.1452863216400146","2.1452863216400146","1.479738712310791","1.479738712310791","1.479738712310791","0.503115713596344","0.503115713596344","0.503115713596344","0.2853632867336273","0.2853632867336273","0.2853632867336273","0.06345807015895844","0.06345807015895844","0.06345807015895844","0.2004021257162094","0.2004021257162094","0.2004021257162094","0.5130323171615601","0.5130323171615601","0.5130323171615601","0.7318171262741089","0.7318171262741089","0.7318171262741089","0.9829090237617493","0.9829090237617493","0.9829090237617493","2.3025851249694824","2.3025851249694824","2.3025851249694824","2.3025851249694824","2.3025851249694824","2.3025851249694824","2.179607629776001","2.179607629776001","2.179607629776001","1.4487354755401611","1.4487354755401611","1.4487354755401611","0.8048961162567139","0.8048961162567139","0.8048961162567139","0.4277271628379822","0.4277271628379822","0.4277271628379822","0.4525933861732483","0.4525933861732483","0.4525933861732483","0.5216819047927856","0.5216819047927856","0.5216819047927856","0.820948600769043","0.820948600769043","0.820948600769043","1.0027910470962524","1.0027910470962524","1.0027910470962524","1.4021027088165283","1.4021027088165283","1.4021027088165283","2.3025851249694824","2.3025851249694824","2.3025851249694824","2.3025851249694824","2.3025851249694824","2.3025851249694824","2.0624356269836426","2.0624356269836426","2.0624356269836426","1.532279372215271","1.532279372215271","1.532279372215271","1.049716830253601","1.049716830253601","1.049716830253601","0.9586212635040283","0.9586212635040283","0.9586212635040283","0.7126537561416626","0.7126537561416626","0.7126537561416626","0.6680300831794739","0.6680300831794739","0.6680300831794739","0.7108010649681091","0.7108010649681091","0.7108010649681091","0.9454327821731567","0.9454327821731567","0.9454327821731567","1.2554662227630615","1.2554662227630615","1.2554662227630615"
"120","NaN","","","2.3025851249694824","2.3025851249694824","2.3025851249694824","2.1809840202331543","2.1809840202331543","2.1809840202331543","1.3817734718322754","1.3817734718322754","1.3817734718322754","0.4264550805091858","0.4264550805091858","0.4264550805091858","0.08649538457393646","0.08649538457393646","0.08649538457393646","0.06511161476373672","0.06511161476373672","0.06511161476373672","0.1620297133922577","0.1620297133922577","0.1620297133922577","0.4114486575126648","0.4114486575126648","0.4114486575126648","0.554931640625","0.554931640625","0.554931640625","1.1692098379135132","1.1692098379135132","1.1692098379135132","NaN","","","2.3025851249694824","2.3025851249694824","2.3025851249694824","2.2520289421081543","2.2520289421081543","2.2520289421081543","1.532823920249939","1.532823920249939","1.532823920249939","0.7986976504325867","0.7986976504325867","0.7986976504325867","0.28997641801834106","0.28997641801834106","0.28997641801834106","0.1317996084690094","0.1317996084690094","0.1317996084690094","0.399760901927948","0.399760901927948","0.399760901927948","0.6403148174285889","0.6403148174285889","0.6403148174285889","0.6951463222503662","0.6951463222503662","0.6951463222503662","1.0565897226333618","1.0565897226333618","1.0565897226333618","2.3025851249694824","2.3025851249694824","2.3025851249694824","2.3025851249694824","2.3025851249694824","2.3025851249694824","2.2280144691467285","2.2280144691467285","2.2280144691467285","1.6331818103790283","1.6331818103790283","1.6331818103790283","0.8231772184371948","0.8231772184371948","0.8231772184371948","0.4720723032951355","0.4720723032951355","0.4720723032951355","0.4096711575984955","0.4096711575984955","0.4096711575984955","0.4463147521018982","0.4463147521018982","0.4463147521018982","0.6392290592193604","0.6392290592193604","0.6392290592193604","1.0159075260162354","1.0159075260162354","1.0159075260162354","1.070974349975586","1.070974349975586","1.070974349975586","2.3025851249694824","2.3025851249694824","2.3025851249694824","2.3025851249694824","2.3025851249694824","2.3025851249694824","2.257383346557617","2.257383346557617","2.257383346557617","1.586137294769287","1.586137294769287","1.586137294769287","0.871078610420227","0.871078610420227","0.871078610420227","0.45659300684928894","0.45659300684928894","0.45659300684928894","0.6128994226455688","0.6128994226455688","0.6128994226455688","0.5736023187637329","0.5736023187637329","0.5736023187637329","0.8506063222885132","0.8506063222885132","0.8506063222885132","1.1837488412857056","1.1837488412857056","1.1837488412857056","1.127263069152832","1.127263069152832","1.127263069152832"
"121","NaN","","","2.3025851249694824","2.3025851249694824","2.3025851249694824","2.1270017623901367","2.1270017623901367","2.1270017623901367","1.2995636463165283","1.2995636463165283","1.2995636463165283","0.41218698024749756","0.41218698024749756","0.41218698024749756","0.16023150086402893","0.16023150086402893","0.16023150086402893","0.09143626689910889","0.09143626689910889","0.09143626689910889","0.14495569467544556","0.14495569467544556","0.14495569467544556","0.41744622588157654","0.41744622588157654","0.41744622588157654","0.6454675197601318","0.6454675197601318","0.6454675197601318","1.1407040357589722","1.1407040357589722","1.1407040357589722","NaN","","","2.3025851249694824","2.3025851249694824","2.3025851249694824","2.260209083557129","2.260209083557129","2.260209083557129","1.5189175605773926","1.5189175605773926","1.5189175605773926","0.8419044017791748","0.8419044017791748","0.8419044017791748","0.24502161145210266","0.24502161145210266","0.24502161145210266","0.08731839060783386","0.08731839060783386","0.08731839060783386","0.19627615809440613","0.19627615809440613","0.19627615809440613","0.4256399869918823","0.4256399869918823","0.4256399869918823","0.6458631753921509","0.6458631753921509","0.6458631753921509","1.215206265449524","1.215206265449524","1.215206265449524","2.3025851249694824","2.3025851249694824","2.3025851249694824","2.3025851249694824","2.3025851249694824","2.3025851249694824","2.040929079055786","2.040929079055786","2.040929079055786","1.5689600706100464","1.5689600706100464","1.5689600706100464","0.656059980392456","0.656059980392456","0.656059980392456","0.49359893798828125","0.49359893798828125","0.49359893798828125","0.36585113406181335","0.36585113406181335","0.36585113406181335","0.5194423198699951","0.5194423198699951","0.5194423198699951","0.794336199760437","0.794336199760437","0.794336199760437","1.1431608200073242","1.1431608200073242","1.1431608200073242","1.3222458362579346","1.3222458362579346","1.3222458362579346","2.3025851249694824","2.3025851249694824","2.3025851249694824","2.3025851249694824","2.3025851249694824","2.3025851249694824","1.967481017112732","1.967481017112732","1.967481017112732","1.4280709028244019","1.4280709028244019","1.4280709028244019","1.0041017532348633","1.0041017532348633","1.0041017532348633","0.7037068605422974","0.7037068605422974","0.7037068605422974","0.5108808279037476","0.5108808279037476","0.5108808279037476","0.3989284038543701","0.3989284038543701","0.3989284038543701","0.8164438605308533","0.8164438605308533","0.8164438605308533","0.8883549571037292","0.8883549571037292","0.8883549571037292","1.2754886150360107","1.2754886150360107","1.2754886150360107"
"122","NaN","","","2.3025851249694824","2.3025851249694824","2.3025851249694824","2.2606022357940674","2.2606022357940674","2.2606022357940674","1.2226407527923584","1.2226407527923584","1.2226407527923584","0.6051027178764343","0.6051027178764343","0.6051027178764343","0.05634074658155441","0.05634074658155441","0.05634074658155441","0.040886446833610535","0.040886446833610535","0.040886446833610535","0.0761619508266449","0.0761619508266449","0.0761619508266449","0.26000577211380005","0.26000577211380005","0.26000577211380005","0.6354695558547974","0.6354695558547974","0.6354695558547974","1.044140100479126","1.044140100479126","1.044140100479126","NaN","","","2.3025851249694824","2.3025851249694824","2.3025851249694824","2.287397623062134","2.287397623062134","2.287397623062134","1.5471042394638062","1.5471042394638062","1.5471042394638062","0.6533024907112122","0.6533024907112122","0.6533024907112122","0.17568831145763397","0.17568831145763397","0.17568831145763397","0.1053900420665741","0.1053900420665741","0.1053900420665741","0.3237311840057373","0.3237311840057373","0.3237311840057373","0.3853462338447571","0.3853462338447571","0.3853462338447571","0.7045414447784424","0.7045414447784424","0.7045414447784424","1.1457031965255737","1.1457031965255737","1.1457031965255737","2.3025851249694824","2.3025851249694824","2.3025851249694824","2.3025851249694824","2.3025851249694824","2.3025851249694824","2.2278826236724854","2.2278826236724854","2.2278826236724854","1.6621923446655273","1.6621923446655273","1.6621923446655273","0.5154367685317993","0.5154367685317993","0.5154367685317993","0.46745216846466064","0.46745216846466064","0.46745216846466064","0.2706379294395447","0.2706379294395447","0.2706379294395447","0.31101474165916443","0.31101474165916443","0.31101474165916443","0.8445819616317749","0.8445819616317749","0.8445819616317749","0.938328742980957","0.938328742980957","0.938328742980957","1.275147557258606","1.275147557258606","1.275147557258606","2.3025851249694824","2.3025851249694824","2.3025851249694824","2.3025851249694824","2.3025851249694824","2.3025851249694824","2.211606979370117","2.211606979370117","2.211606979370117","1.6263806819915771","1.6263806819915771","1.6263806819915771","0.6609451770782471","0.6609451770782471","0.6609451770782471","0.4496384859085083","0.4496384859085083","0.4496384859085083","0.6349588632583618","0.6349588632583618","0.6349588632583618","0.7207022905349731","0.7207022905349731","0.7207022905349731","0.8558449745178223","0.8558449745178223","0.8558449745178223","0.832289457321167","0.832289457321167","0.832289457321167","1.4154713153839111","1.4154713153839111","1.4154713153839111"
"123","NaN","","","2.3025851249694824","2.3025851249694824","2.3025851249694824","2.417844772338867","2.417844772338867","2.417844772338867","1.2226117849349976","1.2226117849349976","1.2226117849349976","0.4221944212913513","0.4221944212913513","0.4221944212913513","0.037863295525312424","0.037863295525312424","0.037863295525312424","0.13174742460250854","0.13174742460250854","0.13174742460250854","0.19848284125328064","0.19848284125328064","0.19848284125328064","0.28895723819732666","0.28895723819732666","0.28895723819732666","0.9319649934768677","0.9319649934768677","0.9319649934768677","0.9381555318832397","0.9381555318832397","0.9381555318832397","NaN","","","2.3025851249694824","2.3025851249694824","2.3025851249694824","2.3510730266571045","2.3510730266571045","2.3510730266571045","1.3448691368103027","1.3448691368103027","1.3448691368103027","0.810555100440979","0.810555100440979","0.810555100440979","0.08575532585382462","0.08575532585382462","0.08575532585382462","0.20538479089736938","0.20538479089736938","0.20538479089736938","0.17022165656089783","0.17022165656089783","0.17022165656089783","0.4714917540550232","0.4714917540550232","0.4714917540550232","0.7361687421798706","0.7361687421798706","0.7361687421798706","0.8891966342926025","0.8891966342926025","0.8891966342926025","2.3025851249694824","2.3025851249694824","2.3025851249694824","2.3025851249694824","2.3025851249694824","2.3025851249694824","2.1074795722961426","2.1074795722961426","2.1074795722961426","1.8464853763580322","1.8464853763580322","1.8464853763580322","0.6856899261474609","0.6856899261474609","0.6856899261474609","0.33374524116516113","0.33374524116516113","0.33374524116516113","0.3638109862804413","0.3638109862804413","0.3638109862804413","0.43440696597099304","0.43440696597099304","0.43440696597099304","0.5382218360900879","0.5382218360900879","0.5382218360900879","0.8065820932388306","0.8065820932388306","0.8065820932388306","1.16410231590271","1.16410231590271","1.16410231590271","2.3025851249694824","2.3025851249694824","2.3025851249694824","2.3025851249694824","2.3025851249694824","2.3025851249694824","2.1454367637634277","2.1454367637634277","2.1454367637634277","1.5452842712402344","1.5452842712402344","1.5452842712402344","1.0509514808654785","1.0509514808654785","1.0509514808654785","0.6638801097869873","0.6638801097869873","0.6638801097869873","0.42141616344451904","0.42141616344451904","0.42141616344451904","0.3064979910850525","0.3064979910850525","0.3064979910850525","0.9804748892784119","0.9804748892784119","0.9804748892784119","0.9143867492675781","0.9143867492675781","0.9143867492675781","1.2343028783798218","1.2343028783798218","1.2343028783798218"
"124","NaN","","","2.3025851249694824","2.3025851249694824","2.3025851249694824","2.1979918479919434","2.1979918479919434","2.1979918479919434","1.4789838790893555","1.4789838790893555","1.4789838790893555","0.550959050655365","0.550959050655365","0.550959050655365","0.05485371872782707","0.05485371872782707","0.05485371872782707","0.045938361436128616","0.045938361436128616","0.045938361436128616","0.13035792112350464","0.13035792112350464","0.13035792112350464","0.22326092422008514","0.22326092422008514","0.22326092422008514","0.6160067319869995","0.6160067319869995","0.6160067319869995","1.0220645666122437","1.0220645666122437","1.0220645666122437","NaN","","","2.3025851249694824","2.3025851249694824","2.3025851249694824","2.216583728790283","2.216583728790283","2.216583728790283","1.6350867748260498","1.6350867748260498","1.6350867748260498","0.38820788264274597","0.38820788264274597","0.38820788264274597","0.15923774242401123","0.15923774242401123","0.15923774242401123","0.18773946166038513","0.18773946166038513","0.18773946166038513","0.35865429043769836","0.35865429043769836","0.35865429043769836","0.4909333884716034","0.4909333884716034","0.4909333884716034","0.9076170921325684","0.9076170921325684","0.9076170921325684","0.9749351739883423","0.9749351739883423","0.9749351739883423","2.3025851249694824","2.3025851249694824","2.3025851249694824","2.3025851249694824","2.3025851249694824","2.3025851249694824","2.466693878173828","2.466693878173828","2.466693878173828","1.489288091659546","1.489288091659546","1.489288091659546","0.6736030578613281","0.6736030578613281","0.6736030578613281","0.3749472200870514","0.3749472200870514","0.3749472200870514","0.309204638004303","0.309204638004303","0.309204638004303","0.4790094494819641","0.4790094494819641","0.4790094494819641","0.7256424427032471","0.7256424427032471","0.7256424427032471","0.7482730746269226","0.7482730746269226","0.7482730746269226","1.1717462539672852","1.1717462539672852","1.1717462539672852","2.3025851249694824","2.3025851249694824","2.3025851249694824","2.3025851249694824","2.3025851249694824","2.3025851249694824","2.1396334171295166","2.1396334171295166","2.1396334171295166","1.5993300676345825","1.5993300676345825","1.5993300676345825","1.2076411247253418","1.2076411247253418","1.2076411247253418","0.8219115734100342","0.8219115734100342","0.8219115734100342","0.5558839440345764","0.5558839440345764","0.5558839440345764","0.752524197101593","0.752524197101593","0.752524197101593","0.6607304811477661","0.6607304811477661","0.6607304811477661","0.971772313117981","0.971772313117981","0.971772313117981","1.3377609252929688","1.3377609252929688","1.3377609252929688"
"125","NaN","","","2.3025851249694824","2.3025851249694824","2.3025851249694824","2.038492202758789","2.038492202758789","2.038492202758789","1.102233648300171","1.102233648300171","1.102233648300171","0.44975465536117554","0.44975465536117554","0.44975465536117554","0.1155577301979065","0.1155577301979065","0.1155577301979065","0.06265895068645477","0.06265895068645477","0.06265895068645477","0.1801244616508484","0.1801244616508484","0.1801244616508484","0.2731199860572815","0.2731199860572815","0.2731199860572815","0.6677083969116211","0.6677083969116211","0.6677083969116211","1.0493932962417603","1.0493932962417603","1.0493932962417603","NaN","","","2.3025851249694824","2.3025851249694824","2.3025851249694824","2.306175708770752","2.306175708770752","2.306175708770752","1.0571300983428955","1.0571300983428955","1.0571300983428955","0.51622474193573","0.51622474193573","0.51622474193573","0.2603384256362915","0.2603384256362915","0.2603384256362915","0.26214295625686646","0.26214295625686646","0.26214295625686646","0.16737881302833557","0.16737881302833557","0.16737881302833557","0.5585175156593323","0.5585175156593323","0.5585175156593323","0.6984922885894775","0.6984922885894775","0.6984922885894775","1.2197011709213257","1.2197011709213257","1.2197011709213257","2.3025851249694824","2.3025851249694824","2.3025851249694824","2.3025851249694824","2.3025851249694824","2.3025851249694824","2.02820086479187","2.02820086479187","2.02820086479187","1.4897541999816895","1.4897541999816895","1.4897541999816895","0.5566540360450745","0.5566540360450745","0.5566540360450745","0.3226480185985565","0.3226480185985565","0.3226480185985565","0.29454225301742554","0.29454225301742554","0.29454225301742554","0.3163781464099884","0.3163781464099884","0.3163781464099884","0.832194447517395","0.832194447517395","0.832194447517395","0.7950730323791504","0.7950730323791504","0.7950730323791504","1.0948224067687988","1.0948224067687988","1.0948224067687988","2.3025851249694824","2.3025851249694824","2.3025851249694824","2.3025851249694824","2.3025851249694824","2.3025851249694824","2.251689910888672","2.251689910888672","2.251689910888672","1.9006794691085815","1.9006794691085815","1.9006794691085815","1.4231528043746948","1.4231528043746948","1.4231528043746948","0.6315706372261047","0.6315706372261047","0.6315706372261047","0.8586661219596863","0.8586661219596863","0.8586661219596863","0.664307713508606","0.664307713508606","0.664307713508606","0.8173395395278931","0.8173395395278931","0.8173395395278931","0.9874494075775146","0.9874494075775146","0.9874494075775146","1.3808856010437012","1.3808856010437012","1.3808856010437012"
"126","NaN","","","2.3025851249694824","2.3025851249694824","2.3025851249694824","2.517627239227295","2.517627239227295","2.517627239227295","1.1538786888122559","1.1538786888122559","1.1538786888122559","0.8209342956542969","0.8209342956542969","0.8209342956542969","0.08219587802886963","0.08219587802886963","0.08219587802886963","0.09579735994338989","0.09579735994338989","0.09579735994338989","0.2366640567779541","0.2366640567779541","0.2366640567779541","0.29756709933280945","0.29756709933280945","0.29756709933280945","0.6723067164421082","0.6723067164421082","0.6723067164421082","0.8313979506492615","0.8313979506492615","0.8313979506492615","NaN","","","2.3025851249694824","2.3025851249694824","2.3025851249694824","2.0993337631225586","2.0993337631225586","2.0993337631225586","1.5948010683059692","1.5948010683059692","1.5948010683059692","0.5796624422073364","0.5796624422073364","0.5796624422073364","0.16831064224243164","0.16831064224243164","0.16831064224243164","0.1379905790090561","0.1379905790090561","0.1379905790090561","0.3651772141456604","0.3651772141456604","0.3651772141456604","0.5431646108627319","0.5431646108627319","0.5431646108627319","0.7003827095031738","0.7003827095031738","0.7003827095031738","1.1789684295654297","1.1789684295654297","1.1789684295654297","2.3025851249694824","2.3025851249694824","2.3025851249694824","2.3025851249694824","2.3025851249694824","2.3025851249694824","2.182190418243408","2.182190418243408","2.182190418243408","1.510504961013794","1.510504961013794","1.510504961013794","0.8950923085212708","0.8950923085212708","0.8950923085212708","0.5171903371810913","0.5171903371810913","0.5171903371810913","0.39121013879776","0.39121013879776","0.39121013879776","0.41810283064842224","0.41810283064842224","0.41810283064842224","0.6220399737358093","0.6220399737358093","0.6220399737358093","0.8205289840698242","0.8205289840698242","0.8205289840698242","1.277497410774231","1.277497410774231","1.277497410774231","2.3025851249694824","2.3025851249694824","2.3025851249694824","2.3025851249694824","2.3025851249694824","2.3025851249694824","1.913858413696289","1.913858413696289","1.913858413696289","1.947023868560791","1.947023868560791","1.947023868560791","1.0031445026397705","1.0031445026397705","1.0031445026397705","0.7266005873680115","0.7266005873680115","0.7266005873680115","0.6869330406188965","0.6869330406188965","0.6869330406188965","0.5171318054199219","0.5171318054199219","0.5171318054199219","0.8906885385513306","0.8906885385513306","0.8906885385513306","1.1529076099395752","1.1529076099395752","1.1529076099395752","1.4997382164001465","1.4997382164001465","1.4997382164001465"
"127","NaN","","","2.3025851249694824","2.3025851249694824","2.3025851249694824","2.5707552433013916","2.5707552433013916","2.5707552433013916","1.2810673713684082","1.2810673713684082","1.2810673713684082","0.4237688183784485","0.4237688183784485","0.4237688183784485","0.08039774000644684","0.08039774000644684","0.08039774000644684","0.04420267790555954","0.04420267790555954","0.04420267790555954","0.08438275754451752","0.08438275754451752","0.08438275754451752","0.2696305811405182","0.2696305811405182","0.2696305811405182","0.5949452519416809","0.5949452519416809","0.5949452519416809","1.0687958002090454","1.0687958002090454","1.0687958002090454","NaN","","","2.3025851249694824","2.3025851249694824","2.3025851249694824","2.1640334129333496","2.1640334129333496","2.1640334129333496","1.1812690496444702","1.1812690496444702","1.1812690496444702","0.4729498624801636","0.4729498624801636","0.4729498624801636","0.1881186068058014","0.1881186068058014","0.1881186068058014","0.11693105101585388","0.11693105101585388","0.11693105101585388","0.1594366431236267","0.1594366431236267","0.1594366431236267","0.328154057264328","0.328154057264328","0.328154057264328","0.7748647928237915","0.7748647928237915","0.7748647928237915","1.0666409730911255","1.0666409730911255","1.0666409730911255","2.3025851249694824","2.3025851249694824","2.3025851249694824","2.3025851249694824","2.3025851249694824","2.3025851249694824","2.0987701416015625","2.0987701416015625","2.0987701416015625","1.4765032529830933","1.4765032529830933","1.4765032529830933","0.7445823550224304","0.7445823550224304","0.7445823550224304","0.5208566188812256","0.5208566188812256","0.5208566188812256","0.35089269280433655","0.35089269280433655","0.35089269280433655","0.6053367853164673","0.6053367853164673","0.6053367853164673","0.5815653800964355","0.5815653800964355","0.5815653800964355","1.1478478908538818","1.1478478908538818","1.1478478908538818","1.1322191953659058","1.1322191953659058","1.1322191953659058","2.3025851249694824","2.3025851249694824","2.3025851249694824","2.3025851249694824","2.3025851249694824","2.3025851249694824","2.176556348800659","2.176556348800659","2.176556348800659","2.009544610977173","2.009544610977173","2.009544610977173","1.08890700340271","1.08890700340271","1.08890700340271","0.696247398853302","0.696247398853302","0.696247398853302","0.3552761971950531","0.3552761971950531","0.3552761971950531","0.5773130655288696","0.5773130655288696","0.5773130655288696","0.8064209222793579","0.8064209222793579","0.8064209222793579","1.1281737089157104","1.1281737089157104","1.1281737089157104","1.213286280632019","1.213286280632019","1.213286280632019"
"128","NaN","","","2.3025851249694824","2.3025851249694824","2.3025851249694824","2.2043519020080566","2.2043519020080566","2.2043519020080566","1.30277681350708","1.30277681350708","1.30277681350708","0.3728012442588806","0.3728012442588806","0.3728012442588806","0.07733753323554993","0.07733753323554993","0.07733753323554993","0.07522468268871307","0.07522468268871307","0.07522468268871307","0.16343556344509125","0.16343556344509125","0.16343556344509125","0.28285419940948486","0.28285419940948486","0.28285419940948486","0.6401276588439941","0.6401276588439941","0.6401276588439941","0.9319915771484375","0.9319915771484375","0.9319915771484375","NaN","","","2.3025851249694824","2.3025851249694824","2.3025851249694824","2.379505157470703","2.379505157470703","2.379505157470703","1.2020180225372314","1.2020180225372314","1.2020180225372314","0.7713631391525269","0.7713631391525269","0.7713631391525269","0.1455482691526413","0.1455482691526413","0.1455482691526413","0.15325269103050232","0.15325269103050232","0.15325269103050232","0.16948670148849487","0.16948670148849487","0.16948670148849487","0.2728467881679535","0.2728467881679535","0.2728467881679535","0.6290940046310425","0.6290940046310425","0.6290940046310425","1.0242741107940674","1.0242741107940674","1.0242741107940674","2.3025851249694824","2.3025851249694824","2.3025851249694824","2.3025851249694824","2.3025851249694824","2.3025851249694824","2.1501195430755615","2.1501195430755615","2.1501195430755615","1.7061588764190674","1.7061588764190674","1.7061588764190674","0.7305362224578857","0.7305362224578857","0.7305362224578857","0.2555520534515381","0.2555520534515381","0.2555520534515381","0.2778375744819641","0.2778375744819641","0.2778375744819641","0.37278515100479126","0.37278515100479126","0.37278515100479126","0.6954500675201416","0.6954500675201416","0.6954500675201416","1.0051100254058838","1.0051100254058838","1.0051100254058838","1.1179113388061523","1.1179113388061523","1.1179113388061523","2.3025851249694824","2.3025851249694824","2.3025851249694824","2.3025851249694824","2.3025851249694824","2.3025851249694824","1.9909913539886475","1.9909913539886475","1.9909913539886475","1.523622989654541","1.523622989654541","1.523622989654541","1.0663785934448242","1.0663785934448242","1.0663785934448242","0.49501532316207886","0.49501532316207886","0.49501532316207886","0.4151046872138977","0.4151046872138977","0.4151046872138977","0.44784557819366455","0.44784557819366455","0.44784557819366455","0.8092193603515625","0.8092193603515625","0.8092193603515625","0.9089975953102112","0.9089975953102112","0.9089975953102112","1.319688320159912","1.319688320159912","1.319688320159912"
"129","NaN","","","2.3025851249694824","2.3025851249694824","2.3025851249694824","2.332563638687134","2.332563638687134","2.332563638687134","1.082481861114502","1.082481861114502","1.082481861114502","0.4168335199356079","0.4168335199356079","0.4168335199356079","0.07131124287843704","0.07131124287843704","0.07131124287843704","0.1301177740097046","0.1301177740097046","0.1301177740097046","0.07595470547676086","0.07595470547676086","0.07595470547676086","0.29125815629959106","0.29125815629959106","0.29125815629959106","0.8105672597885132","0.8105672597885132","0.8105672597885132","1.1576809883117676","1.1576809883117676","1.1576809883117676","NaN","","","2.3025851249694824","2.3025851249694824","2.3025851249694824","2.3485755920410156","2.3485755920410156","2.3485755920410156","1.2139463424682617","1.2139463424682617","1.2139463424682617","0.39563363790512085","0.39563363790512085","0.39563363790512085","0.07047892361879349","0.07047892361879349","0.07047892361879349","0.1915891170501709","0.1915891170501709","0.1915891170501709","0.23412203788757324","0.23412203788757324","0.23412203788757324","0.24616220593452454","0.24616220593452454","0.24616220593452454","0.8097686767578125","0.8097686767578125","0.8097686767578125","1.264079213142395","1.264079213142395","1.264079213142395","2.3025851249694824","2.3025851249694824","2.3025851249694824","2.3025851249694824","2.3025851249694824","2.3025851249694824","2.22271728515625","2.22271728515625","2.22271728515625","1.668222427368164","1.668222427368164","1.668222427368164","0.7480002641677856","0.7480002641677856","0.7480002641677856","0.25117021799087524","0.25117021799087524","0.25117021799087524","0.212052583694458","0.212052583694458","0.212052583694458","0.37013936042785645","0.37013936042785645","0.37013936042785645","0.6203572750091553","0.6203572750091553","0.6203572750091553","1.0046334266662598","1.0046334266662598","1.0046334266662598","1.0450663566589355","1.0450663566589355","1.0450663566589355","2.3025851249694824","2.3025851249694824","2.3025851249694824","2.3025851249694824","2.3025851249694824","2.3025851249694824","2.071819305419922","2.071819305419922","2.071819305419922","1.8211073875427246","1.8211073875427246","1.8211073875427246","1.0887919664382935","1.0887919664382935","1.0887919664382935","0.7396382093429565","0.7396382093429565","0.7396382093429565","0.5635813474655151","0.5635813474655151","0.5635813474655151","0.5625331401824951","0.5625331401824951","0.5625331401824951","0.6171042919158936","0.6171042919158936","0.6171042919158936","0.841560423374176","0.841560423374176","0.841560423374176","1.244065761566162","1.244065761566162","1.244065761566162"
"130","NaN","","","2.3025851249694824","2.3025851249694824","2.3025851249694824","2.325808048248291","2.325808048248291","2.325808048248291","1.3923910856246948","1.3923910856246948","1.3923910856246948","0.38677287101745605","0.38677287101745605","0.38677287101745605","0.08769068121910095","0.08769068121910095","0.08769068121910095","0.03370761126279831","0.03370761126279831","0.03370761126279831","0.13914665579795837","0.13914665579795837","0.13914665579795837","0.22707733511924744","0.22707733511924744","0.22707733511924744","0.4853200316429138","0.4853200316429138","0.4853200316429138","0.9097263813018799","0.9097263813018799","0.9097263813018799","NaN","","","2.3025851249694824","2.3025851249694824","2.3025851249694824","2.0548255443573","2.0548255443573","2.0548255443573","1.2729952335357666","1.2729952335357666","1.2729952335357666","0.5629388093948364","0.5629388093948364","0.5629388093948364","0.1771489381790161","0.1771489381790161","0.1771489381790161","0.0535084530711174","0.0535084530711174","0.0535084530711174","0.16485413908958435","0.16485413908958435","0.16485413908958435","0.2701391875743866","0.2701391875743866","0.2701391875743866","0.6580901145935059","0.6580901145935059","0.6580901145935059","1.0167336463928223","1.0167336463928223","1.0167336463928223","2.3025851249694824","2.3025851249694824","2.3025851249694824","2.3025851249694824","2.3025851249694824","2.3025851249694824","2.1342239379882812","2.1342239379882812","2.1342239379882812","1.54555344581604","1.54555344581604","1.54555344581604","0.3583217263221741","0.3583217263221741","0.3583217263221741","0.32007697224617004","0.32007697224617004","0.32007697224617004","0.23239031434059143","0.23239031434059143","0.23239031434059143","0.5245813727378845","0.5245813727378845","0.5245813727378845","0.4887130856513977","0.4887130856513977","0.4887130856513977","1.0470502376556396","1.0470502376556396","1.0470502376556396","1.1818641424179077","1.1818641424179077","1.1818641424179077","2.3025851249694824","2.3025851249694824","2.3025851249694824","2.3025851249694824","2.3025851249694824","2.3025851249694824","2.0146474838256836","2.0146474838256836","2.0146474838256836","1.7352733612060547","1.7352733612060547","1.7352733612060547","0.7920553684234619","0.7920553684234619","0.7920553684234619","0.6775982975959778","0.6775982975959778","0.6775982975959778","0.5300182700157166","0.5300182700157166","0.5300182700157166","0.6413816809654236","0.6413816809654236","0.6413816809654236","0.9659702777862549","0.9659702777862549","0.9659702777862549","0.8189883232116699","0.8189883232116699","0.8189883232116699","1.354449987411499","1.354449987411499","1.354449987411499"
"131","NaN","","","2.3025851249694824","2.3025851249694824","2.3025851249694824","2.281412124633789","2.281412124633789","2.281412124633789","1.3699679374694824","1.3699679374694824","1.3699679374694824","0.49749383330345154","0.49749383330345154","0.49749383330345154","0.0746859610080719","0.0746859610080719","0.0746859610080719","0.023914430290460587","0.023914430290460587","0.023914430290460587","0.1334615796804428","0.1334615796804428","0.1334615796804428","0.24655449390411377","0.24655449390411377","0.24655449390411377","0.5293489098548889","0.5293489098548889","0.5293489098548889","0.947537362575531","0.947537362575531","0.947537362575531","NaN","","","2.3025851249694824","2.3025851249694824","2.3025851249694824","2.0337142944335938","2.0337142944335938","2.0337142944335938","1.6385507583618164","1.6385507583618164","1.6385507583618164","0.41891342401504517","0.41891342401504517","0.41891342401504517","0.0639275312423706","0.0639275312423706","0.0639275312423706","0.14667846262454987","0.14667846262454987","0.14667846262454987","0.18015898764133453","0.18015898764133453","0.18015898764133453","0.363017201423645","0.363017201423645","0.363017201423645","0.6952871084213257","0.6952871084213257","0.6952871084213257","1.11159348487854","1.11159348487854","1.11159348487854","2.3025851249694824","2.3025851249694824","2.3025851249694824","2.3025851249694824","2.3025851249694824","2.3025851249694824","2.3838164806365967","2.3838164806365967","2.3838164806365967","1.4198119640350342","1.4198119640350342","1.4198119640350342","0.7936606407165527","0.7936606407165527","0.7936606407165527","0.33005207777023315","0.33005207777023315","0.33005207777023315","0.2389405071735382","0.2389405071735382","0.2389405071735382","0.46601033210754395","0.46601033210754395","0.46601033210754395","0.7691432237625122","0.7691432237625122","0.7691432237625122","0.9506343007087708","0.9506343007087708","0.9506343007087708","1.2272945642471313","1.2272945642471313","1.2272945642471313","2.3025851249694824","2.3025851249694824","2.3025851249694824","2.3025851249694824","2.3025851249694824","2.3025851249694824","2.1933579444885254","2.1933579444885254","2.1933579444885254","2.022181987762451","2.022181987762451","2.022181987762451","1.0155835151672363","1.0155835151672363","1.0155835151672363","0.3871237337589264","0.3871237337589264","0.3871237337589264","0.2887357473373413","0.2887357473373413","0.2887357473373413","0.7114940881729126","0.7114940881729126","0.7114940881729126","0.8567173480987549","0.8567173480987549","0.8567173480987549","1.0385448932647705","1.0385448932647705","1.0385448932647705","1.1115978956222534","1.1115978956222534","1.1115978956222534"
"132","NaN","","","2.3025851249694824","2.3025851249694824","2.3025851249694824","2.1874704360961914","2.1874704360961914","2.1874704360961914","1.2816696166992188","1.2816696166992188","1.2816696166992188","0.3302639126777649","0.3302639126777649","0.3302639126777649","0.08706297725439072","0.08706297725439072","0.08706297725439072","0.04322781413793564","0.04322781413793564","0.04322781413793564","0.09294088184833527","0.09294088184833527","0.09294088184833527","0.2550292909145355","0.2550292909145355","0.2550292909145355","0.5920199155807495","0.5920199155807495","0.5920199155807495","0.9594414234161377","0.9594414234161377","0.9594414234161377","NaN","","","2.3025851249694824","2.3025851249694824","2.3025851249694824","2.2143709659576416","2.2143709659576416","2.2143709659576416","1.3629558086395264","1.3629558086395264","1.3629558086395264","0.5437573790550232","0.5437573790550232","0.5437573790550232","0.05142420530319214","0.05142420530319214","0.05142420530319214","0.14537200331687927","0.14537200331687927","0.14537200331687927","0.1884232461452484","0.1884232461452484","0.1884232461452484","0.3385380208492279","0.3385380208492279","0.3385380208492279","0.7875791788101196","0.7875791788101196","0.7875791788101196","1.0834028720855713","1.0834028720855713","1.0834028720855713","2.3025851249694824","2.3025851249694824","2.3025851249694824","2.3025851249694824","2.3025851249694824","2.3025851249694824","2.30765962600708","2.30765962600708","2.30765962600708","1.6245934963226318","1.6245934963226318","1.6245934963226318","0.9311337471008301","0.9311337471008301","0.9311337471008301","0.39363163709640503","0.39363163709640503","0.39363163709640503","0.21532846987247467","0.21532846987247467","0.21532846987247467","0.3078898787498474","0.3078898787498474","0.3078898787498474","0.9159454107284546","0.9159454107284546","0.9159454107284546","0.7151919603347778","0.7151919603347778","0.7151919603347778","1.202627420425415","1.202627420425415","1.202627420425415","2.3025851249694824","2.3025851249694824","2.3025851249694824","2.3025851249694824","2.3025851249694824","2.3025851249694824","2.2740654945373535","2.2740654945373535","2.2740654945373535","1.3563838005065918","1.3563838005065918","1.3563838005065918","0.9638772010803223","0.9638772010803223","0.9638772010803223","0.7832515239715576","0.7832515239715576","0.7832515239715576","0.47030559182167053","0.47030559182167053","0.47030559182167053","0.5424712896347046","0.5424712896347046","0.5424712896347046","0.6102415323257446","0.6102415323257446","0.6102415323257446","0.9246536493301392","0.9246536493301392","0.9246536493301392","1.285447359085083","1.285447359085083","1.285447359085083"
"133","NaN","","","2.3025851249694824","2.3025851249694824","2.3025851249694824","2.13063645362854","2.13063645362854","2.13063645362854","1.3545253276824951","1.3545253276824951","1.3545253276824951","0.3439692556858063","0.3439692556858063","0.3439692556858063","0.01601780205965042","0.01601780205965042","0.01601780205965042","0.03555864468216896","0.03555864468216896","0.03555864468216896","0.07966533303260803","0.07966533303260803","0.07966533303260803","0.3137781023979187","0.3137781023979187","0.3137781023979187","0.5665295124053955","0.5665295124053955","0.5665295124053955","1.051398754119873","1.051398754119873","1.051398754119873","NaN","","","2.3025851249694824","2.3025851249694824","2.3025851249694824","2.195110321044922","2.195110321044922","2.195110321044922","1.2901664972305298","1.2901664972305298","1.2901664972305298","0.9547644257545471","0.9547644257545471","0.9547644257545471","0.1727018654346466","0.1727018654346466","0.1727018654346466","0.13979008793830872","0.13979008793830872","0.13979008793830872","0.12824738025665283","0.12824738025665283","0.12824738025665283","0.2755376100540161","0.2755376100540161","0.2755376100540161","0.5590553283691406","0.5590553283691406","0.5590553283691406","1.0128848552703857","1.0128848552703857","1.0128848552703857","2.3025851249694824","2.3025851249694824","2.3025851249694824","2.3025851249694824","2.3025851249694824","2.3025851249694824","2.106666088104248","2.106666088104248","2.106666088104248","1.627561092376709","1.627561092376709","1.627561092376709","0.6954914331436157","0.6954914331436157","0.6954914331436157","0.43478333950042725","0.43478333950042725","0.43478333950042725","0.4229568541049957","0.4229568541049957","0.4229568541049957","0.45780149102211","0.45780149102211","0.45780149102211","0.49428078532218933","0.49428078532218933","0.49428078532218933","0.808064341545105","0.808064341545105","0.808064341545105","1.023292899131775","1.023292899131775","1.023292899131775","2.3025851249694824","2.3025851249694824","2.3025851249694824","2.3025851249694824","2.3025851249694824","2.3025851249694824","2.359424591064453","2.359424591064453","2.359424591064453","1.4833362102508545","1.4833362102508545","1.4833362102508545","0.9993927478790283","0.9993927478790283","0.9993927478790283","0.802679181098938","0.802679181098938","0.802679181098938","0.5632822513580322","0.5632822513580322","0.5632822513580322","0.47586801648139954","0.47586801648139954","0.47586801648139954","0.8586233854293823","0.8586233854293823","0.8586233854293823","0.8582571744918823","0.8582571744918823","0.8582571744918823","1.1957155466079712","1.1957155466079712","1.1957155466079712"
"134","NaN","","","2.3025851249694824","2.3025851249694824","2.3025851249694824","2.1496376991271973","2.1496376991271973","2.1496376991271973","1.273926019668579","1.273926019668579","1.273926019668579","0.2533775568008423","0.2533775568008423","0.2533775568008423","0.04359956085681915","0.04359956085681915","0.04359956085681915","0.028101149946451187","0.028101149946451187","0.028101149946451187","0.09271140396595001","0.09271140396595001","0.09271140396595001","0.1957930326461792","0.1957930326461792","0.1957930326461792","0.5810716152191162","0.5810716152191162","0.5810716152191162","0.8040707111358643","0.8040707111358643","0.8040707111358643","NaN","","","2.3025851249694824","2.3025851249694824","2.3025851249694824","2.4258086681365967","2.4258086681365967","2.4258086681365967","1.3714051246643066","1.3714051246643066","1.3714051246643066","0.7422184944152832","0.7422184944152832","0.7422184944152832","0.08009181171655655","0.08009181171655655","0.08009181171655655","0.07702786475419998","0.07702786475419998","0.07702786475419998","0.17300403118133545","0.17300403118133545","0.17300403118133545","0.4067450165748596","0.4067450165748596","0.4067450165748596","0.9574843049049377","0.9574843049049377","0.9574843049049377","1.1874315738677979","1.1874315738677979","1.1874315738677979","2.3025851249694824","2.3025851249694824","2.3025851249694824","2.3025851249694824","2.3025851249694824","2.3025851249694824","2.1080689430236816","2.1080689430236816","2.1080689430236816","1.4820159673690796","1.4820159673690796","1.4820159673690796","0.887657642364502","0.887657642364502","0.887657642364502","0.2940264046192169","0.2940264046192169","0.2940264046192169","0.29495251178741455","0.29495251178741455","0.29495251178741455","0.5469993352890015","0.5469993352890015","0.5469993352890015","0.7046470642089844","0.7046470642089844","0.7046470642089844","0.7919542789459229","0.7919542789459229","0.7919542789459229","0.9844988584518433","0.9844988584518433","0.9844988584518433","2.3025851249694824","2.3025851249694824","2.3025851249694824","2.3025851249694824","2.3025851249694824","2.3025851249694824","2.2866926193237305","2.2866926193237305","2.2866926193237305","1.6833767890930176","1.6833767890930176","1.6833767890930176","1.1163541078567505","1.1163541078567505","1.1163541078567505","0.5803916454315186","0.5803916454315186","0.5803916454315186","0.5731662511825562","0.5731662511825562","0.5731662511825562","0.729418158531189","0.729418158531189","0.729418158531189","0.8618084788322449","0.8618084788322449","0.8618084788322449","0.9301097989082336","0.9301097989082336","0.9301097989082336","0.8647935390472412","0.8647935390472412","0.8647935390472412"
"135","NaN","","","2.3025851249694824","2.3025851249694824","2.3025851249694824","2.0875039100646973","2.0875039100646973","2.0875039100646973","1.527627944946289","1.527627944946289","1.527627944946289","0.6576061248779297","0.6576061248779297","0.6576061248779297","0.1122082993388176","0.1122082993388176","0.1122082993388176","0.036585405468940735","0.036585405468940735","0.036585405468940735","0.0839400514960289","0.0839400514960289","0.0839400514960289","0.24046380817890167","0.24046380817890167","0.24046380817890167","0.4456668794155121","0.4456668794155121","0.4456668794155121","1.0784804821014404","1.0784804821014404","1.0784804821014404","NaN","","","2.3025851249694824","2.3025851249694824","2.3025851249694824","2.0347204208374023","2.0347204208374023","2.0347204208374023","1.0270746946334839","1.0270746946334839","1.0270746946334839","0.8367095589637756","0.8367095589637756","0.8367095589637756","0.10072936117649078","0.10072936117649078","0.10072936117649078","0.1150895282626152","0.1150895282626152","0.1150895282626152","0.09211952984333038","0.09211952984333038","0.09211952984333038","0.25505274534225464","0.25505274534225464","0.25505274534225464","0.6343767046928406","0.6343767046928406","0.6343767046928406","0.9889792203903198","0.9889792203903198","0.9889792203903198","2.3025851249694824","2.3025851249694824","2.3025851249694824","2.3025851249694824","2.3025851249694824","2.3025851249694824","2.270139694213867","2.270139694213867","2.270139694213867","1.3792331218719482","1.3792331218719482","1.3792331218719482","0.8671497702598572","0.8671497702598572","0.8671497702598572","0.31870970129966736","0.31870970129966736","0.31870970129966736","0.23627080023288727","0.23627080023288727","0.23627080023288727","0.558847963809967","0.558847963809967","0.558847963809967","0.49577096104621887","0.49577096104621887","0.49577096104621887","1.0310618877410889","1.0310618877410889","1.0310618877410889","1.1683179140090942","1.1683179140090942","1.1683179140090942","2.3025851249694824","2.3025851249694824","2.3025851249694824","2.3025851249694824","2.3025851249694824","2.3025851249694824","2.1323726177215576","2.1323726177215576","2.1323726177215576","1.4302818775177002","1.4302818775177002","1.4302818775177002","0.9994586706161499","0.9994586706161499","0.9994586706161499","0.38987356424331665","0.38987356424331665","0.38987356424331665","0.6081997156143188","0.6081997156143188","0.6081997156143188","0.48545295000076294","0.48545295000076294","0.48545295000076294","0.8572450876235962","0.8572450876235962","0.8572450876235962","0.9552602767944336","0.9552602767944336","0.9552602767944336","1.2411131858825684","1.2411131858825684","1.2411131858825684"
"136","NaN","","","2.3025851249694824","2.3025851249694824","2.3025851249694824","2.0703258514404297","2.0703258514404297","2.0703258514404297","1.37989342212677","1.37989342212677","1.37989342212677","0.4946729838848114","0.4946729838848114","0.4946729838848114","0.2491321861743927","0.2491321861743927","0.2491321861743927","0.01941569335758686","0.01941569335758686","0.01941569335758686","0.10208553075790405","0.10208553075790405","0.10208553075790405","0.30815526843070984","0.30815526843070984","0.30815526843070984","0.5737215876579285","0.5737215876579285","0.5737215876579285","0.8285980224609375","0.8285980224609375","0.8285980224609375","NaN","","","2.3025851249694824","2.3025851249694824","2.3025851249694824","2.127800941467285","2.127800941467285","2.127800941467285","1.2027308940887451","1.2027308940887451","1.2027308940887451","0.4950670897960663","0.4950670897960663","0.4950670897960663","0.10100869089365005","0.10100869089365005","0.10100869089365005","0.0668855607509613","0.0668855607509613","0.0668855607509613","0.26924988627433777","0.26924988627433777","0.26924988627433777","0.5224274396896362","0.5224274396896362","0.5224274396896362","0.5922777652740479","0.5922777652740479","0.5922777652740479","1.2243003845214844","1.2243003845214844","1.2243003845214844","2.3025851249694824","2.3025851249694824","2.3025851249694824","2.3025851249694824","2.3025851249694824","2.3025851249694824","2.4433412551879883","2.4433412551879883","2.4433412551879883","1.6281380653381348","1.6281380653381348","1.6281380653381348","0.7747539281845093","0.7747539281845093","0.7747539281845093","0.34788626432418823","0.34788626432418823","0.34788626432418823","0.2462977170944214","0.2462977170944214","0.2462977170944214","0.30409061908721924","0.30409061908721924","0.30409061908721924","0.6694343090057373","0.6694343090057373","0.6694343090057373","0.7987960577011108","0.7987960577011108","0.7987960577011108","1.0880001783370972","1.0880001783370972","1.0880001783370972","2.3025851249694824","2.3025851249694824","2.3025851249694824","2.3025851249694824","2.3025851249694824","2.3025851249694824","2.2705819606781006","2.2705819606781006","2.2705819606781006","1.861965537071228","1.861965537071228","1.861965537071228","0.7412328720092773","0.7412328720092773","0.7412328720092773","0.40542611479759216","0.40542611479759216","0.40542611479759216","0.47271886467933655","0.47271886467933655","0.47271886467933655","0.6191073656082153","0.6191073656082153","0.6191073656082153","0.6570193767547607","0.6570193767547607","0.6570193767547607","1.018268346786499","1.018268346786499","1.018268346786499","1.1655077934265137","1.1655077934265137","1.1655077934265137"
"137","NaN","","","2.3025851249694824","2.3025851249694824","2.3025851249694824","2.0689220428466797","2.0689220428466797","2.0689220428466797","1.3779897689819336","1.3779897689819336","1.3779897689819336","0.4541738033294678","0.4541738033294678","0.4541738033294678","0.02065110206604004","0.02065110206604004","0.02065110206604004","0.04129491746425629","0.04129491746425629","0.04129491746425629","0.0688510313630104","0.0688510313630104","0.0688510313630104","0.33175790309906006","0.33175790309906006","0.33175790309906006","0.6718976497650146","0.6718976497650146","0.6718976497650146","0.9001991748809814","0.9001991748809814","0.9001991748809814","NaN","","","2.3025851249694824","2.3025851249694824","2.3025851249694824","2.2865943908691406","2.2865943908691406","2.2865943908691406","1.023177146911621","1.023177146911621","1.023177146911621","0.3748697340488434","0.3748697340488434","0.3748697340488434","0.1779966950416565","0.1779966950416565","0.1779966950416565","0.20255225896835327","0.20255225896835327","0.20255225896835327","0.11993416398763657","0.11993416398763657","0.11993416398763657","0.3603267967700958","0.3603267967700958","0.3603267967700958","0.6296830177307129","0.6296830177307129","0.6296830177307129","0.9727012515068054","0.9727012515068054","0.9727012515068054","2.3025851249694824","2.3025851249694824","2.3025851249694824","2.3025851249694824","2.3025851249694824","2.3025851249694824","2.163541078567505","2.163541078567505","2.163541078567505","1.8934670686721802","1.8934670686721802","1.8934670686721802","0.8059532642364502","0.8059532642364502","0.8059532642364502","0.22595438361167908","0.22595438361167908","0.22595438361167908","0.47431814670562744","0.47431814670562744","0.47431814670562744","0.519137978553772","0.519137978553772","0.519137978553772","0.7156667709350586","0.7156667709350586","0.7156667709350586","0.789784848690033","0.789784848690033","0.789784848690033","1.1891202926635742","1.1891202926635742","1.1891202926635742","2.3025851249694824","2.3025851249694824","2.3025851249694824","2.3025851249694824","2.3025851249694824","2.3025851249694824","2.113111972808838","2.113111972808838","2.113111972808838","1.6297497749328613","1.6297497749328613","1.6297497749328613","1.0364640951156616","1.0364640951156616","1.0364640951156616","0.6002682447433472","0.6002682447433472","0.6002682447433472","0.28797483444213867","0.28797483444213867","0.28797483444213867","0.555620551109314","0.555620551109314","0.555620551109314","0.7312999963760376","0.7312999963760376","0.7312999963760376","1.0647165775299072","1.0647165775299072","1.0647165775299072","1.2394959926605225","1.2394959926605225","1.2394959926605225"
"138","NaN","","","2.3025851249694824","2.3025851249694824","2.3025851249694824","2.050372362136841","2.050372362136841","2.050372362136841","1.2716171741485596","1.2716171741485596","1.2716171741485596","0.4381150007247925","0.4381150007247925","0.4381150007247925","0.0886552706360817","0.0886552706360817","0.0886552706360817","0.07142826914787292","0.07142826914787292","0.07142826914787292","0.1460937112569809","0.1460937112569809","0.1460937112569809","0.32180869579315186","0.32180869579315186","0.32180869579315186","0.44404616951942444","0.44404616951942444","0.44404616951942444","0.9452866315841675","0.9452866315841675","0.9452866315841675","NaN","","","2.3025851249694824","2.3025851249694824","2.3025851249694824","2.1983273029327393","2.1983273029327393","2.1983273029327393","1.11672842502594","1.11672842502594","1.11672842502594","0.5218096375465393","0.5218096375465393","0.5218096375465393","0.10546468198299408","0.10546468198299408","0.10546468198299408","0.1672472059726715","0.1672472059726715","0.1672472059726715","0.10899314284324646","0.10899314284324646","0.10899314284324646","0.2715813219547272","0.2715813219547272","0.2715813219547272","0.6617720127105713","0.6617720127105713","0.6617720127105713","0.9638062119483948","0.9638062119483948","0.9638062119483948","2.3025851249694824","2.3025851249694824","2.3025851249694824","2.3025851249694824","2.3025851249694824","2.3025851249694824","2.2042088508605957","2.2042088508605957","2.2042088508605957","1.657724142074585","1.657724142074585","1.657724142074585","0.8369641304016113","0.8369641304016113","0.8369641304016113","0.3035861849784851","0.3035861849784851","0.3035861849784851","0.24703742563724518","0.24703742563724518","0.24703742563724518","0.3343096077442169","0.3343096077442169","0.3343096077442169","0.6055324077606201","0.6055324077606201","0.6055324077606201","0.9766733646392822","0.9766733646392822","0.9766733646392822","1.2027289867401123","1.2027289867401123","1.2027289867401123","2.3025851249694824","2.3025851249694824","2.3025851249694824","2.3025851249694824","2.3025851249694824","2.3025851249694824","2.349276304244995","2.349276304244995","2.349276304244995","2.011786460876465","2.011786460876465","2.011786460876465","0.8600646257400513","0.8600646257400513","0.8600646257400513","0.44465401768684387","0.44465401768684387","0.44465401768684387","0.41533327102661133","0.41533327102661133","0.41533327102661133","0.4566112756729126","0.4566112756729126","0.4566112756729126","0.8528319597244263","0.8528319597244263","0.8528319597244263","1.1553821563720703","1.1553821563720703","1.1553821563720703","1.0968899726867676","1.0968899726867676","1.0968899726867676"
"139","NaN","","","2.3025851249694824","2.3025851249694824","2.3025851249694824","2.1402828693389893","2.1402828693389893","2.1402828693389893","1.0587104558944702","1.0587104558944702","1.0587104558944702","0.742514967918396","0.742514967918396","0.742514967918396","0.1504475176334381","0.1504475176334381","0.1504475176334381","0.07206045836210251","0.07206045836210251","0.07206045836210251","0.14857611060142517","0.14857611060142517","0.14857611060142517","0.27168959379196167","0.27168959379196167","0.27168959379196167","0.7299919128417969","0.7299919128417969","0.7299919128417969","1.0796051025390625","1.0796051025390625","1.0796051025390625","NaN","","","2.3025851249694824","2.3025851249694824","2.3025851249694824","2.0465288162231445","2.0465288162231445","2.0465288162231445","1.6643259525299072","1.6643259525299072","1.6643259525299072","0.6587008237838745","0.6587008237838745","0.6587008237838745","0.19604289531707764","0.19604289531707764","0.19604289531707764","0.034418366849422455","0.034418366849422455","0.034418366849422455","0.15715292096138","0.15715292096138","0.15715292096138","0.39923033118247986","0.39923033118247986","0.39923033118247986","0.6262590885162354","0.6262590885162354","0.6262590885162354","1.0012551546096802","1.0012551546096802","1.0012551546096802","2.3025851249694824","2.3025851249694824","2.3025851249694824","2.3025851249694824","2.3025851249694824","2.3025851249694824","2.1852734088897705","2.1852734088897705","2.1852734088897705","1.431628942489624","1.431628942489624","1.431628942489624","0.5618076920509338","0.5618076920509338","0.5618076920509338","0.4104630649089813","0.4104630649089813","0.4104630649089813","0.25894656777381897","0.25894656777381897","0.25894656777381897","0.3932686448097229","0.3932686448097229","0.3932686448097229","0.5526779890060425","0.5526779890060425","0.5526779890060425","0.834496021270752","0.834496021270752","0.834496021270752","1.1362559795379639","1.1362559795379639","1.1362559795379639","2.3025851249694824","2.3025851249694824","2.3025851249694824","2.3025851249694824","2.3025851249694824","2.3025851249694824","2.225267171859741","2.225267171859741","2.225267171859741","1.6353356838226318","1.6353356838226318","1.6353356838226318","0.7955567836761475","0.7955567836761475","0.7955567836761475","0.6074724197387695","0.6074724197387695","0.6074724197387695","0.511111319065094","0.511111319065094","0.511111319065094","0.5087931156158447","0.5087931156158447","0.5087931156158447","0.72569340467453","0.72569340467453","0.72569340467453","1.100264310836792","1.100264310836792","1.100264310836792","1.3259451389312744","1.3259451389312744","1.3259451389312744"
"140","NaN","","","2.3025851249694824","2.3025851249694824","2.3025851249694824","2.1476473808288574","2.1476473808288574","2.1476473808288574","1.1959319114685059","1.1959319114685059","1.1959319114685059","0.802955150604248","0.802955150604248","0.802955150604248","0.07431742548942566","0.07431742548942566","0.07431742548942566","0.08237884938716888","0.08237884938716888","0.08237884938716888","0.10374779999256134","0.10374779999256134","0.10374779999256134","0.22272250056266785","0.22272250056266785","0.22272250056266785","0.657329261302948","0.657329261302948","0.657329261302948","1.0243115425109863","1.0243115425109863","1.0243115425109863","NaN","","","2.3025851249694824","2.3025851249694824","2.3025851249694824","2.1552553176879883","2.1552553176879883","2.1552553176879883","1.6875945329666138","1.6875945329666138","1.6875945329666138","0.7578904628753662","0.7578904628753662","0.7578904628753662","0.05312082916498184","0.05312082916498184","0.05312082916498184","0.06747353076934814","0.06747353076934814","0.06747353076934814","0.17408150434494019","0.17408150434494019","0.17408150434494019","0.37301871180534363","0.37301871180534363","0.37301871180534363","0.5354024171829224","0.5354024171829224","0.5354024171829224","1.004898190498352","1.004898190498352","1.004898190498352","2.3025851249694824","2.3025851249694824","2.3025851249694824","2.3025853633880615","2.3025853633880615","2.3025853633880615","2.1516008377075195","2.1516008377075195","2.1516008377075195","1.8105151653289795","1.8105151653289795","1.8105151653289795","1.4013689756393433","1.4013689756393433","1.4013689756393433","0.20634329319000244","0.20634329319000244","0.20634329319000244","0.2650769352912903","0.2650769352912903","0.2650769352912903","0.38443681597709656","0.38443681597709656","0.38443681597709656","0.6032482385635376","0.6032482385635376","0.6032482385635376","0.87320876121521","0.87320876121521","0.87320876121521","1.0933619737625122","1.0933619737625122","1.0933619737625122","2.3025851249694824","2.3025851249694824","2.3025851249694824","2.3025851249694824","2.3025851249694824","2.3025851249694824","2.0684256553649902","2.0684256553649902","2.0684256553649902","1.697618842124939","1.697618842124939","1.697618842124939","0.8941627740859985","0.8941627740859985","0.8941627740859985","0.42254334688186646","0.42254334688186646","0.42254334688186646","0.4991430640220642","0.4991430640220642","0.4991430640220642","0.42102599143981934","0.42102599143981934","0.42102599143981934","0.7274737358093262","0.7274737358093262","0.7274737358093262","0.9814839363098145","0.9814839363098145","0.9814839363098145","1.1288368701934814","1.1288368701934814","1.1288368701934814"
"141","NaN","","","2.3025851249694824","2.3025851249694824","2.3025851249694824","2.108185291290283","2.108185291290283","2.108185291290283","1.2093055248260498","1.2093055248260498","1.2093055248260498","0.38338685035705566","0.38338685035705566","0.38338685035705566","0.04986261576414108","0.04986261576414108","0.04986261576414108","0.02055688202381134","0.02055688202381134","0.02055688202381134","0.05643293261528015","0.05643293261528015","0.05643293261528015","0.2834555506706238","0.2834555506706238","0.2834555506706238","0.42730504274368286","0.42730504274368286","0.42730504274368286","0.7708842158317566","0.7708842158317566","0.7708842158317566","NaN","","","2.3025851249694824","2.3025851249694824","2.3025851249694824","2.3263211250305176","2.3263211250305176","2.3263211250305176","1.3731534481048584","1.3731534481048584","1.3731534481048584","0.6342108249664307","0.6342108249664307","0.6342108249664307","0.2557297348976135","0.2557297348976135","0.2557297348976135","0.12606853246688843","0.12606853246688843","0.12606853246688843","0.16765281558036804","0.16765281558036804","0.16765281558036804","0.27454981207847595","0.27454981207847595","0.27454981207847595","0.6308056116104126","0.6308056116104126","0.6308056116104126","0.9219778180122375","0.9219778180122375","0.9219778180122375","2.3025851249694824","2.3025851249694824","2.3025851249694824","2.3025851249694824","2.3025851249694824","2.3025851249694824","2.2272186279296875","2.2272186279296875","2.2272186279296875","1.6136568784713745","1.6136568784713745","1.6136568784713745","0.7122869491577148","0.7122869491577148","0.7122869491577148","0.2532414197921753","0.2532414197921753","0.2532414197921753","0.25079089403152466","0.25079089403152466","0.25079089403152466","0.4210018515586853","0.4210018515586853","0.4210018515586853","0.5781127214431763","0.5781127214431763","0.5781127214431763","0.956660270690918","0.956660270690918","0.956660270690918","0.9923998117446899","0.9923998117446899","0.9923998117446899","2.3025851249694824","2.3025851249694824","2.3025851249694824","2.3025851249694824","2.3025851249694824","2.3025851249694824","2.3842198848724365","2.3842198848724365","2.3842198848724365","1.5628702640533447","1.5628702640533447","1.5628702640533447","1.0002162456512451","1.0002162456512451","1.0002162456512451","0.759961724281311","0.759961724281311","0.759961724281311","0.4019729495048523","0.4019729495048523","0.4019729495048523","0.6504141092300415","0.6504141092300415","0.6504141092300415","0.7349212169647217","0.7349212169647217","0.7349212169647217","0.7428521513938904","0.7428521513938904","0.7428521513938904","1.1985281705856323","1.1985281705856323","1.1985281705856323"
"142","NaN","","","2.3025851249694824","2.3025851249694824","2.3025851249694824","2.202409505844116","2.202409505844116","2.202409505844116","1.1772041320800781","1.1772041320800781","1.1772041320800781","0.48642534017562866","0.48642534017562866","0.48642534017562866","0.09197870641946793","0.09197870641946793","0.09197870641946793","0.023724403232336044","0.023724403232336044","0.023724403232336044","0.08620843291282654","0.08620843291282654","0.08620843291282654","0.3611852526664734","0.3611852526664734","0.3611852526664734","0.5359286069869995","0.5359286069869995","0.5359286069869995","0.875224232673645","0.875224232673645","0.875224232673645","NaN","","","2.3025851249694824","2.3025851249694824","2.3025851249694824","2.0207090377807617","2.0207090377807617","2.0207090377807617","1.5068901777267456","1.5068901777267456","1.5068901777267456","0.5596096515655518","0.5596096515655518","0.5596096515655518","0.08212243020534515","0.08212243020534515","0.08212243020534515","0.12965312600135803","0.12965312600135803","0.12965312600135803","0.1959874927997589","0.1959874927997589","0.1959874927997589","0.22493815422058105","0.22493815422058105","0.22493815422058105","0.5044005513191223","0.5044005513191223","0.5044005513191223","0.8925071954727173","0.8925071954727173","0.8925071954727173","2.3025851249694824","2.3025851249694824","2.3025851249694824","2.3025851249694824","2.3025851249694824","2.3025851249694824","2.2361810207366943","2.2361810207366943","2.2361810207366943","1.5290014743804932","1.5290014743804932","1.5290014743804932","0.5197192430496216","0.5197192430496216","0.5197192430496216","0.6066616773605347","0.6066616773605347","0.6066616773605347","0.3636144995689392","0.3636144995689392","0.3636144995689392","0.35203462839126587","0.35203462839126587","0.35203462839126587","0.685701847076416","0.685701847076416","0.685701847076416","0.6666772961616516","0.6666772961616516","0.6666772961616516","1.1677258014678955","1.1677258014678955","1.1677258014678955","2.3025851249694824","2.3025851249694824","2.3025851249694824","2.3025851249694824","2.3025851249694824","2.3025851249694824","2.2372422218322754","2.2372422218322754","2.2372422218322754","1.490005612373352","1.490005612373352","1.490005612373352","1.0899550914764404","1.0899550914764404","1.0899550914764404","0.5120177268981934","0.5120177268981934","0.5120177268981934","0.3817446827888489","0.3817446827888489","0.3817446827888489","0.7651540040969849","0.7651540040969849","0.7651540040969849","0.8565610647201538","0.8565610647201538","0.8565610647201538","0.8953866362571716","0.8953866362571716","0.8953866362571716","1.2427146434783936","1.2427146434783936","1.2427146434783936"
"143","NaN","","","2.2666494846343994","2.2666494846343994","2.2666494846343994","2.1933202743530273","2.1933202743530273","2.1933202743530273","1.3366873264312744","1.3366873264312744","1.3366873264312744","0.7037358283996582","0.7037358283996582","0.7037358283996582","0.10317570716142654","0.10317570716142654","0.10317570716142654","0.05603184551000595","0.05603184551000595","0.05603184551000595","0.11606583744287491","0.11606583744287491","0.11606583744287491","0.2981637418270111","0.2981637418270111","0.2981637418270111","0.5398383140563965","0.5398383140563965","0.5398383140563965","1.0559378862380981","1.0559378862380981","1.0559378862380981","NaN","","","2.3025851249694824","2.3025851249694824","2.3025851249694824","2.2116734981536865","2.2116734981536865","2.2116734981536865","1.3748340606689453","1.3748340606689453","1.3748340606689453","0.5425236821174622","0.5425236821174622","0.5425236821174622","0.10684320330619812","0.10684320330619812","0.10684320330619812","0.06720578670501709","0.06720578670501709","0.06720578670501709","0.20590367913246155","0.20590367913246155","0.20590367913246155","0.3256552517414093","0.3256552517414093","0.3256552517414093","0.4941834509372711","0.4941834509372711","0.4941834509372711","1.1215587854385376","1.1215587854385376","1.1215587854385376","2.3025851249694824","2.3025851249694824","2.3025851249694824","2.3025851249694824","2.3025851249694824","2.3025851249694824","2.2125258445739746","2.2125258445739746","2.2125258445739746","1.663889765739441","1.663889765739441","1.663889765739441","0.637956440448761","0.637956440448761","0.637956440448761","0.44741928577423096","0.44741928577423096","0.44741928577423096","0.15170229971408844","0.15170229971408844","0.15170229971408844","0.3085135221481323","0.3085135221481323","0.3085135221481323","0.6239879131317139","0.6239879131317139","0.6239879131317139","0.9911600947380066","0.9911600947380066","0.9911600947380066","1.1739369630813599","1.1739369630813599","1.1739369630813599","2.3025851249694824","2.3025851249694824","2.3025851249694824","2.3025851249694824","2.3025851249694824","2.3025851249694824","2.11069917678833","2.11069917678833","2.11069917678833","1.5453929901123047","1.5453929901123047","1.5453929901123047","1.0369048118591309","1.0369048118591309","1.0369048118591309","0.6075325012207031","0.6075325012207031","0.6075325012207031","0.6102544069290161","0.6102544069290161","0.6102544069290161","0.7142500877380371","0.7142500877380371","0.7142500877380371","0.6686350107192993","0.6686350107192993","0.6686350107192993","0.8496822118759155","0.8496822118759155","0.8496822118759155","1.2251391410827637","1.2251391410827637","1.2251391410827637"
"144","NaN","","","2.3025851249694824","2.3025851249694824","2.3025851249694824","2.0434086322784424","2.0434086322784424","2.0434086322784424","1.3082184791564941","1.3082184791564941","1.3082184791564941","0.4884198009967804","0.4884198009967804","0.4884198009967804","0.016864188015460968","0.016864188015460968","0.016864188015460968","0.032839108258485794","0.032839108258485794","0.032839108258485794","0.08976992219686508","0.08976992219686508","0.08976992219686508","0.2431357055902481","0.2431357055902481","0.2431357055902481","0.4882543385028839","0.4882543385028839","0.4882543385028839","0.9703546166419983","0.9703546166419983","0.9703546166419983","NaN","","","2.3025851249694824","2.3025851249694824","2.3025851249694824","2.399848461151123","2.399848461151123","2.399848461151123","1.2667491436004639","1.2667491436004639","1.2667491436004639","0.34139734506607056","0.34139734506607056","0.34139734506607056","0.19294387102127075","0.19294387102127075","0.19294387102127075","0.07918616384267807","0.07918616384267807","0.07918616384267807","0.18203483521938324","0.18203483521938324","0.18203483521938324","0.2985694408416748","0.2985694408416748","0.2985694408416748","0.45271557569503784","0.45271557569503784","0.45271557569503784","0.8952472805976868","0.8952472805976868","0.8952472805976868","2.3025851249694824","2.3025851249694824","2.3025851249694824","2.3025851249694824","2.3025851249694824","2.3025851249694824","2.2233028411865234","2.2233028411865234","2.2233028411865234","1.6051772832870483","1.6051772832870483","1.6051772832870483","0.6675912141799927","0.6675912141799927","0.6675912141799927","0.13008028268814087","0.13008028268814087","0.13008028268814087","0.24549293518066406","0.24549293518066406","0.24549293518066406","0.3354251980781555","0.3354251980781555","0.3354251980781555","0.375466525554657","0.375466525554657","0.375466525554657","0.8298509120941162","0.8298509120941162","0.8298509120941162","1.0598151683807373","1.0598151683807373","1.0598151683807373","2.3025851249694824","2.3025851249694824","2.3025851249694824","2.3025851249694824","2.3025851249694824","2.3025851249694824","2.8462395668029785","2.8462395668029785","2.8462395668029785","1.7422571182250977","1.7422571182250977","1.7422571182250977","0.9264668226242065","0.9264668226242065","0.9264668226242065","0.4194006621837616","0.4194006621837616","0.4194006621837616","0.46104809641838074","0.46104809641838074","0.46104809641838074","0.4006716012954712","0.4006716012954712","0.4006716012954712","0.8395023345947266","0.8395023345947266","0.8395023345947266","0.7934970259666443","0.7934970259666443","0.7934970259666443","1.1714524030685425","1.1714524030685425","1.1714524030685425"
"145","NaN","","","2.3025851249694824","2.3025851249694824","2.3025851249694824","2.213239908218384","2.213239908218384","2.213239908218384","1.0683119297027588","1.0683119297027588","1.0683119297027588","0.5885587334632874","0.5885587334632874","0.5885587334632874","0.10873371362686157","0.10873371362686157","0.10873371362686157","0.039142340421676636","0.039142340421676636","0.039142340421676636","0.12185192853212357","0.12185192853212357","0.12185192853212357","0.31321263313293457","0.31321263313293457","0.31321263313293457","0.6211775541305542","0.6211775541305542","0.6211775541305542","0.9445988535881042","0.9445988535881042","0.9445988535881042","NaN","","","2.3025851249694824","2.3025851249694824","2.3025851249694824","2.384840250015259","2.384840250015259","2.384840250015259","1.3175196647644043","1.3175196647644043","1.3175196647644043","0.23503653705120087","0.23503653705120087","0.23503653705120087","0.2871204614639282","0.2871204614639282","0.2871204614639282","0.058406930416822433","0.058406930416822433","0.058406930416822433","0.21016913652420044","0.21016913652420044","0.21016913652420044","0.2413603663444519","0.2413603663444519","0.2413603663444519","0.6420078277587891","0.6420078277587891","0.6420078277587891","1.1548757553100586","1.1548757553100586","1.1548757553100586","2.3025851249694824","2.3025851249694824","2.3025851249694824","2.3025851249694824","2.3025851249694824","2.3025851249694824","2.283872127532959","2.283872127532959","2.283872127532959","1.6596730947494507","1.6596730947494507","1.6596730947494507","0.7919466495513916","0.7919466495513916","0.7919466495513916","0.25534123182296753","0.25534123182296753","0.25534123182296753","0.28768739104270935","0.28768739104270935","0.28768739104270935","0.5098205804824829","0.5098205804824829","0.5098205804824829","0.5359885692596436","0.5359885692596436","0.5359885692596436","0.762302041053772","0.762302041053772","0.762302041053772","0.9467597603797913","0.9467597603797913","0.9467597603797913","2.3025851249694824","2.3025851249694824","2.3025851249694824","2.3025851249694824","2.3025851249694824","2.3025851249694824","2.2493247985839844","2.2493247985839844","2.2493247985839844","1.4668041467666626","1.4668041467666626","1.4668041467666626","1.045644760131836","1.045644760131836","1.045644760131836","0.5653069615364075","0.5653069615364075","0.5653069615364075","0.5156089067459106","0.5156089067459106","0.5156089067459106","0.5020620822906494","0.5020620822906494","0.5020620822906494","0.6530978679656982","0.6530978679656982","0.6530978679656982","0.9768022894859314","0.9768022894859314","0.9768022894859314","1.0154845714569092","1.0154845714569092","1.0154845714569092"
"146","NaN","","","2.3025851249694824","2.3025851249694824","2.3025851249694824","2.0676987171173096","2.0676987171173096","2.0676987171173096","0.9666657447814941","0.9666657447814941","0.9666657447814941","0.2669790983200073","0.2669790983200073","0.2669790983200073","0.06071649491786957","0.06071649491786957","0.06071649491786957","0.015725404024124146","0.015725404024124146","0.015725404024124146","0.046842318028211594","0.046842318028211594","0.046842318028211594","0.2399754822254181","0.2399754822254181","0.2399754822254181","0.546381950378418","0.546381950378418","0.546381950378418","0.6796507835388184","0.6796507835388184","0.6796507835388184","NaN","","","2.3025851249694824","2.3025851249694824","2.3025851249694824","2.260700225830078","2.260700225830078","2.260700225830078","1.3302745819091797","1.3302745819091797","1.3302745819091797","0.4883817732334137","0.4883817732334137","0.4883817732334137","0.13663393259048462","0.13663393259048462","0.13663393259048462","0.04661368578672409","0.04661368578672409","0.04661368578672409","0.2410927712917328","0.2410927712917328","0.2410927712917328","0.14872600138187408","0.14872600138187408","0.14872600138187408","0.6870850920677185","0.6870850920677185","0.6870850920677185","0.9412323236465454","0.9412323236465454","0.9412323236465454","2.3025851249694824","2.3025851249694824","2.3025851249694824","2.3025851249694824","2.3025851249694824","2.3025851249694824","2.22357177734375","2.22357177734375","2.22357177734375","1.9120543003082275","1.9120543003082275","1.9120543003082275","0.6420520544052124","0.6420520544052124","0.6420520544052124","0.3781306743621826","0.3781306743621826","0.3781306743621826","0.31855350732803345","0.31855350732803345","0.31855350732803345","0.3322802782058716","0.3322802782058716","0.3322802782058716","0.8236039876937866","0.8236039876937866","0.8236039876937866","0.7977688908576965","0.7977688908576965","0.7977688908576965","1.3035680055618286","1.3035680055618286","1.3035680055618286","2.3025851249694824","2.3025851249694824","2.3025851249694824","2.3025851249694824","2.3025851249694824","2.3025851249694824","2.192537546157837","2.192537546157837","2.192537546157837","1.5900871753692627","1.5900871753692627","1.5900871753692627","1.2246836423873901","1.2246836423873901","1.2246836423873901","0.7407128810882568","0.7407128810882568","0.7407128810882568","0.3280807435512543","0.3280807435512543","0.3280807435512543","0.6618161201477051","0.6618161201477051","0.6618161201477051","0.7880160808563232","0.7880160808563232","0.7880160808563232","0.9603536128997803","0.9603536128997803","0.9603536128997803","1.2815827131271362","1.2815827131271362","1.2815827131271362"
"147","NaN","","","2.3025851249694824","2.3025851249694824","2.3025851249694824","2.077709913253784","2.077709913253784","2.077709913253784","1.3345621824264526","1.3345621824264526","1.3345621824264526","0.7338162660598755","0.7338162660598755","0.7338162660598755","0.12800495326519012","0.12800495326519012","0.12800495326519012","0.01961011253297329","0.01961011253297329","0.01961011253297329","0.0901213139295578","0.0901213139295578","0.0901213139295578","0.17056311666965485","0.17056311666965485","0.17056311666965485","0.5006221532821655","0.5006221532821655","0.5006221532821655","0.8884654641151428","0.8884654641151428","0.8884654641151428","NaN","","","2.3025851249694824","2.3025851249694824","2.3025851249694824","2.2282533645629883","2.2282533645629883","2.2282533645629883","1.5331392288208008","1.5331392288208008","1.5331392288208008","0.319381445646286","0.319381445646286","0.319381445646286","0.2643222212791443","0.2643222212791443","0.2643222212791443","0.0367131307721138","0.0367131307721138","0.0367131307721138","0.1118258535861969","0.1118258535861969","0.1118258535861969","0.4315565228462219","0.4315565228462219","0.4315565228462219","0.523784339427948","0.523784339427948","0.523784339427948","1.0130505561828613","1.0130505561828613","1.0130505561828613","2.3025851249694824","2.3025851249694824","2.3025851249694824","2.3025851249694824","2.3025851249694824","2.3025851249694824","2.216306209564209","2.216306209564209","2.216306209564209","2.0732693672180176","2.0732693672180176","2.0732693672180176","0.7003003358840942","0.7003003358840942","0.7003003358840942","0.2630566358566284","0.2630566358566284","0.2630566358566284","0.24510231614112854","0.24510231614112854","0.24510231614112854","0.38244524598121643","0.38244524598121643","0.38244524598121643","0.6380244493484497","0.6380244493484497","0.6380244493484497","0.9405399560928345","0.9405399560928345","0.9405399560928345","1.271026372909546","1.271026372909546","1.271026372909546","2.3025851249694824","2.3025851249694824","2.3025851249694824","2.3025851249694824","2.3025851249694824","2.3025851249694824","2.1836729049682617","2.1836729049682617","2.1836729049682617","1.6857893466949463","1.6857893466949463","1.6857893466949463","1.089532732963562","1.089532732963562","1.089532732963562","0.4784412980079651","0.4784412980079651","0.4784412980079651","0.528644323348999","0.528644323348999","0.528644323348999","0.3749180734157562","0.3749180734157562","0.3749180734157562","0.7048166990280151","0.7048166990280151","0.7048166990280151","0.8945211172103882","0.8945211172103882","0.8945211172103882","1.0953876972198486","1.0953876972198486","1.0953876972198486"
"148","NaN","","","2.3025851249694824","2.3025851249694824","2.3025851249694824","2.1532444953918457","2.1532444953918457","2.1532444953918457","0.9132857322692871","0.9132857322692871","0.9132857322692871","0.6306949257850647","0.6306949257850647","0.6306949257850647","0.10134400427341461","0.10134400427341461","0.10134400427341461","0.012840851210057735","0.012840851210057735","0.012840851210057735","0.0360465943813324","0.0360465943813324","0.0360465943813324","0.18382811546325684","0.18382811546325684","0.18382811546325684","0.5555134415626526","0.5555134415626526","0.5555134415626526","0.8414649963378906","0.8414649963378906","0.8414649963378906","NaN","","","2.3025851249694824","2.3025851249694824","2.3025851249694824","2.1398427486419678","2.1398427486419678","2.1398427486419678","1.4265483617782593","1.4265483617782593","1.4265483617782593","0.485370934009552","0.485370934009552","0.485370934009552","0.1279655396938324","0.1279655396938324","0.1279655396938324","0.16516029834747314","0.16516029834747314","0.16516029834747314","0.06271988153457642","0.06271988153457642","0.06271988153457642","0.3062218725681305","0.3062218725681305","0.3062218725681305","0.6473557949066162","0.6473557949066162","0.6473557949066162","0.9053974151611328","0.9053974151611328","0.9053974151611328","2.3025851249694824","2.3025851249694824","2.3025851249694824","2.3025851249694824","2.3025851249694824","2.3025851249694824","2.16428542137146","2.16428542137146","2.16428542137146","1.6712884902954102","1.6712884902954102","1.6712884902954102","0.4502440392971039","0.4502440392971039","0.4502440392971039","0.47065281867980957","0.47065281867980957","0.47065281867980957","0.1963600069284439","0.1963600069284439","0.1963600069284439","0.2509423494338989","0.2509423494338989","0.2509423494338989","0.5441594123840332","0.5441594123840332","0.5441594123840332","0.859621524810791","0.859621524810791","0.859621524810791","1.3368122577667236","1.3368122577667236","1.3368122577667236","2.3025851249694824","2.3025851249694824","2.3025851249694824","2.3025851249694824","2.3025851249694824","2.3025851249694824","2.122485399246216","2.122485399246216","2.122485399246216","1.9564909934997559","1.9564909934997559","1.9564909934997559","0.8843705654144287","0.8843705654144287","0.8843705654144287","0.49782729148864746","0.49782729148864746","0.49782729148864746","0.39327892661094666","0.39327892661094666","0.39327892661094666","0.6272953748703003","0.6272953748703003","0.6272953748703003","0.6079919934272766","0.6079919934272766","0.6079919934272766","0.8662129044532776","0.8662129044532776","0.8662129044532776","1.3778493404388428","1.3778493404388428","1.3778493404388428"
"149","NaN","","","2.3025851249694824","2.3025851249694824","2.3025851249694824","2.235992908477783","2.235992908477783","2.235992908477783","1.0586224794387817","1.0586224794387817","1.0586224794387817","0.3997659683227539","0.3997659683227539","0.3997659683227539","0.03442735970020294","0.03442735970020294","0.03442735970020294","0.013029378838837147","0.013029378838837147","0.013029378838837147","0.06947002559900284","0.06947002559900284","0.06947002559900284","0.09813232719898224","0.09813232719898224","0.09813232719898224","0.3122641444206238","0.3122641444206238","0.3122641444206238","0.8418636322021484","0.8418636322021484","0.8418636322021484","NaN","","","2.3025851249694824","2.3025851249694824","2.3025851249694824","2.1756978034973145","2.1756978034973145","2.1756978034973145","1.494744062423706","1.494744062423706","1.494744062423706","0.28290364146232605","0.28290364146232605","0.28290364146232605","0.12170019745826721","0.12170019745826721","0.12170019745826721","0.06518059968948364","0.06518059968948364","0.06518059968948364","0.14630311727523804","0.14630311727523804","0.14630311727523804","0.25653544068336487","0.25653544068336487","0.25653544068336487","0.4644927978515625","0.4644927978515625","0.4644927978515625","0.879175066947937","0.879175066947937","0.879175066947937","2.3025851249694824","2.3025851249694824","2.3025851249694824","2.3025851249694824","2.3025851249694824","2.3025851249694824","2.2126219272613525","2.2126219272613525","2.2126219272613525","1.579805850982666","1.579805850982666","1.579805850982666","0.634981095790863","0.634981095790863","0.634981095790863","0.18618793785572052","0.18618793785572052","0.18618793785572052","0.24244052171707153","0.24244052171707153","0.24244052171707153","0.22446143627166748","0.22446143627166748","0.22446143627166748","0.546413779258728","0.546413779258728","0.546413779258728","0.8983691334724426","0.8983691334724426","0.8983691334724426","0.9883993864059448","0.9883993864059448","0.9883993864059448","2.3025851249694824","2.3025851249694824","2.3025851249694824","2.3025851249694824","2.3025851249694824","2.3025851249694824","2.074093818664551","2.074093818664551","2.074093818664551","1.6708868741989136","1.6708868741989136","1.6708868741989136","0.8545723557472229","0.8545723557472229","0.8545723557472229","0.432525634765625","0.432525634765625","0.432525634765625","0.3603595793247223","0.3603595793247223","0.3603595793247223","0.5262521505355835","0.5262521505355835","0.5262521505355835","0.6675783395767212","0.6675783395767212","0.6675783395767212","1.0048209428787231","1.0048209428787231","1.0048209428787231","0.8750635981559753","0.8750635981559753","0.8750635981559753"
"150","NaN","","","2.3025851249694824","2.3025851249694824","2.3025851249694824","2.2247252464294434","2.2247252464294434","2.2247252464294434","1.2185051441192627","1.2185051441192627","1.2185051441192627","0.2534608244895935","0.2534608244895935","0.2534608244895935","0.0573456771671772","0.0573456771671772","0.0573456771671772","0.01709918864071369","0.01709918864071369","0.01709918864071369","0.07656174898147583","0.07656174898147583","0.07656174898147583","0.13753344118595123","0.13753344118595123","0.13753344118595123","0.3237307667732239","0.3237307667732239","0.3237307667732239","0.8272815346717834","0.8272815346717834","0.8272815346717834","NaN","","","2.3025851249694824","2.3025851249694824","2.3025851249694824","2.2332472801208496","2.2332472801208496","2.2332472801208496","1.6448265314102173","1.6448265314102173","1.6448265314102173","0.5661072731018066","0.5661072731018066","0.5661072731018066","0.12439996749162674","0.12439996749162674","0.12439996749162674","0.020174700766801834","0.020174700766801834","0.020174700766801834","0.18445131182670593","0.18445131182670593","0.18445131182670593","0.3574292063713074","0.3574292063713074","0.3574292063713074","0.648568868637085","0.648568868637085","0.648568868637085","1.0305454730987549","1.0305454730987549","1.0305454730987549","2.3025851249694824","2.3025851249694824","2.3025851249694824","2.3025851249694824","2.3025851249694824","2.3025851249694824","2.264805793762207","2.264805793762207","2.264805793762207","1.3695194721221924","1.3695194721221924","1.3695194721221924","0.7588900327682495","0.7588900327682495","0.7588900327682495","0.31947046518325806","0.31947046518325806","0.31947046518325806","0.29844802618026733","0.29844802618026733","0.29844802618026733","0.5355120301246643","0.5355120301246643","0.5355120301246643","0.5710304379463196","0.5710304379463196","0.5710304379463196","0.8089227676391602","0.8089227676391602","0.8089227676391602","1.0134587287902832","1.0134587287902832","1.0134587287902832","2.3025851249694824","2.3025851249694824","2.3025851249694824","2.3025851249694824","2.3025851249694824","2.3025851249694824","1.9898170232772827","1.9898170232772827","1.9898170232772827","1.8341996669769287","1.8341996669769287","1.8341996669769287","1.031278371810913","1.031278371810913","1.031278371810913","0.5001758337020874","0.5001758337020874","0.5001758337020874","0.26419347524642944","0.26419347524642944","0.26419347524642944","0.5462223291397095","0.5462223291397095","0.5462223291397095","0.6394280195236206","0.6394280195236206","0.6394280195236206","0.906758189201355","0.906758189201355","0.906758189201355","1.1022816896438599","1.1022816896438599","1.1022816896438599"
"151","NaN","","","2.3025851249694824","2.3025851249694824","2.3025851249694824","2.121814250946045","2.121814250946045","2.121814250946045","1.368261694908142","1.368261694908142","1.368261694908142","0.30552318692207336","0.30552318692207336","0.30552318692207336","0.026346221566200256","0.026346221566200256","0.026346221566200256","0.022463418543338776","0.022463418543338776","0.022463418543338776","0.05112161859869957","0.05112161859869957","0.05112161859869957","0.20183488726615906","0.20183488726615906","0.20183488726615906","0.4361988604068756","0.4361988604068756","0.4361988604068756","0.8940263986587524","0.8940263986587524","0.8940263986587524","NaN","","","2.3025851249694824","2.3025851249694824","2.3025851249694824","2.0932388305664062","2.0932388305664062","2.0932388305664062","1.5751068592071533","1.5751068592071533","1.5751068592071533","0.409013032913208","0.409013032913208","0.409013032913208","0.05174358934164047","0.05174358934164047","0.05174358934164047","0.06057245656847954","0.06057245656847954","0.06057245656847954","0.14086414873600006","0.14086414873600006","0.14086414873600006","0.22066226601600647","0.22066226601600647","0.22066226601600647","0.8300608992576599","0.8300608992576599","0.8300608992576599","0.9546637535095215","0.9546637535095215","0.9546637535095215","2.3025851249694824","2.3025851249694824","2.3025851249694824","2.3025851249694824","2.3025851249694824","2.3025851249694824","2.2133047580718994","2.2133047580718994","2.2133047580718994","1.799516201019287","1.799516201019287","1.799516201019287","0.8078634142875671","0.8078634142875671","0.8078634142875671","0.19030752778053284","0.19030752778053284","0.19030752778053284","0.15294739603996277","0.15294739603996277","0.15294739603996277","0.3844180405139923","0.3844180405139923","0.3844180405139923","0.49095481634140015","0.49095481634140015","0.49095481634140015","0.8140060901641846","0.8140060901641846","0.8140060901641846","0.9655073881149292","0.9655073881149292","0.9655073881149292","2.3025851249694824","2.3025851249694824","2.3025851249694824","2.3025851249694824","2.3025851249694824","2.3025851249694824","2.075721025466919","2.075721025466919","2.075721025466919","1.396941900253296","1.396941900253296","1.396941900253296","0.8484872579574585","0.8484872579574585","0.8484872579574585","0.5246253609657288","0.5246253609657288","0.5246253609657288","0.4931105673313141","0.4931105673313141","0.4931105673313141","0.5527462959289551","0.5527462959289551","0.5527462959289551","0.9305780529975891","0.9305780529975891","0.9305780529975891","0.7816497087478638","0.7816497087478638","0.7816497087478638","1.310042381286621","1.310042381286621","1.310042381286621"
"152","NaN","","","2.3025851249694824","2.3025851249694824","2.3025851249694824","2.2524709701538086","2.2524709701538086","2.2524709701538086","1.238444209098816","1.238444209098816","1.238444209098816","0.16658233106136322","0.16658233106136322","0.16658233106136322","0.03598518669605255","0.03598518669605255","0.03598518669605255","0.01925497129559517","0.01925497129559517","0.01925497129559517","0.06579480320215225","0.06579480320215225","0.06579480320215225","0.2478783279657364","0.2478783279657364","0.2478783279657364","0.45122116804122925","0.45122116804122925","0.45122116804122925","0.9956115484237671","0.9956115484237671","0.9956115484237671","NaN","","","2.3025851249694824","2.3025851249694824","2.3025851249694824","2.2379238605499268","2.2379238605499268","2.2379238605499268","1.2496247291564941","1.2496247291564941","1.2496247291564941","0.4251290261745453","0.4251290261745453","0.4251290261745453","0.10044019669294357","0.10044019669294357","0.10044019669294357","0.19223806262016296","0.19223806262016296","0.19223806262016296","0.08703611046075821","0.08703611046075821","0.08703611046075821","0.367911159992218","0.367911159992218","0.367911159992218","0.6767305135726929","0.6767305135726929","0.6767305135726929","0.7411394715309143","0.7411394715309143","0.7411394715309143","2.3025851249694824","2.3025851249694824","2.3025851249694824","2.3025851249694824","2.3025851249694824","2.3025851249694824","2.509415626525879","2.509415626525879","2.509415626525879","1.4456722736358643","1.4456722736358643","1.4456722736358643","1.0002663135528564","1.0002663135528564","1.0002663135528564","0.1495165079832077","0.1495165079832077","0.1495165079832077","0.19642210006713867","0.19642210006713867","0.19642210006713867","0.2955510914325714","0.2955510914325714","0.2955510914325714","0.6681891679763794","0.6681891679763794","0.6681891679763794","0.6794303059577942","0.6794303059577942","0.6794303059577942","0.9470499157905579","0.9470499157905579","0.9470499157905579","2.3025851249694824","2.3025851249694824","2.3025851249694824","2.3025851249694824","2.3025851249694824","2.3025851249694824","2.275784969329834","2.275784969329834","2.275784969329834","1.3026149272918701","1.3026149272918701","1.3026149272918701","1.2083141803741455","1.2083141803741455","1.2083141803741455","0.2931806147098541","0.2931806147098541","0.2931806147098541","0.27703291177749634","0.27703291177749634","0.27703291177749634","0.37501606345176697","0.37501606345176697","0.37501606345176697","0.508194088935852","0.508194088935852","0.508194088935852","0.8478419780731201","0.8478419780731201","0.8478419780731201","1.1755719184875488","1.1755719184875488","1.1755719184875488"
"153","NaN","","","2.3025851249694824","2.3025851249694824","2.3025851249694824","2.4249558448791504","2.4249558448791504","2.4249558448791504","1.5168851613998413","1.5168851613998413","1.5168851613998413","0.6785156726837158","0.6785156726837158","0.6785156726837158","0.007117294240742922","0.007117294240742922","0.007117294240742922","0.029541559517383575","0.029541559517383575","0.029541559517383575","0.02193114161491394","0.02193114161491394","0.02193114161491394","0.23590627312660217","0.23590627312660217","0.23590627312660217","0.4668809175491333","0.4668809175491333","0.4668809175491333","0.9825326204299927","0.9825326204299927","0.9825326204299927","NaN","","","2.3025851249694824","2.3025851249694824","2.3025851249694824","2.2453970909118652","2.2453970909118652","2.2453970909118652","1.5371193885803223","1.5371193885803223","1.5371193885803223","0.6260422468185425","0.6260422468185425","0.6260422468185425","0.21392984688282013","0.21392984688282013","0.21392984688282013","0.05928211286664009","0.05928211286664009","0.05928211286664009","0.09499888122081757","0.09499888122081757","0.09499888122081757","0.24060896039009094","0.24060896039009094","0.24060896039009094","0.6497665643692017","0.6497665643692017","0.6497665643692017","1.087772250175476","1.087772250175476","1.087772250175476","2.3025851249694824","2.3025851249694824","2.3025851249694824","2.3025851249694824","2.3025851249694824","2.3025851249694824","2.2161879539489746","2.2161879539489746","2.2161879539489746","1.5920474529266357","1.5920474529266357","1.5920474529266357","0.9140580296516418","0.9140580296516418","0.9140580296516418","0.4255085587501526","0.4255085587501526","0.4255085587501526","0.05234474688768387","0.05234474688768387","0.05234474688768387","0.32228028774261475","0.32228028774261475","0.32228028774261475","0.40786969661712646","0.40786969661712646","0.40786969661712646","0.6187503933906555","0.6187503933906555","0.6187503933906555","1.2331490516662598","1.2331490516662598","1.2331490516662598","2.3025851249694824","2.3025851249694824","2.3025851249694824","2.3025851249694824","2.3025851249694824","2.3025851249694824","2.187260150909424","2.187260150909424","2.187260150909424","1.7043702602386475","1.7043702602386475","1.7043702602386475","0.6753185987472534","0.6753185987472534","0.6753185987472534","0.5376797914505005","0.5376797914505005","0.5376797914505005","0.46571412682533264","0.46571412682533264","0.46571412682533264","0.51678866147995","0.51678866147995","0.51678866147995","0.7276365160942078","0.7276365160942078","0.7276365160942078","0.7483274936676025","0.7483274936676025","0.7483274936676025","1.221458911895752","1.221458911895752","1.221458911895752"
"154","NaN","","","2.3025851249694824","2.3025851249694824","2.3025851249694824","2.3285229206085205","2.3285229206085205","2.3285229206085205","1.1768826246261597","1.1768826246261597","1.1768826246261597","0.6242531538009644","0.6242531538009644","0.6242531538009644","0.048262983560562134","0.048262983560562134","0.048262983560562134","0.031217224895954132","0.031217224895954132","0.031217224895954132","0.07090311497449875","0.07090311497449875","0.07090311497449875","0.19937753677368164","0.19937753677368164","0.19937753677368164","0.4288513660430908","0.4288513660430908","0.4288513660430908","0.8381608128547668","0.8381608128547668","0.8381608128547668","NaN","","","2.3025851249694824","2.3025851249694824","2.3025851249694824","2.207031488418579","2.207031488418579","2.207031488418579","1.611367106437683","1.611367106437683","1.611367106437683","0.7042274475097656","0.7042274475097656","0.7042274475097656","0.10251010954380035","0.10251010954380035","0.10251010954380035","0.10261530429124832","0.10261530429124832","0.10261530429124832","0.16449730098247528","0.16449730098247528","0.16449730098247528","0.38014358282089233","0.38014358282089233","0.38014358282089233","0.49143606424331665","0.49143606424331665","0.49143606424331665","1.0533814430236816","1.0533814430236816","1.0533814430236816","2.3025851249694824","2.3025851249694824","2.3025851249694824","2.3025851249694824","2.3025851249694824","2.3025851249694824","2.376108407974243","2.376108407974243","2.376108407974243","1.5577912330627441","1.5577912330627441","1.5577912330627441","0.6970214247703552","0.6970214247703552","0.6970214247703552","0.22314268350601196","0.22314268350601196","0.22314268350601196","0.15069371461868286","0.15069371461868286","0.15069371461868286","0.20853999257087708","0.20853999257087708","0.20853999257087708","0.4937129020690918","0.4937129020690918","0.4937129020690918","0.6651484966278076","0.6651484966278076","0.6651484966278076","1.1092568635940552","1.1092568635940552","1.1092568635940552","2.3025851249694824","2.3025851249694824","2.3025851249694824","2.3025851249694824","2.3025851249694824","2.3025851249694824","2.199307680130005","2.199307680130005","2.199307680130005","1.5439801216125488","1.5439801216125488","1.5439801216125488","0.5617759227752686","0.5617759227752686","0.5617759227752686","0.3408218026161194","0.3408218026161194","0.3408218026161194","0.40184468030929565","0.40184468030929565","0.40184468030929565","0.4413456320762634","0.4413456320762634","0.4413456320762634","0.7517337203025818","0.7517337203025818","0.7517337203025818","0.9274861812591553","0.9274861812591553","0.9274861812591553","1.1556849479675293","1.1556849479675293","1.1556849479675293"
"155","NaN","","","2.3025851249694824","2.3025851249694824","2.3025851249694824","2.2733592987060547","2.2733592987060547","2.2733592987060547","1.3034521341323853","1.3034521341323853","1.3034521341323853","0.7128000855445862","0.7128000855445862","0.7128000855445862","0.04052794724702835","0.04052794724702835","0.04052794724702835","0.018476881086826324","0.018476881086826324","0.018476881086826324","0.06434737145900726","0.06434737145900726","0.06434737145900726","0.11814802885055542","0.11814802885055542","0.11814802885055542","0.4105076193809509","0.4105076193809509","0.4105076193809509","0.7534245252609253","0.7534245252609253","0.7534245252609253","NaN","","","2.3025851249694824","2.3025851249694824","2.3025851249694824","2.2037312984466553","2.2037312984466553","2.2037312984466553","1.6564724445343018","1.6564724445343018","1.6564724445343018","0.5640960335731506","0.5640960335731506","0.5640960335731506","0.25861111283302307","0.25861111283302307","0.25861111283302307","0.04324936866760254","0.04324936866760254","0.04324936866760254","0.0700768530368805","0.0700768530368805","0.0700768530368805","0.24559934437274933","0.24559934437274933","0.24559934437274933","0.6642800569534302","0.6642800569534302","0.6642800569534302","1.0119035243988037","1.0119035243988037","1.0119035243988037","2.3025851249694824","2.3025851249694824","2.3025851249694824","2.3025851249694824","2.3025851249694824","2.3025851249694824","2.2255401611328125","2.2255401611328125","2.2255401611328125","1.586444616317749","1.586444616317749","1.586444616317749","0.6162129044532776","0.6162129044532776","0.6162129044532776","0.2907356917858124","0.2907356917858124","0.2907356917858124","0.12569597363471985","0.12569597363471985","0.12569597363471985","0.1941342055797577","0.1941342055797577","0.1941342055797577","0.5965495109558105","0.5965495109558105","0.5965495109558105","0.7444320917129517","0.7444320917129517","0.7444320917129517","0.9941447377204895","0.9941447377204895","0.9941447377204895","2.3025851249694824","2.3025851249694824","2.3025851249694824","2.3025851249694824","2.3025851249694824","2.3025851249694824","2.1305766105651855","2.1305766105651855","2.1305766105651855","1.4823107719421387","1.4823107719421387","1.4823107719421387","0.9639114141464233","0.9639114141464233","0.9639114141464233","0.44649839401245117","0.44649839401245117","0.44649839401245117","0.578974723815918","0.578974723815918","0.578974723815918","0.3782990574836731","0.3782990574836731","0.3782990574836731","0.45597463846206665","0.45597463846206665","0.45597463846206665","1.1724302768707275","1.1724302768707275","1.1724302768707275","1.2811555862426758","1.2811555862426758","1.2811555862426758"
"156","NaN","","","2.3025851249694824","2.3025851249694824","2.3025851249694824","2.3311550617218018","2.3311550617218018","2.3311550617218018","1.0254875421524048","1.0254875421524048","1.0254875421524048","0.538857102394104","0.538857102394104","0.538857102394104","0.03909210488200188","0.03909210488200188","0.03909210488200188","0.018888957798480988","0.018888957798480988","0.018888957798480988","0.036238037049770355","0.036238037049770355","0.036238037049770355","0.061089787632226944","0.061089787632226944","0.061089787632226944","0.44352471828460693","0.44352471828460693","0.44352471828460693","0.8901267051696777","0.8901267051696777","0.8901267051696777","NaN","","","2.3025851249694824","2.3025851249694824","2.3025851249694824","2.1518497467041016","2.1518497467041016","2.1518497467041016","1.4810748100280762","1.4810748100280762","1.4810748100280762","0.5784317851066589","0.5784317851066589","0.5784317851066589","0.0487351194024086","0.0487351194024086","0.0487351194024086","0.04294151812791824","0.04294151812791824","0.04294151812791824","0.07673102617263794","0.07673102617263794","0.07673102617263794","0.3161420524120331","0.3161420524120331","0.3161420524120331","0.4604377746582031","0.4604377746582031","0.4604377746582031","0.967015266418457","0.967015266418457","0.967015266418457","2.3025851249694824","2.3025851249694824","2.3025851249694824","2.3025851249694824","2.3025851249694824","2.3025851249694824","2.2758283615112305","2.2758283615112305","2.2758283615112305","1.3188215494155884","1.3188215494155884","1.3188215494155884","0.6070972084999084","0.6070972084999084","0.6070972084999084","0.35109397768974304","0.35109397768974304","0.35109397768974304","0.1787414848804474","0.1787414848804474","0.1787414848804474","0.3060583770275116","0.3060583770275116","0.3060583770275116","0.5503749847412109","0.5503749847412109","0.5503749847412109","0.633453369140625","0.633453369140625","0.633453369140625","1.059029221534729","1.059029221534729","1.059029221534729","2.3025851249694824","2.3025851249694824","2.3025851249694824","2.3025851249694824","2.3025851249694824","2.3025851249694824","2.120198965072632","2.120198965072632","2.120198965072632","1.722376823425293","1.722376823425293","1.722376823425293","0.7569839358329773","0.7569839358329773","0.7569839358329773","0.634900689125061","0.634900689125061","0.634900689125061","0.7850522994995117","0.7850522994995117","0.7850522994995117","0.576459527015686","0.576459527015686","0.576459527015686","0.5425370335578918","0.5425370335578918","0.5425370335578918","0.9494009017944336","0.9494009017944336","0.9494009017944336","1.161638617515564","1.161638617515564","1.161638617515564"
"157","NaN","","","2.3025851249694824","2.3025851249694824","2.3025851249694824","2.3113698959350586","2.3113698959350586","2.3113698959350586","1.0750739574432373","1.0750739574432373","1.0750739574432373","0.5145137310028076","0.5145137310028076","0.5145137310028076","0.10166323930025101","0.10166323930025101","0.10166323930025101","0.005077731795608997","0.005077731795608997","0.005077731795608997","0.024647485464811325","0.024647485464811325","0.024647485464811325","0.1385151743888855","0.1385151743888855","0.1385151743888855","0.41182005405426025","0.41182005405426025","0.41182005405426025","0.858315646648407","0.858315646648407","0.858315646648407","NaN","","","2.3025851249694824","2.3025851249694824","2.3025851249694824","2.2238681316375732","2.2238681316375732","2.2238681316375732","1.7491261959075928","1.7491261959075928","1.7491261959075928","0.6704583168029785","0.6704583168029785","0.6704583168029785","0.05851157754659653","0.05851157754659653","0.05851157754659653","0.024257756769657135","0.024257756769657135","0.024257756769657135","0.04281144589185715","0.04281144589185715","0.04281144589185715","0.3970072865486145","0.3970072865486145","0.3970072865486145","0.42367663979530334","0.42367663979530334","0.42367663979530334","0.9247186183929443","0.9247186183929443","0.9247186183929443","2.3025851249694824","2.3025851249694824","2.3025851249694824","2.3025851249694824","2.3025851249694824","2.3025851249694824","2.186068534851074","2.186068534851074","2.186068534851074","1.7305978536605835","1.7305978536605835","1.7305978536605835","0.5807890295982361","0.5807890295982361","0.5807890295982361","0.3718910813331604","0.3718910813331604","0.3718910813331604","0.21782544255256653","0.21782544255256653","0.21782544255256653","0.26937806606292725","0.26937806606292725","0.26937806606292725","0.5201228857040405","0.5201228857040405","0.5201228857040405","0.8086135983467102","0.8086135983467102","0.8086135983467102","1.03324556350708","1.03324556350708","1.03324556350708","2.3025851249694824","2.3025851249694824","2.3025851249694824","2.3025851249694824","2.3025851249694824","2.3025851249694824","2.2269444465637207","2.2269444465637207","2.2269444465637207","1.601893424987793","1.601893424987793","1.601893424987793","0.8997129201889038","0.8997129201889038","0.8997129201889038","0.46043771505355835","0.46043771505355835","0.46043771505355835","0.4652884304523468","0.4652884304523468","0.4652884304523468","0.6688920855522156","0.6688920855522156","0.6688920855522156","0.629542350769043","0.629542350769043","0.629542350769043","0.9066553115844727","0.9066553115844727","0.9066553115844727","1.2477405071258545","1.2477405071258545","1.2477405071258545"